nama_skill,kategori,freq_industry,freq_academic,industry_norm,academic_norm,skill_gap_score
installation,Hard Skill,20,1788,0.20202020202020202,0.018751376464295828,0.18326882555590618
analyze,Hard Skill,13,1,0.13131313131313133,1.0487347015825407e-05,0.1313026439661155
python,Hard Skill,13,132,0.13131313131313133,0.0013843298060889537,0.12992880150704236
snowflake,Hard Skill,7,5,0.0707070707070707,5.2436735079127034e-05,0.07065463397199158
r,Hard Skill,5,102,0.050505050505050504,0.0010697093956141914,0.049435341109436315
science,Hard Skill,6,1788,0.06060606060606061,0.018751376464295828,0.041854684141764784
tableau,Hard Skill,4,73,0.04040404040404041,0.0007655763321552547,0.039638464071885156
coordination,Soft Skill,5,1788,0.050505050505050504,0.018751376464295828,0.03175367404075467
pyspark,Hard Skill,2,2,0.020202020202020204,2.0974694031650814e-05,0.020181045507988552
google,Hard Skill,2,4,0.020202020202020204,4.194938806330163e-05,0.0201600708139569
scala,Hard Skill,2,23,0.020202020202020204,0.00024120898136398435,0.01996081122065622
postgresql,Hard Skill,2,31,0.020202020202020204,0.0003251077574905876,0.019876912444529615
c,Hard Skill,2,69,0.020202020202020204,0.000723626944091953,0.019478393257928252
bigquery,Hard Skill,1,1,0.010101010101010102,1.0487347015825407e-05,0.010090522753994276
square,Hard Skill,1,1,0.010101010101010102,1.0487347015825407e-05,0.010090522753994276
reduce,Hard Skill,1,1,0.010101010101010102,1.0487347015825407e-05,0.010090522753994276
j,Hard Skill,1,4,0.010101010101010102,4.194938806330163e-05,0.0100590607129468
apache airflow,Hard Skill,1,6,0.010101010101010102,6.292408209495244e-05,0.010038086018915149
apache spark,Hard Skill,1,23,0.010101010101010102,0.00024120898136398435,0.009859801119646117
microsoft power bi,Hard Skill,1,24,0.010101010101010102,0.00025169632837980976,0.009849313772630292
amazon redshift,Hard Skill,1,27,0.010101010101010102,0.000283158369427286,0.009817851731582816
mongodb,Hard Skill,1,27,0.010101010101010102,0.000283158369427286,0.009817851731582816
docker,Hard Skill,1,28,0.010101010101010102,0.00029364571644311136,0.00980736438456699
nosql,Hard Skill,1,30,0.010101010101010102,0.0003146204104747622,0.00978638969053534
sas,Hard Skill,1,119,0.010101010101010102,0.0012479942948832234,0.00885301580612688
monitoring,Soft Skill,2,1788,0.020202020202020204,0.018751376464295828,0.001450643737724376
zylab zyimage,Hard Skill,0,1,0.0,1.0487347015825407e-05,-1.0487347015825407e-05
zynaddsubfx,Hard Skill,0,1,0.0,1.0487347015825407e-05,-1.0487347015825407e-05
1099 prossoftware,Hard Skill,0,1,0.0,1.0487347015825407e-05,-1.0487347015825407e-05
pm/2 clinical planner,Hard Skill,0,1,0.0,1.0487347015825407e-05,-1.0487347015825407e-05
pmatlab,Hard Skill,0,1,0.0,1.0487347015825407e-05,-1.0487347015825407e-05
podcasting software,Hard Skill,0,1,0.0,1.0487347015825407e-05,-1.0487347015825407e-05
zoho projects,Hard Skill,0,1,0.0,1.0487347015825407e-05,-1.0487347015825407e-05
abacus data solutions hearware,Hard Skill,0,1,0.0,1.0487347015825407e-05,-1.0487347015825407e-05
abacus data systems abacuslaw,Hard Skill,0,1,0.0,1.0487347015825407e-05,-1.0487347015825407e-05
abacus tax,Hard Skill,0,1,0.0,1.0487347015825407e-05,-1.0487347015825407e-05
abb cpm4metals,Hard Skill,0,1,0.0,1.0487347015825407e-05,-1.0487347015825407e-05
abb microscada pro dms,Hard Skill,0,1,0.0,1.0487347015825407e-05,-1.0487347015825407e-05
abb microscada pro sys,Hard Skill,0,1,0.0,1.0487347015825407e-05,-1.0487347015825407e-05
abb optimize it predict & control,Hard Skill,0,1,0.0,1.0487347015825407e-05,-1.0487347015825407e-05
abb production planning,Hard Skill,0,1,0.0,1.0487347015825407e-05,-1.0487347015825407e-05
xy soft sheet cutting suite,Hard Skill,0,1,0.0,1.0487347015825407e-05,-1.0487347015825407e-05
xythos enterprise document management suite,Hard Skill,0,1,0.0,1.0487347015825407e-05,-1.0487347015825407e-05
"yardi systems yardi voyager condo, co-op, and hoa",Hard Skill,0,1,0.0,1.0487347015825407e-05,-1.0487347015825407e-05
yardi systems yardi voyager residential,Hard Skill,0,1,0.0,1.0487347015825407e-05,-1.0487347015825407e-05
yet another scientific artificial reality application yasara software,Hard Skill,0,1,0.0,1.0487347015825407e-05,-1.0487347015825407e-05
yield management systems,Hard Skill,0,1,0.0,1.0487347015825407e-05,-1.0487347015825407e-05
yieldwerx,Hard Skill,0,1,0.0,1.0487347015825407e-05,-1.0487347015825407e-05
yocum & mckee the complete aap,Hard Skill,0,1,0.0,1.0487347015825407e-05,-1.0487347015825407e-05
abbott informatics starlims:lims,Hard Skill,0,1,0.0,1.0487347015825407e-05,-1.0487347015825407e-05
abbottsoft quickfix,Hard Skill,0,1,0.0,1.0487347015825407e-05,-1.0487347015825407e-05
abc programming language,Hard Skill,0,1,0.0,1.0487347015825407e-05,-1.0487347015825407e-05
abelsoft abeldent,Hard Skill,0,1,0.0,1.0487347015825407e-05,-1.0487347015825407e-05
abilis coris offender management system,Hard Skill,0,1,0.0,1.0487347015825407e-05,-1.0487347015825407e-05
ability photopaint,Hard Skill,0,1,0.0,1.0487347015825407e-05,-1.0487347015825407e-05
abol manifest systems,Hard Skill,0,1,0.0,1.0487347015825407e-05,-1.0487347015825407e-05
abraxas energy consulting metrix,Hard Skill,0,1,0.0,1.0487347015825407e-05,-1.0487347015825407e-05
absorption process simulation software,Hard Skill,0,1,0.0,1.0487347015825407e-05,-1.0487347015825407e-05
abstraction plus reference plus synthesis a++,Hard Skill,0,1,0.0,1.0487347015825407e-05,-1.0487347015825407e-05
acaclone pdraw32,Hard Skill,0,1,0.0,1.0487347015825407e-05,-1.0487347015825407e-05
a&d technology itest,Hard Skill,0,1,0.0,1.0487347015825407e-05,-1.0487347015825407e-05
a-t solutions easy street draw,Hard Skill,0,1,0.0,1.0487347015825407e-05,-1.0487347015825407e-05
a1-law,Hard Skill,0,1,0.0,1.0487347015825407e-05,-1.0487347015825407e-05
aabach graphic systems digra,Hard Skill,0,1,0.0,1.0487347015825407e-05,-1.0487347015825407e-05
aasofttech web organization chart,Hard Skill,0,1,0.0,1.0487347015825407e-05,-1.0487347015825407e-05
acarda callassist,Hard Skill,0,1,0.0,1.0487347015825407e-05,-1.0487347015825407e-05
acarda forbiddencalls,Hard Skill,0,1,0.0,1.0487347015825407e-05,-1.0487347015825407e-05
acarda sales technologies acarda outbound,Hard Skill,0,1,0.0,1.0487347015825407e-05,-1.0487347015825407e-05
acastat software,Hard Skill,0,1,0.0,1.0487347015825407e-05,-1.0487347015825407e-05
acca manual j,Hard Skill,0,1,0.0,1.0487347015825407e-05,-1.0487347015825407e-05
accela kiva dms,Hard Skill,0,1,0.0,1.0487347015825407e-05,-1.0487347015825407e-05
accela permits plus,Hard Skill,0,1,0.0,1.0487347015825407e-05,-1.0487347015825407e-05
accela tidemark advantage,Hard Skill,0,1,0.0,1.0487347015825407e-05,-1.0487347015825407e-05
accelerated life testing software,Hard Skill,0,1,0.0,1.0487347015825407e-05,-1.0487347015825407e-05
accelrys decipher,Hard Skill,0,1,0.0,1.0487347015825407e-05,-1.0487347015825407e-05
accelrys felix,Hard Skill,0,1,0.0,1.0487347015825407e-05,-1.0487347015825407e-05
accelrys insight ii,Hard Skill,0,1,0.0,1.0487347015825407e-05,-1.0487347015825407e-05
accelrys materials studio,Hard Skill,0,1,0.0,1.0487347015825407e-05,-1.0487347015825407e-05
abb psguard,Hard Skill,0,1,0.0,1.0487347015825407e-05,-1.0487347015825407e-05
abb robotstudio,Hard Skill,0,1,0.0,1.0487347015825407e-05,-1.0487347015825407e-05
abbott,Hard Skill,0,1,0.0,1.0487347015825407e-05,-1.0487347015825407e-05
xnat,Hard Skill,0,1,0.0,1.0487347015825407e-05,-1.0487347015825407e-05
xperts iep.online,Hard Skill,0,1,0.0,1.0487347015825407e-05,-1.0487347015825407e-05
xplanner,Hard Skill,0,1,0.0,1.0487347015825407e-05,-1.0487347015825407e-05
xquery,Hard Skill,0,1,0.0,1.0487347015825407e-05,-1.0487347015825407e-05
xt software energyxt,Hard Skill,0,1,0.0,1.0487347015825407e-05,-1.0487347015825407e-05
xv,Hard Skill,0,1,0.0,1.0487347015825407e-05,-1.0487347015825407e-05
accelrys pipeline pilot,Hard Skill,0,1,0.0,1.0487347015825407e-05,-1.0487347015825407e-05
accelrys qaunta,Hard Skill,0,1,0.0,1.0487347015825407e-05,-1.0487347015825407e-05
acclaim legal acclaim depomanage,Hard Skill,0,1,0.0,1.0487347015825407e-05,-1.0487347015825407e-05
accountants templates jazz-it!,Hard Skill,0,1,0.0,1.0487347015825407e-05,-1.0487347015825407e-05
accountantsworld payroll relief,Hard Skill,0,1,0.0,1.0487347015825407e-05,-1.0487347015825407e-05
accounting compliance software,Hard Skill,0,1,0.0,1.0487347015825407e-05,-1.0487347015825407e-05
accounting fraud detection software,Hard Skill,0,1,0.0,1.0487347015825407e-05,-1.0487347015825407e-05
accountmate software accountmate,Hard Skill,0,1,0.0,1.0487347015825407e-05,-1.0487347015825407e-05
accounts receivables system software,Hard Skill,0,1,0.0,1.0487347015825407e-05,-1.0487347015825407e-05
academic educational software,Hard Skill,0,1,0.0,1.0487347015825407e-05,-1.0487347015825407e-05
accuweather galileo,Hard Skill,0,1,0.0,1.0487347015825407e-05,-1.0487347015825407e-05
accvision abmis,Hard Skill,0,1,0.0,1.0487347015825407e-05,-1.0487347015825407e-05
ace dental,Hard Skill,0,1,0.0,1.0487347015825407e-05,-1.0487347015825407e-05
acetools.biz ace translator,Hard Skill,0,1,0.0,1.0487347015825407e-05,-1.0487347015825407e-05
aci appraiser's choice,Hard Skill,0,1,0.0,1.0487347015825407e-05,-1.0487347015825407e-05
aci tasktracker,Hard Skill,0,1,0.0,1.0487347015825407e-05,-1.0487347015825407e-05
acl analytics,Hard Skill,0,1,0.0,1.0487347015825407e-05,-1.0487347015825407e-05
acl audit exchange,Hard Skill,0,1,0.0,1.0487347015825407e-05,-1.0487347015825407e-05
xilinx modelsim,Hard Skill,0,1,0.0,1.0487347015825407e-05,-1.0487347015825407e-05
xilinx synthesis technology xst,Hard Skill,0,1,0.0,1.0487347015825407e-05,-1.0487347015825407e-05
xilinx tmrtool,Hard Skill,0,1,0.0,1.0487347015825407e-05,-1.0487347015825407e-05
xitona software voice composer,Hard Skill,0,1,0.0,1.0487347015825407e-05,-1.0487347015825407e-05
xlisp-stat,Hard Skill,0,1,0.0,1.0487347015825407e-05,-1.0487347015825407e-05
xmetal author,Hard Skill,0,1,0.0,1.0487347015825407e-05,-1.0487347015825407e-05
xml authoring software,Hard Skill,0,1,0.0,1.0487347015825407e-05,-1.0487347015825407e-05
xml user interface xui,Hard Skill,0,1,0.0,1.0487347015825407e-05,-1.0487347015825407e-05
acmestudio,Hard Skill,0,1,0.0,1.0487347015825407e-05,-1.0487347015825407e-05
acms casewatch millenium,Hard Skill,0,1,0.0,1.0487347015825407e-05,-1.0487347015825407e-05
acorynsystems activity based costing/management abc/m,Hard Skill,0,1,0.0,1.0487347015825407e-05,-1.0487347015825407e-05
acoustica mixcraft,Hard Skill,0,1,0.0,1.0487347015825407e-05,-1.0487347015825407e-05
acrendo a.i.med,Hard Skill,0,1,0.0,1.0487347015825407e-05,-1.0487347015825407e-05
acrendo medical software family practice emr,Hard Skill,0,1,0.0,1.0487347015825407e-05,-1.0487347015825407e-05
acresso installanywhere,Hard Skill,0,1,0.0,1.0487347015825407e-05,-1.0487347015825407e-05
acs technologies acs financial suite,Hard Skill,0,1,0.0,1.0487347015825407e-05,-1.0487347015825407e-05
act contractors forms,Hard Skill,0,1,0.0,1.0487347015825407e-05,-1.0487347015825407e-05
act discover,Hard Skill,0,1,0.0,1.0487347015825407e-05,-1.0487347015825407e-05
accra med software filopto,Hard Skill,0,1,0.0,1.0487347015825407e-05,-1.0487347015825407e-05
accucert,Hard Skill,0,1,0.0,1.0487347015825407e-05,-1.0487347015825407e-05
accuity epicware,Hard Skill,0,1,0.0,1.0487347015825407e-05,-1.0487347015825407e-05
acculaw court reporters billing scheduling job management system absms,Hard Skill,0,1,0.0,1.0487347015825407e-05,-1.0487347015825407e-05
accuship star system,Hard Skill,0,1,0.0,1.0487347015825407e-05,-1.0487347015825407e-05
accutech systems corporation accufarm-mgr,Hard Skill,0,1,0.0,1.0487347015825407e-05,-1.0487347015825407e-05
xfig,Hard Skill,0,1,0.0,1.0487347015825407e-05,-1.0487347015825407e-05
xgboost,Hard Skill,0,1,0.0,1.0487347015825407e-05,-1.0487347015825407e-05
xgobi,Hard Skill,0,1,0.0,1.0487347015825407e-05,-1.0487347015825407e-05
xifin,Hard Skill,0,1,0.0,1.0487347015825407e-05,-1.0487347015825407e-05
xilinx integrated software environment ise,Hard Skill,0,1,0.0,1.0487347015825407e-05,-1.0487347015825407e-05
xilinx ise foundation,Hard Skill,0,1,0.0,1.0487347015825407e-05,-1.0487347015825407e-05
act workkeys,Hard Skill,0,1,0.0,1.0487347015825407e-05,-1.0487347015825407e-05
act! act4advisors,Hard Skill,0,1,0.0,1.0487347015825407e-05,-1.0487347015825407e-05
act-3d quest3d,Hard Skill,0,1,0.0,1.0487347015825407e-05,-1.0487347015825407e-05
actano rplan,Hard Skill,0,1,0.0,1.0487347015825407e-05,-1.0487347015825407e-05
actimize brokerage compliance solutions,Hard Skill,0,1,0.0,1.0487347015825407e-05,-1.0487347015825407e-05
activant solutions activant prophet 21,Hard Skill,0,1,0.0,1.0487347015825407e-05,-1.0487347015825407e-05
active data online webchat,Hard Skill,0,1,0.0,1.0487347015825407e-05,-1.0487347015825407e-05
active network eventregister,Hard Skill,0,1,0.0,1.0487347015825407e-05,-1.0487347015825407e-05
actuarial systems corporation aim,Hard Skill,0,1,0.0,1.0487347015825407e-05,-1.0487347015825407e-05
acl business assurance analytics,Hard Skill,0,1,0.0,1.0487347015825407e-05,-1.0487347015825407e-05
actuarial systems corporation dv direct,Hard Skill,0,1,0.0,1.0487347015825407e-05,-1.0487347015825407e-05
actuate docbook,Hard Skill,0,1,0.0,1.0487347015825407e-05,-1.0487347015825407e-05
actuate eclipse birt,Hard Skill,0,1,0.0,1.0487347015825407e-05,-1.0487347015825407e-05
acupartner professional,Hard Skill,0,1,0.0,1.0487347015825407e-05,-1.0487347015825407e-05
acustaf,Hard Skill,0,1,0.0,1.0487347015825407e-05,-1.0487347015825407e-05
ad opt altitude,Hard Skill,0,1,0.0,1.0487347015825407e-05,-1.0487347015825407e-05
adapt it,Hard Skill,0,1,0.0,1.0487347015825407e-05,-1.0487347015825407e-05
adapt-modeler,Hard Skill,0,1,0.0,1.0487347015825407e-05,-1.0487347015825407e-05
adaptive conjoint analysis aca software,Hard Skill,0,1,0.0,1.0487347015825407e-05,-1.0487347015825407e-05
xara designer pro x,Hard Skill,0,1,0.0,1.0487347015825407e-05,-1.0487347015825407e-05
xata xatanet,Hard Skill,0,1,0.0,1.0487347015825407e-05,-1.0487347015825407e-05
xerces2 java parser,Hard Skill,0,1,0.0,1.0487347015825407e-05,-1.0487347015825407e-05
xerox docushare,Hard Skill,0,1,0.0,1.0487347015825407e-05,-1.0487347015825407e-05
xerox freeflow print server,Hard Skill,0,1,0.0,1.0487347015825407e-05,-1.0487347015825407e-05
xerox government systems firehouse software,Hard Skill,0,1,0.0,1.0487347015825407e-05,-1.0487347015825407e-05
xerox profitquick,Hard Skill,0,1,0.0,1.0487347015825407e-05,-1.0487347015825407e-05
adobe analytics,Hard Skill,0,1,0.0,1.0487347015825407e-05,-1.0487347015825407e-05
adaptive metadata manager,Hard Skill,0,1,0.0,1.0487347015825407e-05,-1.0487347015825407e-05
adaptive optics ao simulation software,Hard Skill,0,1,0.0,1.0487347015825407e-05,-1.0487347015825407e-05
adaptive planning,Hard Skill,0,1,0.0,1.0487347015825407e-05,-1.0487347015825407e-05
adc legal systems perfect practice,Hard Skill,0,1,0.0,1.0487347015825407e-05,-1.0487347015825407e-05
addressing software,Hard Skill,0,1,0.0,1.0487347015825407e-05,-1.0487347015825407e-05
ademero content central,Hard Skill,0,1,0.0,1.0487347015825407e-05,-1.0487347015825407e-05
adept scientific grams,Hard Skill,0,1,0.0,1.0487347015825407e-05,-1.0487347015825407e-05
"aderant expert back office, powered by keystone",Hard Skill,0,1,0.0,1.0487347015825407e-05,-1.0487347015825407e-05
aderant expert matter center,Hard Skill,0,1,0.0,1.0487347015825407e-05,-1.0487347015825407e-05
aderant legal software,Hard Skill,0,1,0.0,1.0487347015825407e-05,-1.0487347015825407e-05
adexa egps suite,Hard Skill,0,1,0.0,1.0487347015825407e-05,-1.0487347015825407e-05
adexa supply chain planning,Hard Skill,0,1,0.0,1.0487347015825407e-05,-1.0487347015825407e-05
actuarial systems corporation compliance testing system,Hard Skill,0,1,0.0,1.0487347015825407e-05,-1.0487347015825407e-05
actuarial systems corporation defined benefit system,Hard Skill,0,1,0.0,1.0487347015825407e-05,-1.0487347015825407e-05
actuarial systems corporation document generation and management system,Hard Skill,0,1,0.0,1.0487347015825407e-05,-1.0487347015825407e-05
wrike,Hard Skill,0,1,0.0,1.0487347015825407e-05,-1.0487347015825407e-05
write brothers dramatica,Hard Skill,0,1,0.0,1.0487347015825407e-05,-1.0487347015825407e-05
writeway pro,Hard Skill,0,1,0.0,1.0487347015825407e-05,-1.0487347015825407e-05
wsi titan,Hard Skill,0,1,0.0,1.0487347015825407e-05,-1.0487347015825407e-05
wsi trueview professional,Hard Skill,0,1,0.0,1.0487347015825407e-05,-1.0487347015825407e-05
wusik wusikstation vsti,Hard Skill,0,1,0.0,1.0487347015825407e-05,-1.0487347015825407e-05
wyndgate technologies eldorado donor,Hard Skill,0,1,0.0,1.0487347015825407e-05,-1.0487347015825407e-05
wyndgate technologies safetrace,Hard Skill,0,1,0.0,1.0487347015825407e-05,-1.0487347015825407e-05
x.25 protocol,Hard Skill,0,1,0.0,1.0487347015825407e-05,-1.0487347015825407e-05
xactly compel,Hard Skill,0,1,0.0,1.0487347015825407e-05,-1.0487347015825407e-05
adinstruments labchart,Hard Skill,0,1,0.0,1.0487347015825407e-05,-1.0487347015825407e-05
adlib express,Hard Skill,0,1,0.0,1.0487347015825407e-05,-1.0487347015825407e-05
adlib information systems adlib archive,Hard Skill,0,1,0.0,1.0487347015825407e-05,-1.0487347015825407e-05
"admissions, discharge, and transfer adt software",Hard Skill,0,1,0.0,1.0487347015825407e-05,-1.0487347015825407e-05
adms pollution modeling software,Hard Skill,0,1,0.0,1.0487347015825407e-05,-1.0487347015825407e-05
adobe acrobat pro extended,Hard Skill,0,1,0.0,1.0487347015825407e-05,-1.0487347015825407e-05
workingartist systems workingartist,Hard Skill,0,1,0.0,1.0487347015825407e-05,-1.0487347015825407e-05
workscape hr service center,Hard Skill,0,1,0.0,1.0487347015825407e-05,-1.0487347015825407e-05
workscape outsourced employee benefits administration,Hard Skill,0,1,0.0,1.0487347015825407e-05,-1.0487347015825407e-05
workschedule.net,Hard Skill,0,1,0.0,1.0487347015825407e-05,-1.0487347015825407e-05
world electronics freedomware,Hard Skill,0,1,0.0,1.0487347015825407e-05,-1.0487347015825407e-05
world health organization healthmapper,Hard Skill,0,1,0.0,1.0487347015825407e-05,-1.0487347015825407e-05
world vector shoreline,Hard Skill,0,1,0.0,1.0487347015825407e-05,-1.0487347015825407e-05
worldapp keysurvey suite,Hard Skill,0,1,0.0,1.0487347015825407e-05,-1.0487347015825407e-05
worldspan go!,Hard Skill,0,1,0.0,1.0487347015825407e-05,-1.0487347015825407e-05
adobe authorware,Hard Skill,0,1,0.0,1.0487347015825407e-05,-1.0487347015825407e-05
adobe connect,Hard Skill,0,1,0.0,1.0487347015825407e-05,-1.0487347015825407e-05
adobe contribute,Hard Skill,0,1,0.0,1.0487347015825407e-05,-1.0487347015825407e-05
adobe elearning suite,Hard Skill,0,1,0.0,1.0487347015825407e-05,-1.0487347015825407e-05
adobe human capital application solution accelerator,Hard Skill,0,1,0.0,1.0487347015825407e-05,-1.0487347015825407e-05
worldwide instructional design system wids,Hard Skill,0,1,0.0,1.0487347015825407e-05,-1.0487347015825407e-05
worthmore software caseworth,Hard Skill,0,1,0.0,1.0487347015825407e-05,-1.0487347015825407e-05
adp/vantra volts,Hard Skill,0,1,0.0,1.0487347015825407e-05,-1.0487347015825407e-05
words+ e z keys for windows,Hard Skill,0,1,0.0,1.0487347015825407e-05,-1.0487347015825407e-05
wordweb,Hard Skill,0,1,0.0,1.0487347015825407e-05,-1.0487347015825407e-05
work inspection software,Hard Skill,0,1,0.0,1.0487347015825407e-05,-1.0487347015825407e-05
work order management software,Hard Skill,0,1,0.0,1.0487347015825407e-05,-1.0487347015825407e-05
work record software,Hard Skill,0,1,0.0,1.0487347015825407e-05,-1.0487347015825407e-05
work time accounting software,Hard Skill,0,1,0.0,1.0487347015825407e-05,-1.0487347015825407e-05
work time tracking software,Hard Skill,0,1,0.0,1.0487347015825407e-05,-1.0487347015825407e-05
workcell simulation software,Hard Skill,0,1,0.0,1.0487347015825407e-05,-1.0487347015825407e-05
workflow international deskflow enterprise,Hard Skill,0,1,0.0,1.0487347015825407e-05,-1.0487347015825407e-05
adobe lifecycle es,Hard Skill,0,1,0.0,1.0487347015825407e-05,-1.0487347015825407e-05
adobe lifecycle production print es3,Hard Skill,0,1,0.0,1.0487347015825407e-05,-1.0487347015825407e-05
adobe persuasion,Hard Skill,0,1,0.0,1.0487347015825407e-05,-1.0487347015825407e-05
adobe photoshop lightroom,Hard Skill,0,1,0.0,1.0487347015825407e-05,-1.0487347015825407e-05
workforce management software,Hard Skill,0,1,0.0,1.0487347015825407e-05,-1.0487347015825407e-05
workforce management system software,Hard Skill,0,1,0.0,1.0487347015825407e-05,-1.0487347015825407e-05
advanced graphics technology procogo,Hard Skill,0,1,0.0,1.0487347015825407e-05,-1.0487347015825407e-05
wizsoft wizrule,Hard Skill,0,1,0.0,1.0487347015825407e-05,-1.0487347015825407e-05
wizsoft wizwhy,Hard Skill,0,1,0.0,1.0487347015825407e-05,-1.0487347015825407e-05
wolfel immi,Hard Skill,0,1,0.0,1.0487347015825407e-05,-1.0487347015825407e-05
woll2woll infopower studio,Hard Skill,0,1,0.0,1.0487347015825407e-05,-1.0487347015825407e-05
wolters kluwer financial services complianceone,Hard Skill,0,1,0.0,1.0487347015825407e-05,-1.0487347015825407e-05
wolters kluwer loislaw,Hard Skill,0,1,0.0,1.0487347015825407e-05,-1.0487347015825407e-05
woodward mototron control solutions motohawk,Hard Skill,0,1,0.0,1.0487347015825407e-05,-1.0487347015825407e-05
woodwing,Hard Skill,0,1,0.0,1.0487347015825407e-05,-1.0487347015825407e-05
word recognition software,Hard Skill,0,1,0.0,1.0487347015825407e-05,-1.0487347015825407e-05
adobe xd,Hard Skill,0,1,0.0,1.0487347015825407e-05,-1.0487347015825407e-05
adp drive dms for accounting,Hard Skill,0,1,0.0,1.0487347015825407e-05,-1.0487347015825407e-05
adp employease,Hard Skill,0,1,0.0,1.0487347015825407e-05,-1.0487347015825407e-05
adp hr/profile,Hard Skill,0,1,0.0,1.0487347015825407e-05,-1.0487347015825407e-05
adp pc/payroll,Hard Skill,0,1,0.0,1.0487347015825407e-05,-1.0487347015825407e-05
adp super report writer,Hard Skill,0,1,0.0,1.0487347015825407e-05,-1.0487347015825407e-05
wintr-55,Hard Skill,0,1,0.0,1.0487347015825407e-05,-1.0487347015825407e-05
wiredred software e/pop basic,Hard Skill,0,1,0.0,1.0487347015825407e-05,-1.0487347015825407e-05
wisconsin physicians service insurance cms secure net access portal c-snap,Hard Skill,0,1,0.0,1.0487347015825407e-05,-1.0487347015825407e-05
wise solutions wise for windows installer,Hard Skill,0,1,0.0,1.0487347015825407e-05,-1.0487347015825407e-05
ads advantage,Hard Skill,0,1,0.0,1.0487347015825407e-05,-1.0487347015825407e-05
adstra systems adstra management,Hard Skill,0,1,0.0,1.0487347015825407e-05,-1.0487347015825407e-05
adtec agency manager,Hard Skill,0,1,0.0,1.0487347015825407e-05,-1.0487347015825407e-05
adtrack customer acquisition management cam,Hard Skill,0,1,0.0,1.0487347015825407e-05,-1.0487347015825407e-05
advance ortho systems program director,Hard Skill,0,1,0.0,1.0487347015825407e-05,-1.0487347015825407e-05
advanced boolean expression language abel,Hard Skill,0,1,0.0,1.0487347015825407e-05,-1.0487347015825407e-05
advanced chemistry development acd/1d nuclear magnetic resonance nmr processor,Hard Skill,0,1,0.0,1.0487347015825407e-05,-1.0487347015825407e-05
advanced chemistry development analytical laboratory,Hard Skill,0,1,0.0,1.0487347015825407e-05,-1.0487347015825407e-05
advanced computer simulation language acsl,Hard Skill,0,1,0.0,1.0487347015825407e-05,-1.0487347015825407e-05
advanced data systems medicsdocassistant for pediatrics,Hard Skill,0,1,0.0,1.0487347015825407e-05,-1.0487347015825407e-05
advanced data systems medicsris,Hard Skill,0,1,0.0,1.0487347015825407e-05,-1.0487347015825407e-05
advanced dimensional management 3d-gd&t,Hard Skill,0,1,0.0,1.0487347015825407e-05,-1.0487347015825407e-05
advanced numerical software,Hard Skill,0,1,0.0,1.0487347015825407e-05,-1.0487347015825407e-05
advanced processing and imaging optiview ecm,Hard Skill,0,1,0.0,1.0487347015825407e-05,-1.0487347015825407e-05
advanced technologies and oceanic procedures atop,Hard Skill,0,1,0.0,1.0487347015825407e-05,-1.0487347015825407e-05
advanced veterinary services ranch vision,Hard Skill,0,1,0.0,1.0487347015825407e-05,-1.0487347015825407e-05
advanced visual systems avs/express,Hard Skill,0,1,0.0,1.0487347015825407e-05,-1.0487347015825407e-05
advantage information systems the agency advantage,Hard Skill,0,1,0.0,1.0487347015825407e-05,-1.0487347015825407e-05
advantage signature marketing group web master,Hard Skill,0,1,0.0,1.0487347015825407e-05,-1.0487347015825407e-05
advantage software chiropractic advantage,Hard Skill,0,1,0.0,1.0487347015825407e-05,-1.0487347015825407e-05
advantage software physical therapy advantage,Hard Skill,0,1,0.0,1.0487347015825407e-05,-1.0487347015825407e-05
wingridds,Hard Skill,0,1,0.0,1.0487347015825407e-05,-1.0487347015825407e-05
winmerge,Hard Skill,0,1,0.0,1.0487347015825407e-05,-1.0487347015825407e-05
winners programs birdstud,Hard Skill,0,1,0.0,1.0487347015825407e-05,-1.0487347015825407e-05
winners programs uni-stud,Hard Skill,0,1,0.0,1.0487347015825407e-05,-1.0487347015825407e-05
winocular,Hard Skill,0,1,0.0,1.0487347015825407e-05,-1.0487347015825407e-05
winspice,Hard Skill,0,1,0.0,1.0487347015825407e-05,-1.0487347015825407e-05
winsteps,Hard Skill,0,1,0.0,1.0487347015825407e-05,-1.0487347015825407e-05
age progression software,Hard Skill,0,1,0.0,1.0487347015825407e-05,-1.0487347015825407e-05
advantage software podiatry advantage,Hard Skill,0,1,0.0,1.0487347015825407e-05,-1.0487347015825407e-05
advantage software total eclipse,Hard Skill,0,1,0.0,1.0487347015825407e-05,-1.0487347015825407e-05
advantagelaw winvantage,Hard Skill,0,1,0.0,1.0487347015825407e-05,-1.0487347015825407e-05
advantos systems datatrust enterprise,Hard Skill,0,1,0.0,1.0487347015825407e-05,-1.0487347015825407e-05
advent axys,Hard Skill,0,1,0.0,1.0487347015825407e-05,-1.0487347015825407e-05
adviceamerica advisorvision,Hard Skill,0,1,0.0,1.0487347015825407e-05,-1.0487347015825407e-05
advisory world ice,Hard Skill,0,1,0.0,1.0487347015825407e-05,-1.0487347015825407e-05
"adxstudio, for microsoft",Hard Skill,0,1,0.0,1.0487347015825407e-05,-1.0487347015825407e-05
aec design group cadpipe,Hard Skill,0,1,0.0,1.0487347015825407e-05,-1.0487347015825407e-05
aemc dataview,Hard Skill,0,1,0.0,1.0487347015825407e-05,-1.0487347015825407e-05
aerohydro multisurf,Hard Skill,0,1,0.0,1.0487347015825407e-05,-1.0487347015825407e-05
aeronet calculator,Hard Skill,0,1,0.0,1.0487347015825407e-05,-1.0487347015825407e-05
advanced logic technology wellcad,Hard Skill,0,1,0.0,1.0487347015825407e-05,-1.0487347015825407e-05
advanced management systems software for wineries,Hard Skill,0,1,0.0,1.0487347015825407e-05,-1.0487347015825407e-05
advanced micro systems 1099-etc,Hard Skill,0,1,0.0,1.0487347015825407e-05,-1.0487347015825407e-05
windows media player,Hard Skill,0,1,0.0,1.0487347015825407e-05,-1.0487347015825407e-05
windows media services,Hard Skill,0,1,0.0,1.0487347015825407e-05,-1.0487347015825407e-05
windsim,Hard Skill,0,1,0.0,1.0487347015825407e-05,-1.0487347015825407e-05
windward software windward system five,Hard Skill,0,1,0.0,1.0487347015825407e-05,-1.0487347015825407e-05
windward technologies grg2,Hard Skill,0,1,0.0,1.0487347015825407e-05,-1.0487347015825407e-05
winepic,Hard Skill,0,1,0.0,1.0487347015825407e-05,-1.0487347015825407e-05
aerotriangulation adjustment software,Hard Skill,0,1,0.0,1.0487347015825407e-05,-1.0487347015825407e-05
aes mailstar,Hard Skill,0,1,0.0,1.0487347015825407e-05,-1.0487347015825407e-05
aesdirect,Hard Skill,0,1,0.0,1.0487347015825407e-05,-1.0487347015825407e-05
aestiva employee time clock,Hard Skill,0,1,0.0,1.0487347015825407e-05,-1.0487347015825407e-05
afcom datasafe computer services flexibake,Hard Skill,0,1,0.0,1.0487347015825407e-05,-1.0487347015825407e-05
afexdirect,Hard Skill,0,1,0.0,1.0487347015825407e-05,-1.0487347015825407e-05
ag connections land.db,Hard Skill,0,1,0.0,1.0487347015825407e-05,-1.0487347015825407e-05
agco advanced technology solutions fieldstar,Hard Skill,0,1,0.0,1.0487347015825407e-05,-1.0487347015825407e-05
agco gta software suite,Hard Skill,0,1,0.0,1.0487347015825407e-05,-1.0487347015825407e-05
agdata blue skies accounting,Hard Skill,0,1,0.0,1.0487347015825407e-05,-1.0487347015825407e-05
agency management software,Hard Skill,0,1,0.0,1.0487347015825407e-05,-1.0487347015825407e-05
agency management systems ams 360,Hard Skill,0,1,0.0,1.0487347015825407e-05,-1.0487347015825407e-05
agency master,Hard Skill,0,1,0.0,1.0487347015825407e-05,-1.0487347015825407e-05
agency software agencypro,Hard Skill,0,1,0.0,1.0487347015825407e-05,-1.0487347015825407e-05
agencypro,Hard Skill,0,1,0.0,1.0487347015825407e-05,-1.0487347015825407e-05
agent business builder,Hard Skill,0,1,0.0,1.0487347015825407e-05,-1.0487347015825407e-05
agevo farm manager,Hard Skill,0,1,0.0,1.0487347015825407e-05,-1.0487347015825407e-05
agilent advanced design system ads,Hard Skill,0,1,0.0,1.0487347015825407e-05,-1.0487347015825407e-05
agilent cgh analytics,Hard Skill,0,1,0.0,1.0487347015825407e-05,-1.0487347015825407e-05
agileview software smartview,Hard Skill,0,1,0.0,1.0487347015825407e-05,-1.0487347015825407e-05
agiliance compliance manager,Hard Skill,0,1,0.0,1.0487347015825407e-05,-1.0487347015825407e-05
aginfolink meat inventory tracking system mits,Hard Skill,0,1,0.0,1.0487347015825407e-05,-1.0487347015825407e-05
wind river systems c/c++ compiler suite,Hard Skill,0,1,0.0,1.0487347015825407e-05,-1.0487347015825407e-05
windent oms,Hard Skill,0,1,0.0,1.0487347015825407e-05,-1.0487347015825407e-05
windent sql,Hard Skill,0,1,0.0,1.0487347015825407e-05,-1.0487347015825407e-05
windowbook postal package partner,Hard Skill,0,1,0.0,1.0487347015825407e-05,-1.0487347015825407e-05
winchester ammunition ballistics calculator,Hard Skill,0,1,0.0,1.0487347015825407e-05,-1.0487347015825407e-05
wincity custom software wincity massage soap notes,Hard Skill,0,1,0.0,1.0487347015825407e-05,-1.0487347015825407e-05
wincross,Hard Skill,0,1,0.0,1.0487347015825407e-05,-1.0487347015825407e-05
agrisoft/cmc agrisoft/erp,Hard Skill,0,1,0.0,1.0487347015825407e-05,-1.0487347015825407e-05
agronomic modeling software,Hard Skill,0,1,0.0,1.0487347015825407e-05,-1.0487347015825407e-05
agterra technologies agtrac,Hard Skill,0,1,0.0,1.0487347015825407e-05,-1.0487347015825407e-05
ahrefs site explorer,Hard Skill,0,1,0.0,1.0487347015825407e-05,-1.0487347015825407e-05
aighd oasis,Hard Skill,0,1,0.0,1.0487347015825407e-05,-1.0487347015825407e-05
aipotu,Hard Skill,0,1,0.0,1.0487347015825407e-05,-1.0487347015825407e-05
aiq systems tradingexpert pro,Hard Skill,0,1,0.0,1.0487347015825407e-05,-1.0487347015825407e-05
air quality modeling software,Hard Skill,0,1,0.0,1.0487347015825407e-05,-1.0487347015825407e-05
air-trak cloudberry,Hard Skill,0,1,0.0,1.0487347015825407e-05,-1.0487347015825407e-05
aircraft noise monitoring system software,Hard Skill,0,1,0.0,1.0487347015825407e-05,-1.0487347015825407e-05
aircraft regulation databases,Hard Skill,0,1,0.0,1.0487347015825407e-05,-1.0487347015825407e-05
airline global distribution systems gds software,Hard Skill,0,1,0.0,1.0487347015825407e-05,-1.0487347015825407e-05
airmagnet enterprise,Hard Skill,0,1,0.0,1.0487347015825407e-05,-1.0487347015825407e-05
alarm management system software,Hard Skill,0,1,0.0,1.0487347015825407e-05,-1.0487347015825407e-05
alarm system software,Hard Skill,0,1,0.0,1.0487347015825407e-05,-1.0487347015825407e-05
alcestis,Hard Skill,0,1,0.0,1.0487347015825407e-05,-1.0487347015825407e-05
aldata warehouse management,Hard Skill,0,1,0.0,1.0487347015825407e-05,-1.0487347015825407e-05
aldus freehand,Hard Skill,0,1,0.0,1.0487347015825407e-05,-1.0487347015825407e-05
alert technologies opscenter,Hard Skill,0,1,0.0,1.0487347015825407e-05,-1.0487347015825407e-05
alerton ascent compass,Hard Skill,0,1,0.0,1.0487347015825407e-05,-1.0487347015825407e-05
alfresco software alfresco,Hard Skill,0,1,0.0,1.0487347015825407e-05,-1.0487347015825407e-05
widisoft widi recognition system,Hard Skill,0,1,0.0,1.0487347015825407e-05,-1.0487347015825407e-05
wilcomp software renweb,Hard Skill,0,1,0.0,1.0487347015825407e-05,-1.0487347015825407e-05
wilcox associates pc-dmis,Hard Skill,0,1,0.0,1.0487347015825407e-05,-1.0487347015825407e-05
wilcox associates pc-dmis inspection planner,Hard Skill,0,1,0.0,1.0487347015825407e-05,-1.0487347015825407e-05
wildland fire assessment system wfas,Hard Skill,0,1,0.0,1.0487347015825407e-05,-1.0487347015825407e-05
wildpackets omnipeek network analyzer,Hard Skill,0,1,0.0,1.0487347015825407e-05,-1.0487347015825407e-05
willoughby associates mimsy xg,Hard Skill,0,1,0.0,1.0487347015825407e-05,-1.0487347015825407e-05
wilson's computer applications realeasy photos plus,Hard Skill,0,1,0.0,1.0487347015825407e-05,-1.0487347015825407e-05
algae,Hard Skill,0,1,0.0,1.0487347015825407e-05,-1.0487347015825407e-05
algolab raster to vector conversion toolkit,Hard Skill,0,1,0.0,1.0487347015825407e-05,-1.0487347015825407e-05
algorithm compu-ceph,Hard Skill,0,1,0.0,1.0487347015825407e-05,-1.0487347015825407e-05
algorithmic software,Hard Skill,0,1,0.0,1.0487347015825407e-05,-1.0487347015825407e-05
alias wavefront design studio,Hard Skill,0,1,0.0,1.0487347015825407e-05,-1.0487347015825407e-05
alibre design,Hard Skill,0,1,0.0,1.0487347015825407e-05,-1.0487347015825407e-05
aline grc,Hard Skill,0,1,0.0,1.0487347015825407e-05,-1.0487347015825407e-05
aljex inventory,Hard Skill,0,1,0.0,1.0487347015825407e-05,-1.0487347015825407e-05
alk technologies fleetsuite,Hard Skill,0,1,0.0,1.0487347015825407e-05,-1.0487347015825407e-05
allegro landmark,Hard Skill,0,1,0.0,1.0487347015825407e-05,-1.0487347015825407e-05
allen bradley panelview,Hard Skill,0,1,0.0,1.0487347015825407e-05,-1.0487347015825407e-05
allergenic diet software,Hard Skill,0,1,0.0,1.0487347015825407e-05,-1.0487347015825407e-05
alliance automotive shop controller,Hard Skill,0,1,0.0,1.0487347015825407e-05,-1.0487347015825407e-05
airmaster+,Hard Skill,0,1,0.0,1.0487347015825407e-05,-1.0487347015825407e-05
aknaf advantage salon software and spa software,Hard Skill,0,1,0.0,1.0487347015825407e-05,-1.0487347015825407e-05
alara crystalview,Hard Skill,0,1,0.0,1.0487347015825407e-05,-1.0487347015825407e-05
whizlabs,Hard Skill,0,1,0.0,1.0487347015825407e-05,-1.0487347015825407e-05
whonet,Hard Skill,0,1,0.0,1.0487347015825407e-05,-1.0487347015825407e-05
wicam pn4000,Hard Skill,0,1,0.0,1.0487347015825407e-05,-1.0487347015825407e-05
wide area monitoring system wams software,Hard Skill,0,1,0.0,1.0487347015825407e-05,-1.0487347015825407e-05
wide area network wan optimization software,Hard Skill,0,1,0.0,1.0487347015825407e-05,-1.0487347015825407e-05
wide area remote control system software,Hard Skill,0,1,0.0,1.0487347015825407e-05,-1.0487347015825407e-05
wide area workflow wawf system,Hard Skill,0,1,0.0,1.0487347015825407e-05,-1.0487347015825407e-05
allied financial software act4advisors,Hard Skill,0,1,0.0,1.0487347015825407e-05,-1.0487347015825407e-05
allnetic working time tracker,Hard Skill,0,1,0.0,1.0487347015825407e-05,-1.0487347015825407e-05
allscripts canopy,Hard Skill,0,1,0.0,1.0487347015825407e-05,-1.0487347015825407e-05
allscripts payerpath,Hard Skill,0,1,0.0,1.0487347015825407e-05,-1.0487347015825407e-05
allstar software systems kofax,Hard Skill,0,1,0.0,1.0487347015825407e-05,-1.0487347015825407e-05
almaris e-learning systems financial accounting tutor,Hard Skill,0,1,0.0,1.0487347015825407e-05,-1.0487347015825407e-05
alpha four,Hard Skill,0,1,0.0,1.0487347015825407e-05,-1.0487347015825407e-05
alphadent,Hard Skill,0,1,0.0,1.0487347015825407e-05,-1.0487347015825407e-05
alstom esarad,Hard Skill,0,1,0.0,1.0487347015825407e-05,-1.0487347015825407e-05
alstom esatan,Hard Skill,0,1,0.0,1.0487347015825407e-05,-1.0487347015825407e-05
altair engineering motionsolve,Hard Skill,0,1,0.0,1.0487347015825407e-05,-1.0487347015825407e-05
altapoint data systems altapoint dental,Hard Skill,0,1,0.0,1.0487347015825407e-05,-1.0487347015825407e-05
altapoint data systems altapoint vision,Hard Skill,0,1,0.0,1.0487347015825407e-05,-1.0487347015825407e-05
alteer premiere,Hard Skill,0,1,0.0,1.0487347015825407e-05,-1.0487347015825407e-05
altera hardware description language ahdl,Hard Skill,0,1,0.0,1.0487347015825407e-05,-1.0487347015825407e-05
altera max,Hard Skill,0,1,0.0,1.0487347015825407e-05,-1.0487347015825407e-05
altium designer,Hard Skill,0,1,0.0,1.0487347015825407e-05,-1.0487347015825407e-05
alua software paddock pro,Hard Skill,0,1,0.0,1.0487347015825407e-05,-1.0487347015825407e-05
amadeus altea reservation,Hard Skill,0,1,0.0,1.0487347015825407e-05,-1.0487347015825407e-05
amadeus crs,Hard Skill,0,1,0.0,1.0487347015825407e-05,-1.0487347015825407e-05
whatsapp,Hard Skill,0,1,0.0,1.0487347015825407e-05,-1.0487347015825407e-05
whe term-pak,Hard Skill,0,1,0.0,1.0487347015825407e-05,-1.0487347015825407e-05
wheatworks real estate calculator suite,Hard Skill,0,1,0.0,1.0487347015825407e-05,-1.0487347015825407e-05
wheelshop automation.com wheel shop management suite,Hard Skill,0,1,0.0,1.0487347015825407e-05,-1.0487347015825407e-05
white clarke north america credit adjudication and lending management,Hard Skill,0,1,0.0,1.0487347015825407e-05,-1.0487347015825407e-05
webpack,Hard Skill,0,1,0.0,1.0487347015825407e-05,-1.0487347015825407e-05
webpathlab,Hard Skill,0,1,0.0,1.0487347015825407e-05,-1.0487347015825407e-05
website creation software,Hard Skill,0,1,0.0,1.0487347015825407e-05,-1.0487347015825407e-05
website management software,Hard Skill,0,1,0.0,1.0487347015825407e-05,-1.0487347015825407e-05
well flow dynamics wellflow,Hard Skill,0,1,0.0,1.0487347015825407e-05,-1.0487347015825407e-05
well logging software,Hard Skill,0,1,0.0,1.0487347015825407e-05,-1.0487347015825407e-05
westbrook fortis,Hard Skill,0,1,0.0,1.0487347015825407e-05,-1.0487347015825407e-05
western engravers supply vision expert,Hard Skill,0,1,0.0,1.0487347015825407e-05,-1.0487347015825407e-05
wh software instacode,Hard Skill,0,1,0.0,1.0487347015825407e-05,-1.0487347015825407e-05
wh software masterkey,Hard Skill,0,1,0.0,1.0487347015825407e-05,-1.0487347015825407e-05
amazon elastic container service ecs,Hard Skill,0,1,0.0,1.0487347015825407e-05,-1.0487347015825407e-05
amazon web services elastic mapreduce (emr),Hard Skill,0,1,0.0,1.0487347015825407e-05,-1.0487347015825407e-05
amber road,Hard Skill,0,1,0.0,1.0487347015825407e-05,-1.0487347015825407e-05
amcom autos2000,Hard Skill,0,1,0.0,1.0487347015825407e-05,-1.0487347015825407e-05
amcs platform,Hard Skill,0,1,0.0,1.0487347015825407e-05,-1.0487347015825407e-05
webex sales center,Hard Skill,0,1,0.0,1.0487347015825407e-05,-1.0487347015825407e-05
webfocus,Hard Skill,0,1,0.0,1.0487347015825407e-05,-1.0487347015825407e-05
webinar software,Hard Skill,0,1,0.0,1.0487347015825407e-05,-1.0487347015825407e-05
american association of critical care nurses aacn medicopeia,Hard Skill,0,1,0.0,1.0487347015825407e-05,-1.0487347015825407e-05
american data systems paws veterinary practice management,Hard Skill,0,1,0.0,1.0487347015825407e-05,-1.0487347015825407e-05
american glazing software ags windowpricer,Hard Skill,0,1,0.0,1.0487347015825407e-05,-1.0487347015825407e-05
american healthtech financial,Hard Skill,0,1,0.0,1.0487347015825407e-05,-1.0487347015825407e-05
american legalnet edockets,Hard Skill,0,1,0.0,1.0487347015825407e-05,-1.0487347015825407e-05
american legalnet smart dockets,Hard Skill,0,1,0.0,1.0487347015825407e-05,-1.0487347015825407e-05
american legalnet uscourtforms,Hard Skill,0,1,0.0,1.0487347015825407e-05,-1.0487347015825407e-05
american medical billing software pma,Hard Skill,0,1,0.0,1.0487347015825407e-05,-1.0487347015825407e-05
american orthodontics compu-ceph,Hard Skill,0,1,0.0,1.0487347015825407e-05,-1.0487347015825407e-05
american orthodontics photo-eze,Hard Skill,0,1,0.0,1.0487347015825407e-05,-1.0487347015825407e-05
american orthotic and prosthetic association codingpro,Hard Skill,0,1,0.0,1.0487347015825407e-05,-1.0487347015825407e-05
american printing house for the blind learn keys,Hard Skill,0,1,0.0,1.0487347015825407e-05,-1.0487347015825407e-05
american printing house for the blind talking typer,Hard Skill,0,1,0.0,1.0487347015825407e-05,-1.0487347015825407e-05
amortization loan software,Hard Skill,0,1,0.0,1.0487347015825407e-05,-1.0487347015825407e-05
ampl,Hard Skill,0,1,0.0,1.0487347015825407e-05,-1.0487347015825407e-05
ams realtime projects,Hard Skill,0,1,0.0,1.0487347015825407e-05,-1.0487347015825407e-05
ams services ams 360,Hard Skill,0,1,0.0,1.0487347015825407e-05,-1.0487347015825407e-05
amtdirect,Hard Skill,0,1,0.0,1.0487347015825407e-05,-1.0487347015825407e-05
amtec engineering tecplot,Hard Skill,0,1,0.0,1.0487347015825407e-05,-1.0487347015825407e-05
anacomp caselogistix,Hard Skill,0,1,0.0,1.0487347015825407e-05,-1.0487347015825407e-05
anadigm designer2 eda,Hard Skill,0,1,0.0,1.0487347015825407e-05,-1.0487347015825407e-05
web page design software,Hard Skill,0,1,0.0,1.0487347015825407e-05,-1.0487347015825407e-05
web scrapbook,Hard Skill,0,1,0.0,1.0487347015825407e-05,-1.0487347015825407e-05
web-administered databases,Hard Skill,0,1,0.0,1.0487347015825407e-05,-1.0487347015825407e-05
web-based dispatch software,Hard Skill,0,1,0.0,1.0487347015825407e-05,-1.0487347015825407e-05
web-based information systems,Hard Skill,0,1,0.0,1.0487347015825407e-05,-1.0487347015825407e-05
web-based trading systems,Hard Skill,0,1,0.0,1.0487347015825407e-05,-1.0487347015825407e-05
web-est estimating software,Hard Skill,0,1,0.0,1.0487347015825407e-05,-1.0487347015825407e-05
web2project,Hard Skill,0,1,0.0,1.0487347015825407e-05,-1.0487347015825407e-05
analysis and building software,Hard Skill,0,1,0.0,1.0487347015825407e-05,-1.0487347015825407e-05
analysis and visualization of time sequences avts,Hard Skill,0,1,0.0,1.0487347015825407e-05,-1.0487347015825407e-05
analysis of smoke control systems ascos,Hard Skill,0,1,0.0,1.0487347015825407e-05,-1.0487347015825407e-05
analytical graphics stk expert edition,Hard Skill,0,1,0.0,1.0487347015825407e-05,-1.0487347015825407e-05
analytical software,Hard Skill,0,1,0.0,1.0487347015825407e-05,-1.0487347015825407e-05
anand systems asi frontdesk,Hard Skill,0,1,0.0,1.0487347015825407e-05,-1.0487347015825407e-05
anasazi software assessment and treatment plan systems,Hard Skill,0,1,0.0,1.0487347015825407e-05,-1.0487347015825407e-05
anatomic pathology software,Hard Skill,0,1,0.0,1.0487347015825407e-05,-1.0487347015825407e-05
anca toolroom,Hard Skill,0,1,0.0,1.0487347015825407e-05,-1.0487347015825407e-05
andersonbell abstat,Hard Skill,0,1,0.0,1.0487347015825407e-05,-1.0487347015825407e-05
anesthesia machine software,Hard Skill,0,1,0.0,1.0487347015825407e-05,-1.0487347015825407e-05
american riviera magtax,Hard Skill,0,1,0.0,1.0487347015825407e-05,-1.0487347015825407e-05
american sign language asl browser,Hard Skill,0,1,0.0,1.0487347015825407e-05,-1.0487347015825407e-05
amok translator,Hard Skill,0,1,0.0,1.0487347015825407e-05,-1.0487347015825407e-05
amortization calculation software,Hard Skill,0,1,0.0,1.0487347015825407e-05,-1.0487347015825407e-05
web design software,Hard Skill,0,1,0.0,1.0487347015825407e-05,-1.0487347015825407e-05
web editing software,Hard Skill,0,1,0.0,1.0487347015825407e-05,-1.0487347015825407e-05
web framework software,Hard Skill,0,1,0.0,1.0487347015825407e-05,-1.0487347015825407e-05
web information solutions pocket informant,Hard Skill,0,1,0.0,1.0487347015825407e-05,-1.0487347015825407e-05
angoss knowledgeseeker,Hard Skill,0,1,0.0,1.0487347015825407e-05,-1.0487347015825407e-05
animal intelligence software animal intelligence,Hard Skill,0,1,0.0,1.0487347015825407e-05,-1.0487347015825407e-05
animal shelter manager,Hard Skill,0,1,0.0,1.0487347015825407e-05,-1.0487347015825407e-05
animation software,Hard Skill,0,1,0.0,1.0487347015825407e-05,-1.0487347015825407e-05
aninoquisi mesotrac,Hard Skill,0,1,0.0,1.0487347015825407e-05,-1.0487347015825407e-05
anisn dose assessment computer code,Hard Skill,0,1,0.0,1.0487347015825407e-05,-1.0487347015825407e-05
anisotropic crystalline etch simulation aces,Hard Skill,0,1,0.0,1.0487347015825407e-05,-1.0487347015825407e-05
anodas software limited phoenix,Hard Skill,0,1,0.0,1.0487347015825407e-05,-1.0487347015825407e-05
ansoft hfss,Hard Skill,0,1,0.0,1.0487347015825407e-05,-1.0487347015825407e-05
ansys aqwa,Hard Skill,0,1,0.0,1.0487347015825407e-05,-1.0487347015825407e-05
ansys asas,Hard Skill,0,1,0.0,1.0487347015825407e-05,-1.0487347015825407e-05
analog devices visualdsp++,Hard Skill,0,1,0.0,1.0487347015825407e-05,-1.0487347015825407e-05
antenna house,Hard Skill,0,1,0.0,1.0487347015825407e-05,-1.0487347015825407e-05
anthillpro,Hard Skill,0,1,0.0,1.0487347015825407e-05,-1.0487347015825407e-05
anthropometric databases,Hard Skill,0,1,0.0,1.0487347015825407e-05,-1.0487347015825407e-05
anti-phishing software,Hard Skill,0,1,0.0,1.0487347015825407e-05,-1.0487347015825407e-05
anti-trojan software,Hard Skill,0,1,0.0,1.0487347015825407e-05,-1.0487347015825407e-05
anvil studio,Hard Skill,0,1,0.0,1.0487347015825407e-05,-1.0487347015825407e-05
aonix software through pictures,Hard Skill,0,1,0.0,1.0487347015825407e-05,-1.0487347015825407e-05
ap enps,Hard Skill,0,1,0.0,1.0487347015825407e-05,-1.0487347015825407e-05
apache accumulo,Hard Skill,0,1,0.0,1.0487347015825407e-05,-1.0487347015825407e-05
wealthengine findwealth,Hard Skill,0,1,0.0,1.0487347015825407e-05,-1.0487347015825407e-05
wealthtec allocationpro,Hard Skill,0,1,0.0,1.0487347015825407e-05,-1.0487347015825407e-05
wealthtec foundations,Hard Skill,0,1,0.0,1.0487347015825407e-05,-1.0487347015825407e-05
wealthtec wealthmaster,Hard Skill,0,1,0.0,1.0487347015825407e-05,-1.0487347015825407e-05
web application framework software,Hard Skill,0,1,0.0,1.0487347015825407e-05,-1.0487347015825407e-05
web box activity tracing system webbats,Hard Skill,0,1,0.0,1.0487347015825407e-05,-1.0487347015825407e-05
web broswer software,Hard Skill,0,1,0.0,1.0487347015825407e-05,-1.0487347015825407e-05
watershed modeling system wms software,Hard Skill,0,1,0.0,1.0487347015825407e-05,-1.0487347015825407e-05
watson wyatt compquest on-line,Hard Skill,0,1,0.0,1.0487347015825407e-05,-1.0487347015825407e-05
watson wyatt global grading system,Hard Skill,0,1,0.0,1.0487347015825407e-05,-1.0487347015825407e-05
watson wyatt reward,Hard Skill,0,1,0.0,1.0487347015825407e-05,-1.0487347015825407e-05
watter hammer software hytran,Hard Skill,0,1,0.0,1.0487347015825407e-05,-1.0487347015825407e-05
wavefunction titan,Hard Skill,0,1,0.0,1.0487347015825407e-05,-1.0487347015825407e-05
wavemetrics igor pro,Hard Skill,0,1,0.0,1.0487347015825407e-05,-1.0487347015825407e-05
wbs goplan,Hard Skill,0,1,0.0,1.0487347015825407e-05,-1.0487347015825407e-05
wbt systems topclass,Hard Skill,0,1,0.0,1.0487347015825407e-05,-1.0487347015825407e-05
wealthcounsel wealthdocs,Hard Skill,0,1,0.0,1.0487347015825407e-05,-1.0487347015825407e-05
apache continuum,Hard Skill,0,1,0.0,1.0487347015825407e-05,-1.0487347015825407e-05
apache flex,Hard Skill,0,1,0.0,1.0487347015825407e-05,-1.0487347015825407e-05
apache gump,Hard Skill,0,1,0.0,1.0487347015825407e-05,-1.0487347015825407e-05
apache hadoop yarn,Hard Skill,0,1,0.0,1.0487347015825407e-05,-1.0487347015825407e-05
ansys mechanical,Hard Skill,0,1,0.0,1.0487347015825407e-05,-1.0487347015825407e-05
water soil and hydro-environmental decision support system watershedss,Hard Skill,0,1,0.0,1.0487347015825407e-05,-1.0487347015825407e-05
water surface pressure gradient wspg software,Hard Skill,0,1,0.0,1.0487347015825407e-05,-1.0487347015825407e-05
waterfurnace international ground loop design premier,Hard Skill,0,1,0.0,1.0487347015825407e-05,-1.0487347015825407e-05
waterloo hydrogeologic aquifertest pro,Hard Skill,0,1,0.0,1.0487347015825407e-05,-1.0487347015825407e-05
waterloo hydrogeologic flowpath ii,Hard Skill,0,1,0.0,1.0487347015825407e-05,-1.0487347015825407e-05
waterloo hydrogeologic rbc tier 2 analyzer,Hard Skill,0,1,0.0,1.0487347015825407e-05,-1.0487347015825407e-05
waterloo hydrogeologic tactic,Hard Skill,0,1,0.0,1.0487347015825407e-05,-1.0487347015825407e-05
waters empower 2,Hard Skill,0,1,0.0,1.0487347015825407e-05,-1.0487347015825407e-05
ape a plasmid editor,Hard Skill,0,1,0.0,1.0487347015825407e-05,-1.0487347015825407e-05
apex business software ibenefits,Hard Skill,0,1,0.0,1.0487347015825407e-05,-1.0487347015825407e-05
apex business software ihr,Hard Skill,0,1,0.0,1.0487347015825407e-05,-1.0487347015825407e-05
apex iv assessor,Hard Skill,0,1,0.0,1.0487347015825407e-05,-1.0487347015825407e-05
waters empower chromatography data software,Hard Skill,0,1,0.0,1.0487347015825407e-05,-1.0487347015825407e-05
waters masslynx,Hard Skill,0,1,0.0,1.0487347015825407e-05,-1.0487347015825407e-05
waters q-dis/qm lims,Hard Skill,0,1,0.0,1.0487347015825407e-05,-1.0487347015825407e-05
api healthcare activestaffer,Hard Skill,0,1,0.0,1.0487347015825407e-05,-1.0487347015825407e-05
api navigator,Hard Skill,0,1,0.0,1.0487347015825407e-05,-1.0487347015825407e-05
apian surveypro,Hard Skill,0,1,0.0,1.0487347015825407e-05,-1.0487347015825407e-05
aplac,Hard Skill,0,1,0.0,1.0487347015825407e-05,-1.0487347015825407e-05
apollo photonics apss,Hard Skill,0,1,0.0,1.0487347015825407e-05,-1.0487347015825407e-05
apollo reservation system,Hard Skill,0,1,0.0,1.0487347015825407e-05,-1.0487347015825407e-05
app software associations apptrak.net,Hard Skill,0,1,0.0,1.0487347015825407e-05,-1.0487347015825407e-05
appca personal chef office,Hard Skill,0,1,0.0,1.0487347015825407e-05,-1.0487347015825407e-05
appfolio property manager,Hard Skill,0,1,0.0,1.0487347015825407e-05,-1.0487347015825407e-05
appium,Hard Skill,0,1,0.0,1.0487347015825407e-05,-1.0487347015825407e-05
apple applescript,Hard Skill,0,1,0.0,1.0487347015825407e-05,-1.0487347015825407e-05
wastewater expert control systems,Hard Skill,0,1,0.0,1.0487347015825407e-05,-1.0487347015825407e-05
watchman monitoring,Hard Skill,0,1,0.0,1.0487347015825407e-05,-1.0487347015825407e-05
watchware repair shop,Hard Skill,0,1,0.0,1.0487347015825407e-05,-1.0487347015825407e-05
water erosion prediction project wepp,Hard Skill,0,1,0.0,1.0487347015825407e-05,-1.0487347015825407e-05
water resources databases,Hard Skill,0,1,0.0,1.0487347015825407e-05,-1.0487347015825407e-05
applied biosystems genemapper,Hard Skill,0,1,0.0,1.0487347015825407e-05,-1.0487347015825407e-05
w g software tenant file,Hard Skill,0,1,0.0,1.0487347015825407e-05,-1.0487347015825407e-05
w-nominate,Hard Skill,0,1,0.0,1.0487347015825407e-05,-1.0487347015825407e-05
w3 data batchappend411,Hard Skill,0,1,0.0,1.0487347015825407e-05,-1.0487347015825407e-05
wageningen mapchart,Hard Skill,0,1,0.0,1.0487347015825407e-05,-1.0487347015825407e-05
waikato environment for knowledge analysis weka,Hard Skill,0,1,0.0,1.0487347015825407e-05,-1.0487347015825407e-05
wallingford software infowater,Hard Skill,0,1,0.0,1.0487347015825407e-05,-1.0487347015825407e-05
wallingford software infoworks cs,Hard Skill,0,1,0.0,1.0487347015825407e-05,-1.0487347015825407e-05
walmart retail link,Hard Skill,0,1,0.0,1.0487347015825407e-05,-1.0487347015825407e-05
wash-dry-fold pos,Hard Skill,0,1,0.0,1.0487347015825407e-05,-1.0487347015825407e-05
apple drawberry,Hard Skill,0,1,0.0,1.0487347015825407e-05,-1.0487347015825407e-05
apple final cut studio,Hard Skill,0,1,0.0,1.0487347015825407e-05,-1.0487347015825407e-05
apple garageband,Hard Skill,0,1,0.0,1.0487347015825407e-05,-1.0487347015825407e-05
apex iv fee appraiser,Hard Skill,0,1,0.0,1.0487347015825407e-05,-1.0487347015825407e-05
apex mobilesketch,Hard Skill,0,1,0.0,1.0487347015825407e-05,-1.0487347015825407e-05
apfloat,Hard Skill,0,1,0.0,1.0487347015825407e-05,-1.0487347015825407e-05
vsn international genstat,Hard Skill,0,1,0.0,1.0487347015825407e-05,-1.0487347015825407e-05
vsni asreml,Hard Skill,0,1,0.0,1.0487347015825407e-05,-1.0487347015825407e-05
vsni genstat,Hard Skill,0,1,0.0,1.0487347015825407e-05,-1.0487347015825407e-05
vue benefits manager,Hard Skill,0,1,0.0,1.0487347015825407e-05,-1.0487347015825407e-05
vue compensation management,Hard Skill,0,1,0.0,1.0487347015825407e-05,-1.0487347015825407e-05
vuecentric mortgagedashboard,Hard Skill,0,1,0.0,1.0487347015825407e-05,-1.0487347015825407e-05
vulcan solutions vulcan insurance,Hard Skill,0,1,0.0,1.0487347015825407e-05,-1.0487347015825407e-05
vulkan graphics api,Hard Skill,0,1,0.0,1.0487347015825407e-05,-1.0487347015825407e-05
vx corporation vx mold & die,Hard Skill,0,1,0.0,1.0487347015825407e-05,-1.0487347015825407e-05
apple mainstage,Hard Skill,0,1,0.0,1.0487347015825407e-05,-1.0487347015825407e-05
apple numbers for mac,Hard Skill,0,1,0.0,1.0487347015825407e-05,-1.0487347015825407e-05
apple shazam,Hard Skill,0,1,0.0,1.0487347015825407e-05,-1.0487347015825407e-05
apple xsan,Hard Skill,0,1,0.0,1.0487347015825407e-05,-1.0487347015825407e-05
applicantpro iapplicants,Hard Skill,0,1,0.0,1.0487347015825407e-05,-1.0487347015825407e-05
application software shear,Hard Skill,0,1,0.0,1.0487347015825407e-05,-1.0487347015825407e-05
application-specific integrated circuit asic logic synthesis software,Hard Skill,0,1,0.0,1.0487347015825407e-05,-1.0487347015825407e-05
applied flow technology aft fathom,Hard Skill,0,1,0.0,1.0487347015825407e-05,-1.0487347015825407e-05
applied imagery quick terrain modeler,Hard Skill,0,1,0.0,1.0487347015825407e-05,-1.0487347015825407e-05
applied production profab,Hard Skill,0,1,0.0,1.0487347015825407e-05,-1.0487347015825407e-05
applied production profold,Hard Skill,0,1,0.0,1.0487347015825407e-05,-1.0487347015825407e-05
applied search technology cadfind,Hard Skill,0,1,0.0,1.0487347015825407e-05,-1.0487347015825407e-05
applied software technologies asset maintenance and materials management system,Hard Skill,0,1,0.0,1.0487347015825407e-05,-1.0487347015825407e-05
applied systems associates asa rebar,Hard Skill,0,1,0.0,1.0487347015825407e-05,-1.0487347015825407e-05
applied systems the agency manager,Hard Skill,0,1,0.0,1.0487347015825407e-05,-1.0487347015825407e-05
appligent citation fdfmerge,Hard Skill,0,1,0.0,1.0487347015825407e-05,-1.0487347015825407e-05
appointment search,Hard Skill,0,1,0.0,1.0487347015825407e-05,-1.0487347015825407e-05
appointmentquest online appointment manager,Hard Skill,0,1,0.0,1.0487347015825407e-05,-1.0487347015825407e-05
appointmentquest online appointment scheduler,Hard Skill,0,1,0.0,1.0487347015825407e-05,-1.0487347015825407e-05
vortek site assessment of tornado threat satt,Hard Skill,0,1,0.0,1.0487347015825407e-05,-1.0487347015825407e-05
voxco pronto,Hard Skill,0,1,0.0,1.0487347015825407e-05,-1.0487347015825407e-05
voxco statxp,Hard Skill,0,1,0.0,1.0487347015825407e-05,-1.0487347015825407e-05
vsconline vpmi,Hard Skill,0,1,0.0,1.0487347015825407e-05,-1.0487347015825407e-05
appraisal software,Hard Skill,0,1,0.0,1.0487347015825407e-05,-1.0487347015825407e-05
aprimo marketing,Hard Skill,0,1,0.0,1.0487347015825407e-05,-1.0487347015825407e-05
aptean onyx crm,Hard Skill,0,1,0.0,1.0487347015825407e-05,-1.0487347015825407e-05
apteryx imaging suite,Hard Skill,0,1,0.0,1.0487347015825407e-05,-1.0487347015825407e-05
aqsis renderer,Hard Skill,0,1,0.0,1.0487347015825407e-05,-1.0487347015825407e-05
aquasoft farm manager,Hard Skill,0,1,0.0,1.0487347015825407e-05,-1.0487347015825407e-05
aquatic plant information retrieval system apirs,Hard Skill,0,1,0.0,1.0487347015825407e-05,-1.0487347015825407e-05
aquifer test software,Hard Skill,0,1,0.0,1.0487347015825407e-05,-1.0487347015825407e-05
arbelsoft tailormax,Hard Skill,0,1,0.0,1.0487347015825407e-05,-1.0487347015825407e-05
arbita onepost,Hard Skill,0,1,0.0,1.0487347015825407e-05,-1.0487347015825407e-05
arbita oneworld,Hard Skill,0,1,0.0,1.0487347015825407e-05,-1.0487347015825407e-05
arbor image draftsman,Hard Skill,0,1,0.0,1.0487347015825407e-05,-1.0487347015825407e-05
arbutus analyzer,Hard Skill,0,1,0.0,1.0487347015825407e-05,-1.0487347015825407e-05
arc logics sword,Hard Skill,0,1,0.0,1.0487347015825407e-05,-1.0487347015825407e-05
applied computer systems jobpower,Hard Skill,0,1,0.0,1.0487347015825407e-05,-1.0487347015825407e-05
applied flow technology aft arrow,Hard Skill,0,1,0.0,1.0487347015825407e-05,-1.0487347015825407e-05
ark software ark shelter software,Hard Skill,0,1,0.0,1.0487347015825407e-05,-1.0487347015825407e-05
arkenstone atlas speaks,Hard Skill,0,1,0.0,1.0487347015825407e-05,-1.0487347015825407e-05
arc second pocketcad,Hard Skill,0,1,0.0,1.0487347015825407e-05,-1.0487347015825407e-05
arcgis web appbuilder,Hard Skill,0,1,0.0,1.0487347015825407e-05,-1.0487347015825407e-05
archeological sites management information system asmis,Hard Skill,0,1,0.0,1.0487347015825407e-05,-1.0487347015825407e-05
archer compliance management,Hard Skill,0,1,0.0,1.0487347015825407e-05,-1.0487347015825407e-05
architectural energy corporation rem/rate,Hard Skill,0,1,0.0,1.0487347015825407e-05,-1.0487347015825407e-05
architectural energy corporation visualdoe,Hard Skill,0,1,0.0,1.0487347015825407e-05,-1.0487347015825407e-05
architecture description language adl,Hard Skill,0,1,0.0,1.0487347015825407e-05,-1.0487347015825407e-05
archival databases,Hard Skill,0,1,0.0,1.0487347015825407e-05,-1.0487347015825407e-05
archivegrid,Hard Skill,0,1,0.0,1.0487347015825407e-05,-1.0487347015825407e-05
archives wiki,Hard Skill,0,1,0.0,1.0487347015825407e-05,-1.0487347015825407e-05
archivists' toolkit,Hard Skill,0,1,0.0,1.0487347015825407e-05,-1.0487347015825407e-05
archon,Hard Skill,0,1,0.0,1.0487347015825407e-05,-1.0487347015825407e-05
arcline arcfreight,Hard Skill,0,1,0.0,1.0487347015825407e-05,-1.0487347015825407e-05
arcom masterspec,Hard Skill,0,1,0.0,1.0487347015825407e-05,-1.0487347015825407e-05
voicethread,Hard Skill,0,1,0.0,1.0487347015825407e-05,-1.0487347015825407e-05
voltage securemail,Hard Skill,0,1,0.0,1.0487347015825407e-05,-1.0487347015825407e-05
voltage-gated ion channels software,Hard Skill,0,1,0.0,1.0487347015825407e-05,-1.0487347015825407e-05
vormetric application encryption,Hard Skill,0,1,0.0,1.0487347015825407e-05,-1.0487347015825407e-05
ardexus mode,Hard Skill,0,1,0.0,1.0487347015825407e-05,-1.0487347015825407e-05
ardexus tasc,Hard Skill,0,1,0.0,1.0487347015825407e-05,-1.0487347015825407e-05
arena health systems phys-x,Hard Skill,0,1,0.0,1.0487347015825407e-05,-1.0487347015825407e-05
arenasoft estimating,Hard Skill,0,1,0.0,1.0487347015825407e-05,-1.0487347015825407e-05
ares corporation prism project estimator,Hard Skill,0,1,0.0,1.0487347015825407e-05,-1.0487347015825407e-05
arfit,Hard Skill,0,1,0.0,1.0487347015825407e-05,-1.0487347015825407e-05
argos software abecas insight,Hard Skill,0,1,0.0,1.0487347015825407e-05,-1.0487347015825407e-05
argos software abecas insight fms,Hard Skill,0,1,0.0,1.0487347015825407e-05,-1.0487347015825407e-05
argos software abecas insight wms,Hard Skill,0,1,0.0,1.0487347015825407e-05,-1.0487347015825407e-05
argus one open numerical environments,Hard Skill,0,1,0.0,1.0487347015825407e-05,-1.0487347015825407e-05
argus perceptual mapper,Hard Skill,0,1,0.0,1.0487347015825407e-05,-1.0487347015825407e-05
aris global register,Hard Skill,0,1,0.0,1.0487347015825407e-05,-1.0487347015825407e-05
army food management information system,Hard Skill,0,1,0.0,1.0487347015825407e-05,-1.0487347015825407e-05
arobas music guitar pro,Hard Skill,0,1,0.0,1.0487347015825407e-05,-1.0487347015825407e-05
arpege music pizzicato,Hard Skill,0,1,0.0,1.0487347015825407e-05,-1.0487347015825407e-05
arping,Hard Skill,0,1,0.0,1.0487347015825407e-05,-1.0487347015825407e-05
arrival departure information system adis,Hard Skill,0,1,0.0,1.0487347015825407e-05,-1.0487347015825407e-05
arrow electronics n/compass,Hard Skill,0,1,0.0,1.0487347015825407e-05,-1.0487347015825407e-05
arsoftware winsmac,Hard Skill,0,1,0.0,1.0487347015825407e-05,-1.0487347015825407e-05
articsoft fileassurity,Hard Skill,0,1,0.0,1.0487347015825407e-05,-1.0487347015825407e-05
articulate 360,Hard Skill,0,1,0.0,1.0487347015825407e-05,-1.0487347015825407e-05
articulate storyline,Hard Skill,0,1,0.0,1.0487347015825407e-05,-1.0487347015825407e-05
artifice designworkshop,Hard Skill,0,1,0.0,1.0487347015825407e-05,-1.0487347015825407e-05
vme powerpc vxworks,Hard Skill,0,1,0.0,1.0487347015825407e-05,-1.0487347015825407e-05
vmware workstation,Hard Skill,0,1,0.0,1.0487347015825407e-05,-1.0487347015825407e-05
vocedit,Hard Skill,0,1,0.0,1.0487347015825407e-05,-1.0487347015825407e-05
vogel scientific software group calaco,Hard Skill,0,1,0.0,1.0487347015825407e-05,-1.0487347015825407e-05
voice picking software,Hard Skill,0,1,0.0,1.0487347015825407e-05,-1.0487347015825407e-05
askiavoice,Hard Skill,0,1,0.0,1.0487347015825407e-05,-1.0487347015825407e-05
artificial intelligence software,Hard Skill,0,1,0.0,1.0487347015825407e-05,-1.0487347015825407e-05
artificial intelligence squared zoomtext,Hard Skill,0,1,0.0,1.0487347015825407e-05,-1.0487347015825407e-05
artisan studio,Hard Skill,0,1,0.0,1.0487347015825407e-05,-1.0487347015825407e-05
arts & letters express,Hard Skill,0,1,0.0,1.0487347015825407e-05,-1.0487347015825407e-05
artsco orthopro complete,Hard Skill,0,1,0.0,1.0487347015825407e-05,-1.0487347015825407e-05
artscope.net eartist,Hard Skill,0,1,0.0,1.0487347015825407e-05,-1.0487347015825407e-05
artsystems collections,Hard Skill,0,1,0.0,1.0487347015825407e-05,-1.0487347015825407e-05
aruba networks airwave,Hard Skill,0,1,0.0,1.0487347015825407e-05,-1.0487347015825407e-05
as software as-obgyn,Hard Skill,0,1,0.0,1.0487347015825407e-05,-1.0487347015825407e-05
ascensio systems teamlab,Hard Skill,0,1,0.0,1.0487347015825407e-05,-1.0487347015825407e-05
ascentis employee self-service,Hard Skill,0,1,0.0,1.0487347015825407e-05,-1.0487347015825407e-05
arkitektia flight itinerary,Hard Skill,0,1,0.0,1.0487347015825407e-05,-1.0487347015825407e-05
armand morin multitrack generator,Hard Skill,0,1,0.0,1.0487347015825407e-05,-1.0487347015825407e-05
armchair machinist software,Hard Skill,0,1,0.0,1.0487347015825407e-05,-1.0487347015825407e-05
armon technologies xlactuary,Hard Skill,0,1,0.0,1.0487347015825407e-05,-1.0487347015825407e-05
asr software topview le,Hard Skill,0,1,0.0,1.0487347015825407e-05,-1.0487347015825407e-05
asr software topview me,Hard Skill,0,1,0.0,1.0487347015825407e-05,-1.0487347015825407e-05
ashkon translation pad,Hard Skill,0,1,0.0,1.0487347015825407e-05,-1.0487347015825407e-05
ashlar-vellum cobalt,Hard Skill,0,1,0.0,1.0487347015825407e-05,-1.0487347015825407e-05
ashlar-vellum graphite,Hard Skill,0,1,0.0,1.0487347015825407e-05,-1.0487347015825407e-05
ashley software writer's blocks,Hard Skill,0,1,0.0,1.0487347015825407e-05,-1.0487347015825407e-05
asi client acquisition solution,Hard Skill,0,1,0.0,1.0487347015825407e-05,-1.0487347015825407e-05
asi datamyte gagemetrics,Hard Skill,0,1,0.0,1.0487347015825407e-05,-1.0487347015825407e-05
asi datamyte qda,Hard Skill,0,1,0.0,1.0487347015825407e-05,-1.0487347015825407e-05
asi frontdesk,Hard Skill,0,1,0.0,1.0487347015825407e-05,-1.0487347015825407e-05
asidatamyte datametrics,Hard Skill,0,1,0.0,1.0487347015825407e-05,-1.0487347015825407e-05
askia design,Hard Skill,0,1,0.0,1.0487347015825407e-05,-1.0487347015825407e-05
askia vista,Hard Skill,0,1,0.0,1.0487347015825407e-05,-1.0487347015825407e-05
askia web,Hard Skill,0,1,0.0,1.0487347015825407e-05,-1.0487347015825407e-05
askiaanalyse,Hard Skill,0,1,0.0,1.0487347015825407e-05,-1.0487347015825407e-05
askiaface,Hard Skill,0,1,0.0,1.0487347015825407e-05,-1.0487347015825407e-05
vitech systems group v3 benefits administration system,Hard Skill,0,1,0.0,1.0487347015825407e-05,-1.0487347015825407e-05
vitria m3o operational intelligence,Hard Skill,0,1,0.0,1.0487347015825407e-05,-1.0487347015825407e-05
vivaldi software vivaldi quality management,Hard Skill,0,1,0.0,1.0487347015825407e-05,-1.0487347015825407e-05
viziflow,Hard Skill,0,1,0.0,1.0487347015825407e-05,-1.0487347015825407e-05
vlc media player,Hard Skill,0,1,0.0,1.0487347015825407e-05,-1.0487347015825407e-05
asksam systems surfsaver,Hard Skill,0,1,0.0,1.0487347015825407e-05,-1.0487347015825407e-05
asl hr director,Hard Skill,0,1,0.0,1.0487347015825407e-05,-1.0487347015825407e-05
aspect loss prevention aspect elitelp,Hard Skill,0,1,0.0,1.0487347015825407e-05,-1.0487347015825407e-05
aspen,Hard Skill,0,1,0.0,1.0487347015825407e-05,-1.0487347015825407e-05
aspen plus,Hard Skill,0,1,0.0,1.0487347015825407e-05,-1.0487347015825407e-05
aspentech aspen infoplus,Hard Skill,0,1,0.0,1.0487347015825407e-05,-1.0487347015825407e-05
aspentech aspenone,Hard Skill,0,1,0.0,1.0487347015825407e-05,-1.0487347015825407e-05
asprova,Hard Skill,0,1,0.0,1.0487347015825407e-05,-1.0487347015825407e-05
aspyra cyberpath,Hard Skill,0,1,0.0,1.0487347015825407e-05,-1.0487347015825407e-05
asr software lwc-plus,Hard Skill,0,1,0.0,1.0487347015825407e-05,-1.0487347015825407e-05
asr software taper-plus,Hard Skill,0,1,0.0,1.0487347015825407e-05,-1.0487347015825407e-05
asset allocation software,Hard Skill,0,1,0.0,1.0487347015825407e-05,-1.0487347015825407e-05
asset jtag scanworks,Hard Skill,0,1,0.0,1.0487347015825407e-05,-1.0487347015825407e-05
asset management administration software,Hard Skill,0,1,0.0,1.0487347015825407e-05,-1.0487347015825407e-05
assisi forest,Hard Skill,0,1,0.0,1.0487347015825407e-05,-1.0487347015825407e-05
assisi inventory,Hard Skill,0,1,0.0,1.0487347015825407e-05,-1.0487347015825407e-05
assisi software assisi inventory,Hard Skill,0,1,0.0,1.0487347015825407e-05,-1.0487347015825407e-05
assisi software assisi manager,Hard Skill,0,1,0.0,1.0487347015825407e-05,-1.0487347015825407e-05
assisi software assisi resource,Hard Skill,0,1,0.0,1.0487347015825407e-05,-1.0487347015825407e-05
assistant software for antimicrobial susceptibility interpretation asasi,Hard Skill,0,1,0.0,1.0487347015825407e-05,-1.0487347015825407e-05
assisted model building with energy refinement amber,Hard Skill,0,1,0.0,1.0487347015825407e-05,-1.0487347015825407e-05
visual numerics ts-wave,Hard Skill,0,1,0.0,1.0487347015825407e-05,-1.0487347015825407e-05
visual otthymo,Hard Skill,0,1,0.0,1.0487347015825407e-05,-1.0487347015825407e-05
visual pamspro,Hard Skill,0,1,0.0,1.0487347015825407e-05,-1.0487347015825407e-05
visual statement investigator suite,Hard Skill,0,1,0.0,1.0487347015825407e-05,-1.0487347015825407e-05
visualization sciences group vsg avizo fire,Hard Skill,0,1,0.0,1.0487347015825407e-05,-1.0487347015825407e-05
visualization sciences group vsg open inventor,Hard Skill,0,1,0.0,1.0487347015825407e-05,-1.0487347015825407e-05
assurx catsweb,Hard Skill,0,1,0.0,1.0487347015825407e-05,-1.0487347015825407e-05
assurx financial services compliance management system,Hard Skill,0,1,0.0,1.0487347015825407e-05,-1.0487347015825407e-05
ast staff matrix,Hard Skill,0,1,0.0,1.0487347015825407e-05,-1.0487347015825407e-05
aster data ncluster,Hard Skill,0,1,0.0,1.0487347015825407e-05,-1.0487347015825407e-05
astronomical image processing for windows aip4win,Hard Skill,0,1,0.0,1.0487347015825407e-05,-1.0487347015825407e-05
astronomical image processing system aips,Hard Skill,0,1,0.0,1.0487347015825407e-05,-1.0487347015825407e-05
astronomical information processing system aips++,Hard Skill,0,1,0.0,1.0487347015825407e-05,-1.0487347015825407e-05
astute solutions powercenter,Hard Skill,0,1,0.0,1.0487347015825407e-05,-1.0487347015825407e-05
at your service software at your service repair,Hard Skill,0,1,0.0,1.0487347015825407e-05,-1.0487347015825407e-05
at your service software costguard,Hard Skill,0,1,0.0,1.0487347015825407e-05,-1.0487347015825407e-05
at&t troff,Hard Skill,0,1,0.0,1.0487347015825407e-05,-1.0487347015825407e-05
atd protocol,Hard Skill,0,1,0.0,1.0487347015825407e-05,-1.0487347015825407e-05
assembla,Hard Skill,0,1,0.0,1.0487347015825407e-05,-1.0487347015825407e-05
assembly line balancing software,Hard Skill,0,1,0.0,1.0487347015825407e-05,-1.0487347015825407e-05
assessment software,Hard Skill,0,1,0.0,1.0487347015825407e-05,-1.0487347015825407e-05
assessment systems corporation xcalibre,Hard Skill,0,1,0.0,1.0487347015825407e-05,-1.0487347015825407e-05
visiv sharpeye,Hard Skill,0,1,0.0,1.0487347015825407e-05,-1.0487347015825407e-05
visual computer solutions crossing guard scheduling,Hard Skill,0,1,0.0,1.0487347015825407e-05,-1.0487347015825407e-05
visual electro diagnostic software,Hard Skill,0,1,0.0,1.0487347015825407e-05,-1.0487347015825407e-05
visual health information the trainer's exercise toolbox,Hard Skill,0,1,0.0,1.0487347015825407e-05,-1.0487347015825407e-05
visual health information vhi pc-kits,Hard Skill,0,1,0.0,1.0487347015825407e-05,-1.0487347015825407e-05
visual lease,Hard Skill,0,1,0.0,1.0487347015825407e-05,-1.0487347015825407e-05
atlas search,Hard Skill,0,1,0.0,1.0487347015825407e-05,-1.0487347015825407e-05
atlas.ti,Hard Skill,0,1,0.0,1.0487347015825407e-05,-1.0487347015825407e-05
atlassian hipchat,Hard Skill,0,1,0.0,1.0487347015825407e-05,-1.0487347015825407e-05
atms stocktrack plus,Hard Skill,0,1,0.0,1.0487347015825407e-05,-1.0487347015825407e-05
atoll geocad,Hard Skill,0,1,0.0,1.0487347015825407e-05,-1.0487347015825407e-05
atria smoke management engineering tools asmet,Hard Skill,0,1,0.0,1.0487347015825407e-05,-1.0487347015825407e-05
atrion intelligent authoring,Hard Skill,0,1,0.0,1.0487347015825407e-05,-1.0487347015825407e-05
atstaff physician scheduler,Hard Skill,0,1,0.0,1.0487347015825407e-05,-1.0487347015825407e-05
attask,Hard Skill,0,1,0.0,1.0487347015825407e-05,-1.0487347015825407e-05
association for computing machinery digital library,Hard Skill,0,1,0.0,1.0487347015825407e-05,-1.0487347015825407e-05
author-it,Hard Skill,0,1,0.0,1.0487347015825407e-05,-1.0487347015825407e-05
authoria adviser,Hard Skill,0,1,0.0,1.0487347015825407e-05,-1.0487347015825407e-05
attendance tracking software,Hard Skill,0,1,0.0,1.0487347015825407e-05,-1.0487347015825407e-05
atterbury consultants superace,Hard Skill,0,1,0.0,1.0487347015825407e-05,-1.0487347015825407e-05
atterbury consultants superace/flips,Hard Skill,0,1,0.0,1.0487347015825407e-05,-1.0487347015825407e-05
auburn software debit square,Hard Skill,0,1,0.0,1.0487347015825407e-05,-1.0487347015825407e-05
audienceview ticketing,Hard Skill,0,1,0.0,1.0487347015825407e-05,-1.0487347015825407e-05
audio chaos soundscape generator,Hard Skill,0,1,0.0,1.0487347015825407e-05,-1.0487347015825407e-05
audioscribe speechcat,Hard Skill,0,1,0.0,1.0487347015825407e-05,-1.0487347015825407e-05
audit management software,Hard Skill,0,1,0.0,1.0487347015825407e-05,-1.0487347015825407e-05
visicu eicu program,Hard Skill,0,1,0.0,1.0487347015825407e-05,-1.0487347015825407e-05
vision infosoft plumbing bid manager,Hard Skill,0,1,0.0,1.0487347015825407e-05,-1.0487347015825407e-05
vision management consulting iep planet,Hard Skill,0,1,0.0,1.0487347015825407e-05,-1.0487347015825407e-05
vision software,Hard Skill,0,1,0.0,1.0487347015825407e-05,-1.0487347015825407e-05
visionary legal technologies visionary professional,Hard Skill,0,1,0.0,1.0487347015825407e-05,-1.0487347015825407e-05
visionscience software acuity pro,Hard Skill,0,1,0.0,1.0487347015825407e-05,-1.0487347015825407e-05
virtual software virtual timecard,Hard Skill,0,1,0.0,1.0487347015825407e-05,-1.0487347015825407e-05
virtual systems mail-shop,Hard Skill,0,1,0.0,1.0487347015825407e-05,-1.0487347015825407e-05
virus detection software,Hard Skill,0,1,0.0,1.0487347015825407e-05,-1.0487347015825407e-05
virus protection software,Hard Skill,0,1,0.0,1.0487347015825407e-05,-1.0487347015825407e-05
vis5d+,Hard Skill,0,1,0.0,1.0487347015825407e-05,-1.0487347015825407e-05
visi-trak true-trak 20/20,Hard Skill,0,1,0.0,1.0487347015825407e-05,-1.0487347015825407e-05
audit planning and control environment software,Hard Skill,0,1,0.0,1.0487347015825407e-05,-1.0487347015825407e-05
audit-c,Hard Skill,0,1,0.0,1.0487347015825407e-05,-1.0487347015825407e-05
audit2 adaptivegrc,Hard Skill,0,1,0.0,1.0487347015825407e-05,-1.0487347015825407e-05
auditware caseware examiner,Hard Skill,0,1,0.0,1.0487347015825407e-05,-1.0487347015825407e-05
audiveris,Hard Skill,0,1,0.0,1.0487347015825407e-05,-1.0487347015825407e-05
augmint,Hard Skill,0,1,0.0,1.0487347015825407e-05,-1.0487347015825407e-05
august systems visit wizard,Hard Skill,0,1,0.0,1.0487347015825407e-05,-1.0487347015825407e-05
aurora helioscope,Hard Skill,0,1,0.0,1.0487347015825407e-05,-1.0487347015825407e-05
austin logistics calltech,Hard Skill,0,1,0.0,1.0487347015825407e-05,-1.0487347015825407e-05
austin logistics valeo,Hard Skill,0,1,0.0,1.0487347015825407e-05,-1.0487347015825407e-05
virtual corporation sustainable planner,Hard Skill,0,1,0.0,1.0487347015825407e-05,-1.0487347015825407e-05
virtual interaction simulator software,Hard Skill,0,1,0.0,1.0487347015825407e-05,-1.0487347015825407e-05
virtual network computing vnc software,Hard Skill,0,1,0.0,1.0487347015825407e-05,-1.0487347015825407e-05
auto3dem,Hard Skill,0,1,0.0,1.0487347015825407e-05,-1.0487347015825407e-05
autoclaims direct directlink,Hard Skill,0,1,0.0,1.0487347015825407e-05,-1.0487347015825407e-05
autocoders,Hard Skill,0,1,0.0,1.0487347015825407e-05,-1.0487347015825407e-05
autodesk alias automotive,Hard Skill,0,1,0.0,1.0487347015825407e-05,-1.0487347015825407e-05
autodesk alias design,Hard Skill,0,1,0.0,1.0487347015825407e-05,-1.0487347015825407e-05
autodesk alias surface,Hard Skill,0,1,0.0,1.0487347015825407e-05,-1.0487347015825407e-05
autodesk aliasstudio,Hard Skill,0,1,0.0,1.0487347015825407e-05,-1.0487347015825407e-05
autodesk architectural studio,Hard Skill,0,1,0.0,1.0487347015825407e-05,-1.0487347015825407e-05
virtual reality computed tomography ct imaging software,Hard Skill,0,1,0.0,1.0487347015825407e-05,-1.0487347015825407e-05
virtual reality game software,Hard Skill,0,1,0.0,1.0487347015825407e-05,-1.0487347015825407e-05
virtual reality software,Hard Skill,0,1,0.0,1.0487347015825407e-05,-1.0487347015825407e-05
virtual router redundancy protocol vrrp,Hard Skill,0,1,0.0,1.0487347015825407e-05,-1.0487347015825407e-05
virtual simulation software,Hard Skill,0,1,0.0,1.0487347015825407e-05,-1.0487347015825407e-05
autodesk softimage,Hard Skill,0,1,0.0,1.0487347015825407e-05,-1.0487347015825407e-05
autodesk autocad design suite,Hard Skill,0,1,0.0,1.0487347015825407e-05,-1.0487347015825407e-05
autodesk autocad land desktop,Hard Skill,0,1,0.0,1.0487347015825407e-05,-1.0487347015825407e-05
autodesk building systems,Hard Skill,0,1,0.0,1.0487347015825407e-05,-1.0487347015825407e-05
autodesk combustion,Hard Skill,0,1,0.0,1.0487347015825407e-05,-1.0487347015825407e-05
autodesk ecotect,Hard Skill,0,1,0.0,1.0487347015825407e-05,-1.0487347015825407e-05
autodesk ecotect analysis,Hard Skill,0,1,0.0,1.0487347015825407e-05,-1.0487347015825407e-05
vignette content management,Hard Skill,0,1,0.0,1.0487347015825407e-05,-1.0487347015825407e-05
vignette portal,Hard Skill,0,1,0.0,1.0487347015825407e-05,-1.0487347015825407e-05
viking data editor,Hard Skill,0,1,0.0,1.0487347015825407e-05,-1.0487347015825407e-05
viper tools,Hard Skill,0,1,0.0,1.0487347015825407e-05,-1.0487347015825407e-05
virage vs archive,Hard Skill,0,1,0.0,1.0487347015825407e-05,-1.0487347015825407e-05
virtify ectd,Hard Skill,0,1,0.0,1.0487347015825407e-05,-1.0487347015825407e-05
virtual battlespace 2 vbs2,Hard Skill,0,1,0.0,1.0487347015825407e-05,-1.0487347015825407e-05
virtual benefits administrator,Hard Skill,0,1,0.0,1.0487347015825407e-05,-1.0487347015825407e-05
virtual case management,Hard Skill,0,1,0.0,1.0487347015825407e-05,-1.0487347015825407e-05
video development software,Hard Skill,0,1,0.0,1.0487347015825407e-05,-1.0487347015825407e-05
video digitizers,Hard Skill,0,1,0.0,1.0487347015825407e-05,-1.0487347015825407e-05
video encoder software,Hard Skill,0,1,0.0,1.0487347015825407e-05,-1.0487347015825407e-05
video file conversion software,Hard Skill,0,1,0.0,1.0487347015825407e-05,-1.0487347015825407e-05
video game software,Hard Skill,0,1,0.0,1.0487347015825407e-05,-1.0487347015825407e-05
video production software,Hard Skill,0,1,0.0,1.0487347015825407e-05,-1.0487347015825407e-05
video retrieval systems,Hard Skill,0,1,0.0,1.0487347015825407e-05,-1.0487347015825407e-05
vienna ab-initio simulation package vasp,Hard Skill,0,1,0.0,1.0487347015825407e-05,-1.0487347015825407e-05
vieux & associates vflow,Hard Skill,0,1,0.0,1.0487347015825407e-05,-1.0487347015825407e-05
autodesk mapguide,Hard Skill,0,1,0.0,1.0487347015825407e-05,-1.0487347015825407e-05
autodesk mechanical,Hard Skill,0,1,0.0,1.0487347015825407e-05,-1.0487347015825407e-05
autodesk partmaker,Hard Skill,0,1,0.0,1.0487347015825407e-05,-1.0487347015825407e-05
autodesk powermill,Hard Skill,0,1,0.0,1.0487347015825407e-05,-1.0487347015825407e-05
autodesk powershape,Hard Skill,0,1,0.0,1.0487347015825407e-05,-1.0487347015825407e-05
autodesk scaleform,Hard Skill,0,1,0.0,1.0487347015825407e-05,-1.0487347015825407e-05
autodesk smoke,Hard Skill,0,1,0.0,1.0487347015825407e-05,-1.0487347015825407e-05
autodesk topobase,Hard Skill,0,1,0.0,1.0487347015825407e-05,-1.0487347015825407e-05
autodesk world,Hard Skill,0,1,0.0,1.0487347015825407e-05,-1.0487347015825407e-05
automated audit trail analysis software,Hard Skill,0,1,0.0,1.0487347015825407e-05,-1.0487347015825407e-05
automated auditors fraud detector software,Hard Skill,0,1,0.0,1.0487347015825407e-05,-1.0487347015825407e-05
automated billing software,Hard Skill,0,1,0.0,1.0487347015825407e-05,-1.0487347015825407e-05
automated biometric identification system abis,Hard Skill,0,1,0.0,1.0487347015825407e-05,-1.0487347015825407e-05
automated circulation systems,Hard Skill,0,1,0.0,1.0487347015825407e-05,-1.0487347015825407e-05
automated clinical information systems,Hard Skill,0,1,0.0,1.0487347015825407e-05,-1.0487347015825407e-05
automated commercial environment software ace,Hard Skill,0,1,0.0,1.0487347015825407e-05,-1.0487347015825407e-05
automated data collection system adcs,Hard Skill,0,1,0.0,1.0487347015825407e-05,-1.0487347015825407e-05
automated document generation software,Hard Skill,0,1,0.0,1.0487347015825407e-05,-1.0487347015825407e-05
automated equipment identification aei software,Hard Skill,0,1,0.0,1.0487347015825407e-05,-1.0487347015825407e-05
automated expense reporting system software,Hard Skill,0,1,0.0,1.0487347015825407e-05,-1.0487347015825407e-05
video conference software,Hard Skill,0,1,0.0,1.0487347015825407e-05,-1.0487347015825407e-05
video content editing software,Hard Skill,0,1,0.0,1.0487347015825407e-05,-1.0487347015825407e-05
video decoder software,Hard Skill,0,1,0.0,1.0487347015825407e-05,-1.0487347015825407e-05
vestibular technologies screentrak,Hard Skill,0,1,0.0,1.0487347015825407e-05,-1.0487347015825407e-05
veterinary practice management software pms,Hard Skill,0,1,0.0,1.0487347015825407e-05,-1.0487347015825407e-05
vetport,Hard Skill,0,1,0.0,1.0487347015825407e-05,-1.0487347015825407e-05
via information tools man-it,Hard Skill,0,1,0.0,1.0487347015825407e-05,-1.0487347015825407e-05
automated financial software,Hard Skill,0,1,0.0,1.0487347015825407e-05,-1.0487347015825407e-05
automated geospatial watershed assessment agwa,Hard Skill,0,1,0.0,1.0487347015825407e-05,-1.0487347015825407e-05
automated manifest system ams,Hard Skill,0,1,0.0,1.0487347015825407e-05,-1.0487347015825407e-05
automated manifest system software,Hard Skill,0,1,0.0,1.0487347015825407e-05,-1.0487347015825407e-05
automated material handling software,Hard Skill,0,1,0.0,1.0487347015825407e-05,-1.0487347015825407e-05
automated media tracking software,Hard Skill,0,1,0.0,1.0487347015825407e-05,-1.0487347015825407e-05
automated national catalog system ancs,Hard Skill,0,1,0.0,1.0487347015825407e-05,-1.0487347015825407e-05
automated package processing system apps,Hard Skill,0,1,0.0,1.0487347015825407e-05,-1.0487347015825407e-05
automated payroll software,Hard Skill,0,1,0.0,1.0487347015825407e-05,-1.0487347015825407e-05
automated permit system software,Hard Skill,0,1,0.0,1.0487347015825407e-05,-1.0487347015825407e-05
automated purchase order software,Hard Skill,0,1,0.0,1.0487347015825407e-05,-1.0487347015825407e-05
automated radar terminal systems arts,Hard Skill,0,1,0.0,1.0487347015825407e-05,-1.0487347015825407e-05
automatic call distribution software,Hard Skill,0,1,0.0,1.0487347015825407e-05,-1.0487347015825407e-05
automatic data processing autosource,Hard Skill,0,1,0.0,1.0487347015825407e-05,-1.0487347015825407e-05
automatic data processing claims manager & dispatch,Hard Skill,0,1,0.0,1.0487347015825407e-05,-1.0487347015825407e-05
automatic data processing estimating,Hard Skill,0,1,0.0,1.0487347015825407e-05,-1.0487347015825407e-05
automatic data processing pc payroll for windows pcpw,Hard Skill,0,1,0.0,1.0487347015825407e-05,-1.0487347015825407e-05
automatic data processing proxyedge,Hard Skill,0,1,0.0,1.0487347015825407e-05,-1.0487347015825407e-05
automatic dynamic incremental nonlinear analysis adina,Hard Skill,0,1,0.0,1.0487347015825407e-05,-1.0487347015825407e-05
automatic forecasting systems autobox,Hard Skill,0,1,0.0,1.0487347015825407e-05,-1.0487347015825407e-05
automatic routing software,Hard Skill,0,1,0.0,1.0487347015825407e-05,-1.0487347015825407e-05
vero software worknc,Hard Skill,0,1,0.0,1.0487347015825407e-05,-1.0487347015825407e-05
versadyne small engine test system,Hard Skill,0,1,0.0,1.0487347015825407e-05,-1.0487347015825407e-05
versatile software systems versasoft chiro,Hard Skill,0,1,0.0,1.0487347015825407e-05,-1.0487347015825407e-05
vertical solutions easy-farm accounting,Hard Skill,0,1,0.0,1.0487347015825407e-05,-1.0487347015825407e-05
vertican technologies collection master,Hard Skill,0,1,0.0,1.0487347015825407e-05,-1.0487347015825407e-05
vestas wind systems a/s vestas remote panel,Hard Skill,0,1,0.0,1.0487347015825407e-05,-1.0487347015825407e-05
vestibular diagnostic software,Hard Skill,0,1,0.0,1.0487347015825407e-05,-1.0487347015825407e-05
automotive and accounting software by r*kom invoice writer,Hard Skill,0,1,0.0,1.0487347015825407e-05,-1.0487347015825407e-05
autonomy imanage worksite,Hard Skill,0,1,0.0,1.0487347015825407e-05,-1.0487347015825407e-05
autopilot software,Hard Skill,0,1,0.0,1.0487347015825407e-05,-1.0487347015825407e-05
autopsy information databases,Hard Skill,0,1,0.0,1.0487347015825407e-05,-1.0487347015825407e-05
autoq3d,Hard Skill,0,1,0.0,1.0487347015825407e-05,-1.0487347015825407e-05
autoquant autodeblur,Hard Skill,0,1,0.0,1.0487347015825407e-05,-1.0487347015825407e-05
autotask,Hard Skill,0,1,0.0,1.0487347015825407e-05,-1.0487347015825407e-05
auxillium west hrnetsource,Hard Skill,0,1,0.0,1.0487347015825407e-05,-1.0487347015825407e-05
avaaz innovations aphasiamate,Hard Skill,0,1,0.0,1.0487347015825407e-05,-1.0487347015825407e-05
avaaz innovations computerized speech research environment csre,Hard Skill,0,1,0.0,1.0487347015825407e-05,-1.0487347015825407e-05
automated system for customs data asycuda,Hard Skill,0,1,0.0,1.0487347015825407e-05,-1.0487347015825407e-05
automated systems software,Hard Skill,0,1,0.0,1.0487347015825407e-05,-1.0487347015825407e-05
automated targeting system ats,Hard Skill,0,1,0.0,1.0487347015825407e-05,-1.0487347015825407e-05
automated tax system software,Hard Skill,0,1,0.0,1.0487347015825407e-05,-1.0487347015825407e-05
automated timekeeping software,Hard Skill,0,1,0.0,1.0487347015825407e-05,-1.0487347015825407e-05
automated underwriting software,Hard Skill,0,1,0.0,1.0487347015825407e-05,-1.0487347015825407e-05
vero software peps,Hard Skill,0,1,0.0,1.0487347015825407e-05,-1.0487347015825407e-05
vero software radan,Hard Skill,0,1,0.0,1.0487347015825407e-05,-1.0487347015825407e-05
vero software smirtsoftware,Hard Skill,0,1,0.0,1.0487347015825407e-05,-1.0487347015825407e-05
vero software visi,Hard Skill,0,1,0.0,1.0487347015825407e-05,-1.0487347015825407e-05
avaaz innovations interactive voice analysis system ivans,Hard Skill,0,1,0.0,1.0487347015825407e-05,-1.0487347015825407e-05
available safe egress time aset,Hard Skill,0,1,0.0,1.0487347015825407e-05,-1.0487347015825407e-05
avalara avatax st,Hard Skill,0,1,0.0,1.0487347015825407e-05,-1.0487347015825407e-05
avenista table reservations,Hard Skill,0,1,0.0,1.0487347015825407e-05,-1.0487347015825407e-05
aveva group plant design management system pdms,Hard Skill,0,1,0.0,1.0487347015825407e-05,-1.0487347015825407e-05
avid media composer,Hard Skill,0,1,0.0,1.0487347015825407e-05,-1.0487347015825407e-05
avid technology newscutter,Hard Skill,0,1,0.0,1.0487347015825407e-05,-1.0487347015825407e-05
avid technology pinnacle studio,Hard Skill,0,1,0.0,1.0487347015825407e-05,-1.0487347015825407e-05
automatic test program generation atpg,Hard Skill,0,1,0.0,1.0487347015825407e-05,-1.0487347015825407e-05
automation centre personnel tracker,Hard Skill,0,1,0.0,1.0487347015825407e-05,-1.0487347015825407e-05
automation centre trackersuite.net,Hard Skill,0,1,0.0,1.0487347015825407e-05,-1.0487347015825407e-05
automation studio,Hard Skill,0,1,0.0,1.0487347015825407e-05,-1.0487347015825407e-05
avreo radiology workflow solutions,Hard Skill,0,1,0.0,1.0487347015825407e-05,-1.0487347015825407e-05
axentis compliance management,Hard Skill,0,1,0.0,1.0487347015825407e-05,-1.0487347015825407e-05
axios systems assyst,Hard Skill,0,1,0.0,1.0487347015825407e-05,-1.0487347015825407e-05
axistive bigshot screen magnifier,Hard Skill,0,1,0.0,1.0487347015825407e-05,-1.0487347015825407e-05
axonwave fraud and abuse management system,Hard Skill,0,1,0.0,1.0487347015825407e-05,-1.0487347015825407e-05
axure rp,Hard Skill,0,1,0.0,1.0487347015825407e-05,-1.0487347015825407e-05
axway esubmissions,Hard Skill,0,1,0.0,1.0487347015825407e-05,-1.0487347015825407e-05
veritune verituner,Hard Skill,0,1,0.0,1.0487347015825407e-05,-1.0487347015825407e-05
verity software house modfit lt,Hard Skill,0,1,0.0,1.0487347015825407e-05,-1.0487347015825407e-05
verity teleform,Hard Skill,0,1,0.0,1.0487347015825407e-05,-1.0487347015825407e-05
vernon systems limited vernon cms,Hard Skill,0,1,0.0,1.0487347015825407e-05,-1.0487347015825407e-05
vero international visi-mould,Hard Skill,0,1,0.0,1.0487347015825407e-05,-1.0487347015825407e-05
vero international visi-series,Hard Skill,0,1,0.0,1.0487347015825407e-05,-1.0487347015825407e-05
vero software alphacam milling,Hard Skill,0,1,0.0,1.0487347015825407e-05,-1.0487347015825407e-05
vero software alphacam turning,Hard Skill,0,1,0.0,1.0487347015825407e-05,-1.0487347015825407e-05
vero software machining strategist,Hard Skill,0,1,0.0,1.0487347015825407e-05,-1.0487347015825407e-05
bashen eeosoft,Hard Skill,0,1,0.0,1.0487347015825407e-05,-1.0487347015825407e-05
azemus fs,Hard Skill,0,1,0.0,1.0487347015825407e-05,-1.0487347015825407e-05
aztec,Hard Skill,0,1,0.0,1.0487347015825407e-05,-1.0487347015825407e-05
aztechsoft gps2cad,Hard Skill,0,1,0.0,1.0487347015825407e-05,-1.0487347015825407e-05
azz cardfile,Hard Skill,0,1,0.0,1.0487347015825407e-05,-1.0487347015825407e-05
b sharp technologies b care,Hard Skill,0,1,0.0,1.0487347015825407e-05,-1.0487347015825407e-05
b&i computer consultants childcare sage,Hard Skill,0,1,0.0,1.0487347015825407e-05,-1.0487347015825407e-05
b&w port scanner,Hard Skill,0,1,0.0,1.0487347015825407e-05,-1.0487347015825407e-05
babcock winx pro,Hard Skill,0,1,0.0,1.0487347015825407e-05,-1.0487347015825407e-05
babylon online translator,Hard Skill,0,1,0.0,1.0487347015825407e-05,-1.0487347015825407e-05
background checking software,Hard Skill,0,1,0.0,1.0487347015825407e-05,-1.0487347015825407e-05
bae systems socet gxp,Hard Skill,0,1,0.0,1.0487347015825407e-05,-1.0487347015825407e-05
bae systems socet set,Hard Skill,0,1,0.0,1.0487347015825407e-05,-1.0487347015825407e-05
avionics system testing software,Hard Skill,0,1,0.0,1.0487347015825407e-05,-1.0487347015825407e-05
avis fits viewer,Hard Skill,0,1,0.0,1.0487347015825407e-05,-1.0487347015825407e-05
avl avl cruise,Hard Skill,0,1,0.0,1.0487347015825407e-05,-1.0487347015825407e-05
verbi maxqda,Hard Skill,0,1,0.0,1.0487347015825407e-05,-1.0487347015825407e-05
verdict systems sanction,Hard Skill,0,1,0.0,1.0487347015825407e-05,-1.0487347015825407e-05
verification software,Hard Skill,0,1,0.0,1.0487347015825407e-05,-1.0487347015825407e-05
verispan patient parameters,Hard Skill,0,1,0.0,1.0487347015825407e-05,-1.0487347015825407e-05
verisurf metrology,Hard Skill,0,1,0.0,1.0487347015825407e-05,-1.0487347015825407e-05
balsamiq studios balsamiq mockups,Hard Skill,0,1,0.0,1.0487347015825407e-05,-1.0487347015825407e-05
bankers systems rembrandt lending system,Hard Skill,0,1,0.0,1.0487347015825407e-05,-1.0487347015825407e-05
barcode labeling software,Hard Skill,0,1,0.0,1.0487347015825407e-05,-1.0487347015825407e-05
barcode reader software,Hard Skill,0,1,0.0,1.0487347015825407e-05,-1.0487347015825407e-05
barcode software,Hard Skill,0,1,0.0,1.0487347015825407e-05,-1.0487347015825407e-05
barcontrol enterprise manager ibem,Hard Skill,0,1,0.0,1.0487347015825407e-05,-1.0487347015825407e-05
bargaining power,Hard Skill,0,1,0.0,1.0487347015825407e-05,-1.0487347015825407e-05
baron services fastrac,Hard Skill,0,1,0.0,1.0487347015825407e-05,-1.0487347015825407e-05
baron volumetric imaging and processing of integrated radar vipir,Hard Skill,0,1,0.0,1.0487347015825407e-05,-1.0487347015825407e-05
barrington software cookenpro,Hard Skill,0,1,0.0,1.0487347015825407e-05,-1.0487347015825407e-05
bashen eeofedsoft,Hard Skill,0,1,0.0,1.0487347015825407e-05,-1.0487347015825407e-05
basis bbx visualpro/5,Hard Skill,0,1,0.0,1.0487347015825407e-05,-1.0487347015825407e-05
bccorp burkitt w5,Hard Skill,0,1,0.0,1.0487347015825407e-05,-1.0487347015825407e-05
bccorp w5 for adjusters,Hard Skill,0,1,0.0,1.0487347015825407e-05,-1.0487347015825407e-05
bcs woodlands software woodlands tracker,Hard Skill,0,1,0.0,1.0487347015825407e-05,-1.0487347015825407e-05
bcs woodlands systems the logger tracker,Hard Skill,0,1,0.0,1.0487347015825407e-05,-1.0487347015825407e-05
bd biosciences clonecyt,Hard Skill,0,1,0.0,1.0487347015825407e-05,-1.0487347015825407e-05
bea tuxedo,Hard Skill,0,1,0.0,1.0487347015825407e-05,-1.0487347015825407e-05
beam analysis software,Hard Skill,0,1,0.0,1.0487347015825407e-05,-1.0487347015825407e-05
beamchek,Hard Skill,0,1,0.0,1.0487347015825407e-05,-1.0487347015825407e-05
vehicle identification number vin database,Hard Skill,0,1,0.0,1.0487347015825407e-05,-1.0487347015825407e-05
vehicle information databases,Hard Skill,0,1,0.0,1.0487347015825407e-05,-1.0487347015825407e-05
vehicle inspection databases,Hard Skill,0,1,0.0,1.0487347015825407e-05,-1.0487347015825407e-05
vehicle location and tracking software,Hard Skill,0,1,0.0,1.0487347015825407e-05,-1.0487347015825407e-05
velvet,Hard Skill,0,1,0.0,1.0487347015825407e-05,-1.0487347015825407e-05
vendor management system software,Hard Skill,0,1,0.0,1.0487347015825407e-05,-1.0487347015825407e-05
ventsim,Hard Skill,0,1,0.0,1.0487347015825407e-05,-1.0487347015825407e-05
vectorsgi check management solution,Hard Skill,0,1,0.0,1.0487347015825407e-05,-1.0487347015825407e-05
vectorsgi image exchange solution,Hard Skill,0,1,0.0,1.0487347015825407e-05,-1.0487347015825407e-05
vectorworks designer,Hard Skill,0,1,0.0,1.0487347015825407e-05,-1.0487347015825407e-05
vectorworks machine design,Hard Skill,0,1,0.0,1.0487347015825407e-05,-1.0487347015825407e-05
bechtel software setroute,Hard Skill,0,1,0.0,1.0487347015825407e-05,-1.0487347015825407e-05
beck anxiety inventory,Hard Skill,0,1,0.0,1.0487347015825407e-05,-1.0487347015825407e-05
beck depression inventory,Hard Skill,0,1,0.0,1.0487347015825407e-05,-1.0487347015825407e-05
bed management suite,Hard Skill,0,1,0.0,1.0487347015825407e-05,-1.0487347015825407e-05
beige bag software b2 spice,Hard Skill,0,1,0.0,1.0487347015825407e-05,-1.0487347015825407e-05
bella fsm auto detailing service software,Hard Skill,0,1,0.0,1.0487347015825407e-05,-1.0487347015825407e-05
bemas paydirect,Hard Skill,0,1,0.0,1.0487347015825407e-05,-1.0487347015825407e-05
ben meadows yeoman expedition,Hard Skill,0,1,0.0,1.0487347015825407e-05,-1.0487347015825407e-05
benaissance cobrapoint,Hard Skill,0,1,0.0,1.0487347015825407e-05,-1.0487347015825407e-05
benassist,Hard Skill,0,1,0.0,1.0487347015825407e-05,-1.0487347015825407e-05
bashen linkline,Hard Skill,0,1,0.0,1.0487347015825407e-05,-1.0487347015825407e-05
basic music composer,Hard Skill,0,1,0.0,1.0487347015825407e-05,-1.0487347015825407e-05
benexl technologies pension administration system,Hard Skill,0,1,0.0,1.0487347015825407e-05,-1.0487347015825407e-05
benfield remetrica,Hard Skill,0,1,0.0,1.0487347015825407e-05,-1.0487347015825407e-05
bentley autoplant,Hard Skill,0,1,0.0,1.0487347015825407e-05,-1.0487347015825407e-05
bentley haestad methods civilstorm,Hard Skill,0,1,0.0,1.0487347015825407e-05,-1.0487347015825407e-05
bentley i/ras b,Hard Skill,0,1,0.0,1.0487347015825407e-05,-1.0487347015825407e-05
vbrhapsody,Hard Skill,0,1,0.0,1.0487347015825407e-05,-1.0487347015825407e-05
vcg pointwing,Hard Skill,0,1,0.0,1.0487347015825407e-05,-1.0487347015825407e-05
vebnet fix&flex,Hard Skill,0,1,0.0,1.0487347015825407e-05,-1.0487347015825407e-05
vector 35 binary ninja,Hard Skill,0,1,0.0,1.0487347015825407e-05,-1.0487347015825407e-05
vector canalyzer,Hard Skill,0,1,0.0,1.0487347015825407e-05,-1.0487347015825407e-05
vector canape,Hard Skill,0,1,0.0,1.0487347015825407e-05,-1.0487347015825407e-05
vector canoe,Hard Skill,0,1,0.0,1.0487347015825407e-05,-1.0487347015825407e-05
vector drawing software,Hard Skill,0,1,0.0,1.0487347015825407e-05,-1.0487347015825407e-05
vector fields opera-3d,Hard Skill,0,1,0.0,1.0487347015825407e-05,-1.0487347015825407e-05
vector software vectorcast,Hard Skill,0,1,0.0,1.0487347015825407e-05,-1.0487347015825407e-05
vectordesigner,Hard Skill,0,1,0.0,1.0487347015825407e-05,-1.0487347015825407e-05
bentley plantspace supportmodeler,Hard Skill,0,1,0.0,1.0487347015825407e-05,-1.0487347015825407e-05
bentley sewercad,Hard Skill,0,1,0.0,1.0487347015825407e-05,-1.0487347015825407e-05
bentley stormcad,Hard Skill,0,1,0.0,1.0487347015825407e-05,-1.0487347015825407e-05
bentley systems autopipe,Hard Skill,0,1,0.0,1.0487347015825407e-05,-1.0487347015825407e-05
bentley transportation data manager,Hard Skill,0,1,0.0,1.0487347015825407e-05,-1.0487347015825407e-05
berkeley algorithm for breaking window glass in a compartment fire break1,Hard Skill,0,1,0.0,1.0487347015825407e-05,-1.0487347015825407e-05
berkshire associates balanceaap,Hard Skill,0,1,0.0,1.0487347015825407e-05,-1.0487347015825407e-05
bermuda nuclear transport computer codes,Hard Skill,0,1,0.0,1.0487347015825407e-05,-1.0487347015825407e-05
besa eegfocus,Hard Skill,0,1,0.0,1.0487347015825407e-05,-1.0487347015825407e-05
benefit plan systems corporation the plan administrator,Hard Skill,0,1,0.0,1.0487347015825407e-05,-1.0487347015825407e-05
benefit software fringe facts,Hard Skill,0,1,0.0,1.0487347015825407e-05,-1.0487347015825407e-05
benefitfocus hr in touch,Hard Skill,0,1,0.0,1.0487347015825407e-05,-1.0487347015825407e-05
benefits technology group saleslogix,Hard Skill,0,1,0.0,1.0487347015825407e-05,-1.0487347015825407e-05
benelink connect,Hard Skill,0,1,0.0,1.0487347015825407e-05,-1.0487347015825407e-05
benelogic,Hard Skill,0,1,0.0,1.0487347015825407e-05,-1.0487347015825407e-05
benetech pra,Hard Skill,0,1,0.0,1.0487347015825407e-05,-1.0487347015825407e-05
vasont content management system,Hard Skill,0,1,0.0,1.0487347015825407e-05,-1.0487347015825407e-05
vasp data viewer,Hard Skill,0,1,0.0,1.0487347015825407e-05,-1.0487347015825407e-05
vaytek voxblast,Hard Skill,0,1,0.0,1.0487347015825407e-05,-1.0487347015825407e-05
best case solutions best case bankruptcy,Hard Skill,0,1,0.0,1.0487347015825407e-05,-1.0487347015825407e-05
best linear unbiased prediction blup,Hard Skill,0,1,0.0,1.0487347015825407e-05,-1.0487347015825407e-05
best software cpapayroll,Hard Skill,0,1,0.0,1.0487347015825407e-05,-1.0487347015825407e-05
bi3 audit intelligence,Hard Skill,0,1,0.0,1.0487347015825407e-05,-1.0487347015825407e-05
bi3 financial statement fraud analysis,Hard Skill,0,1,0.0,1.0487347015825407e-05,-1.0487347015825407e-05
bid assistant,Hard Skill,0,1,0.0,1.0487347015825407e-05,-1.0487347015825407e-05
biddle adverse impact toolkit,Hard Skill,0,1,0.0,1.0487347015825407e-05,-1.0487347015825407e-05
biddle autoaap,Hard Skill,0,1,0.0,1.0487347015825407e-05,-1.0487347015825407e-05
bidirectional encoder representations from transformers (bert),Hard Skill,0,1,0.0,1.0487347015825407e-05,-1.0487347015825407e-05
bidmaster,Hard Skill,0,1,0.0,1.0487347015825407e-05,-1.0487347015825407e-05
bilko,Hard Skill,0,1,0.0,1.0487347015825407e-05,-1.0487347015825407e-05
bentley navigator,Hard Skill,0,1,0.0,1.0487347015825407e-05,-1.0487347015825407e-05
bing for power bi,Hard Skill,0,1,0.0,1.0487347015825407e-05,-1.0487347015825407e-05
bio-key firerms,Hard Skill,0,1,0.0,1.0487347015825407e-05,-1.0487347015825407e-05
bio-logic systems hint pro,Hard Skill,0,1,0.0,1.0487347015825407e-05,-1.0487347015825407e-05
bioarray software environment base,Hard Skill,0,1,0.0,1.0487347015825407e-05,-1.0487347015825407e-05
bioconductor software,Hard Skill,0,1,0.0,1.0487347015825407e-05,-1.0487347015825407e-05
biodegration flow and transport modeling software,Hard Skill,0,1,0.0,1.0487347015825407e-05,-1.0487347015825407e-05
biodex medical systems biodex concussion manager,Hard Skill,0,1,0.0,1.0487347015825407e-05,-1.0487347015825407e-05
biodiscovery imagene,Hard Skill,0,1,0.0,1.0487347015825407e-05,-1.0487347015825407e-05
value analysis,Hard Skill,0,1,0.0,1.0487347015825407e-05,-1.0487347015825407e-05
valuetech report builder,Hard Skill,0,1,0.0,1.0487347015825407e-05,-1.0487347015825407e-05
vamp/vasp,Hard Skill,0,1,0.0,1.0487347015825407e-05,-1.0487347015825407e-05
vantage mcif,Hard Skill,0,1,0.0,1.0487347015825407e-05,-1.0487347015825407e-05
vantage point software hra,Hard Skill,0,1,0.0,1.0487347015825407e-05,-1.0487347015825407e-05
varian medical systems,Hard Skill,0,1,0.0,1.0487347015825407e-05,-1.0487347015825407e-05
variogram estimation and spatial prediction plus error vesper,Hard Skill,0,1,0.0,1.0487347015825407e-05,-1.0487347015825407e-05
varsity shipsoft supply chain execution suite,Hard Skill,0,1,0.0,1.0487347015825407e-05,-1.0487347015825407e-05
bioex systems fitness maker,Hard Skill,0,1,0.0,1.0487347015825407e-05,-1.0487347015825407e-05
bioinformatics databases,Hard Skill,0,1,0.0,1.0487347015825407e-05,-1.0487347015825407e-05
biokin plateki,Hard Skill,0,1,0.0,1.0487347015825407e-05,-1.0487347015825407e-05
biomatters geneious,Hard Skill,0,1,0.0,1.0487347015825407e-05,-1.0487347015825407e-05
biomechanical imaging software,Hard Skill,0,1,0.0,1.0487347015825407e-05,-1.0487347015825407e-05
biomechanical injury risk analysis software,Hard Skill,0,1,0.0,1.0487347015825407e-05,-1.0487347015825407e-05
biomechanical modeling software,Hard Skill,0,1,0.0,1.0487347015825407e-05,-1.0487347015825407e-05
biomedical imaging resource analyze,Hard Skill,0,1,0.0,1.0487347015825407e-05,-1.0487347015825407e-05
biometric reader software,Hard Skill,0,1,0.0,1.0487347015825407e-05,-1.0487347015825407e-05
biometric storage system bss,Hard Skill,0,1,0.0,1.0487347015825407e-05,-1.0487347015825407e-05
biometrics video game software,Hard Skill,0,1,0.0,1.0487347015825407e-05,-1.0487347015825407e-05
bioperl,Hard Skill,0,1,0.0,1.0487347015825407e-05,-1.0487347015825407e-05
bill review software,Hard Skill,0,1,0.0,1.0487347015825407e-05,-1.0487347015825407e-05
billing and reimbursement software,Hard Skill,0,1,0.0,1.0487347015825407e-05,-1.0487347015825407e-05
bills of lading software,Hard Skill,0,1,0.0,1.0487347015825407e-05,-1.0487347015825407e-05
bing,Hard Skill,0,1,0.0,1.0487347015825407e-05,-1.0487347015825407e-05
valiant vantage,Hard Skill,0,1,0.0,1.0487347015825407e-05,-1.0487347015825407e-05
valley agricultural software feed watch,Hard Skill,0,1,0.0,1.0487347015825407e-05,-1.0487347015825407e-05
valtamtech flight crew log,Hard Skill,0,1,0.0,1.0487347015825407e-05,-1.0487347015825407e-05
bioreactor design,Hard Skill,0,1,0.0,1.0487347015825407e-05,-1.0487347015825407e-05
biostatistical software,Hard Skill,0,1,0.0,1.0487347015825407e-05,-1.0487347015825407e-05
bit corp promacs plc,Hard Skill,0,1,0.0,1.0487347015825407e-05,-1.0487347015825407e-05
bit debris solutions usability activity log,Hard Skill,0,1,0.0,1.0487347015825407e-05,-1.0487347015825407e-05
bite analysis software,Hard Skill,0,1,0.0,1.0487347015825407e-05,-1.0487347015825407e-05
bitwizard b.v. mtr,Hard Skill,0,1,0.0,1.0487347015825407e-05,-1.0487347015825407e-05
bizlink salon manager,Hard Skill,0,1,0.0,1.0487347015825407e-05,-1.0487347015825407e-05
biztrak business solutions biztrak,Hard Skill,0,1,0.0,1.0487347015825407e-05,-1.0487347015825407e-05
blackbaud crm,Hard Skill,0,1,0.0,1.0487347015825407e-05,-1.0487347015825407e-05
blackbaud luminate crm,Hard Skill,0,1,0.0,1.0487347015825407e-05,-1.0487347015825407e-05
blackbaud the education edge,Hard Skill,0,1,0.0,1.0487347015825407e-05,-1.0487347015825407e-05
blackbaud the financial edge,Hard Skill,0,1,0.0,1.0487347015825407e-05,-1.0487347015825407e-05
bioex systems exercise expert,Hard Skill,0,1,0.0,1.0487347015825407e-05,-1.0487347015825407e-05
blackboard wimba,Hard Skill,0,1,0.0,1.0487347015825407e-05,-1.0487347015825407e-05
blackdog,Hard Skill,0,1,0.0,1.0487347015825407e-05,-1.0487347015825407e-05
blackdog recruiting,Hard Skill,0,1,0.0,1.0487347015825407e-05,-1.0487347015825407e-05
blackhawk canyon publishers practicianworks,Hard Skill,0,1,0.0,1.0487347015825407e-05,-1.0487347015825407e-05
blast output browser bob,Hard Skill,0,1,0.0,1.0487347015825407e-05,-1.0487347015825407e-05
blaster's tool and supply company blaster's calculator,Hard Skill,0,1,0.0,1.0487347015825407e-05,-1.0487347015825407e-05
usda comet,Hard Skill,0,1,0.0,1.0487347015825407e-05,-1.0487347015825407e-05
"usda database for inventory, monitoring and assessment (dima)",Hard Skill,0,1,0.0,1.0487347015825407e-05,-1.0487347015825407e-05
usda nrcs soil data viewer,Hard Skill,0,1,0.0,1.0487347015825407e-05,-1.0487347015825407e-05
usda nrcs vegspec,Hard Skill,0,1,0.0,1.0487347015825407e-05,-1.0487347015825407e-05
usda samplepoint,Hard Skill,0,1,0.0,1.0487347015825407e-05,-1.0487347015825407e-05
userzoom,Hard Skill,0,1,0.0,1.0487347015825407e-05,-1.0487347015825407e-05
usps.com,Hard Skill,0,1,0.0,1.0487347015825407e-05,-1.0487347015825407e-05
usycams,Hard Skill,0,1,0.0,1.0487347015825407e-05,-1.0487347015825407e-05
utquant,Hard Skill,0,1,0.0,1.0487347015825407e-05,-1.0487347015825407e-05
valen technologies risk manager,Hard Skill,0,1,0.0,1.0487347015825407e-05,-1.0487347015825407e-05
boeing kork digital mapping,Hard Skill,0,1,0.0,1.0487347015825407e-05,-1.0487347015825407e-05
boeing softplotter,Hard Skill,0,1,0.0,1.0487347015825407e-05,-1.0487347015825407e-05
blinkbid,Hard Skill,0,1,0.0,1.0487347015825407e-05,-1.0487347015825407e-05
block diagram software,Hard Skill,0,1,0.0,1.0487347015825407e-05,-1.0487347015825407e-05
blogger,Hard Skill,0,1,0.0,1.0487347015825407e-05,-1.0487347015825407e-05
blood bank computer systems blood bank control system,Hard Skill,0,1,0.0,1.0487347015825407e-05,-1.0487347015825407e-05
blood bank information systems,Hard Skill,0,1,0.0,1.0487347015825407e-05,-1.0487347015825407e-05
bls software invoice!,Hard Skill,0,1,0.0,1.0487347015825407e-05,-1.0487347015825407e-05
blue chip computer consultants humanet,Hard Skill,0,1,0.0,1.0487347015825407e-05,-1.0487347015825407e-05
blue ridge numerics cfdesign,Hard Skill,0,1,0.0,1.0487347015825407e-05,-1.0487347015825407e-05
blue streak electronics buell diagnostic,Hard Skill,0,1,0.0,1.0487347015825407e-05,-1.0487347015825407e-05
blue tractor software dnadynamo,Hard Skill,0,1,0.0,1.0487347015825407e-05,-1.0487347015825407e-05
bluewater management systems bmcase,Hard Skill,0,1,0.0,1.0487347015825407e-05,-1.0487347015825407e-05
blackberry enterprise server,Hard Skill,0,1,0.0,1.0487347015825407e-05,-1.0487347015825407e-05
blackboard collaborate,Hard Skill,0,1,0.0,1.0487347015825407e-05,-1.0487347015825407e-05
blackboard learning system,Hard Skill,0,1,0.0,1.0487347015825407e-05,-1.0487347015825407e-05
upperspace modelcad,Hard Skill,0,1,0.0,1.0487347015825407e-05,-1.0487347015825407e-05
ups intelliverse,Hard Skill,0,1,0.0,1.0487347015825407e-05,-1.0487347015825407e-05
ups logistics technologies roadnet transportation suite,Hard Skill,0,1,0.0,1.0487347015825407e-05,-1.0487347015825407e-05
upside software upsidecontract,Hard Skill,0,1,0.0,1.0487347015825407e-05,-1.0487347015825407e-05
urbansim,Hard Skill,0,1,0.0,1.0487347015825407e-05,-1.0487347015825407e-05
usda child nutrition database,Hard Skill,0,1,0.0,1.0487347015825407e-05,-1.0487347015825407e-05
blumbeg drafting libraries,Hard Skill,0,1,0.0,1.0487347015825407e-05,-1.0487347015825407e-05
blumenthal software pbsw24,Hard Skill,0,1,0.0,1.0487347015825407e-05,-1.0487347015825407e-05
bmc software remedy it service management suite,Hard Skill,0,1,0.0,1.0487347015825407e-05,-1.0487347015825407e-05
bmh open4 payroll,Hard Skill,0,1,0.0,1.0487347015825407e-05,-1.0487347015825407e-05
bmobile technology route manager,Hard Skill,0,1,0.0,1.0487347015825407e-05,-1.0487347015825407e-05
bmobile technology sales,Hard Skill,0,1,0.0,1.0487347015825407e-05,-1.0487347015825407e-05
bna corporate tax audit analyzer,Hard Skill,0,1,0.0,1.0487347015825407e-05,-1.0487347015825407e-05
bna estate and gift tax suite,Hard Skill,0,1,0.0,1.0487347015825407e-05,-1.0487347015825407e-05
bna income tax planning solutions,Hard Skill,0,1,0.0,1.0487347015825407e-05,-1.0487347015825407e-05
bna sales and use tax rates and forms,Hard Skill,0,1,0.0,1.0487347015825407e-05,-1.0487347015825407e-05
universal technical systems tk solver,Hard Skill,0,1,0.0,1.0487347015825407e-05,-1.0487347015825407e-05
university of arizona rangeview,Hard Skill,0,1,0.0,1.0487347015825407e-05,-1.0487347015825407e-05
university of california thesaurus linguae graecae tlg,Hard Skill,0,1,0.0,1.0487347015825407e-05,-1.0487347015825407e-05
bohemian coding drawit,Hard Skill,0,1,0.0,1.0487347015825407e-05,-1.0487347015825407e-05
bond international adapt staffing,Hard Skill,0,1,0.0,1.0487347015825407e-05,-1.0487347015825407e-05
bond international software bond staffsuite,Hard Skill,0,1,0.0,1.0487347015825407e-05,-1.0487347015825407e-05
bonddesk group trader workstation,Hard Skill,0,1,0.0,1.0487347015825407e-05,-1.0487347015825407e-05
booker software spabooker,Hard Skill,0,1,0.0,1.0487347015825407e-05,-1.0487347015825407e-05
bookfresh,Hard Skill,0,1,0.0,1.0487347015825407e-05,-1.0487347015825407e-05
bookitlive,Hard Skill,0,1,0.0,1.0487347015825407e-05,-1.0487347015825407e-05
boris fx continuum complete,Hard Skill,0,1,0.0,1.0487347015825407e-05,-1.0487347015825407e-05
borland paradox,Hard Skill,0,1,0.0,1.0487347015825407e-05,-1.0487347015825407e-05
borland visibroker,Hard Skill,0,1,0.0,1.0487347015825407e-05,-1.0487347015825407e-05
bornemann associates flight plan,Hard Skill,0,1,0.0,1.0487347015825407e-05,-1.0487347015825407e-05
unsatflow,Hard Skill,0,1,0.0,1.0487347015825407e-05,-1.0487347015825407e-05
upperspace designcad,Hard Skill,0,1,0.0,1.0487347015825407e-05,-1.0487347015825407e-05
boundary scan insertion software,Hard Skill,0,1,0.0,1.0487347015825407e-05,-1.0487347015825407e-05
boundary survey software,Hard Skill,0,1,0.0,1.0487347015825407e-05,-1.0487347015825407e-05
bourne shell,Hard Skill,0,1,0.0,1.0487347015825407e-05,-1.0487347015825407e-05
bourque data systems yardmaster,Hard Skill,0,1,0.0,1.0487347015825407e-05,-1.0487347015825407e-05
bowne jfs litigator's notebook,Hard Skill,0,1,0.0,1.0487347015825407e-05,-1.0487347015825407e-05
boxshade,Hard Skill,0,1,0.0,1.0487347015825407e-05,-1.0487347015825407e-05
bpm_cad,Hard Skill,0,1,0.0,1.0487347015825407e-05,-1.0487347015825407e-05
uniresman,Hard Skill,0,1,0.0,1.0487347015825407e-05,-1.0487347015825407e-05
uniscribe,Hard Skill,0,1,0.0,1.0487347015825407e-05,-1.0487347015825407e-05
unisoncare unicharts,Hard Skill,0,1,0.0,1.0487347015825407e-05,-1.0487347015825407e-05
unit conversion software,Hard Skill,0,1,0.0,1.0487347015825407e-05,-1.0487347015825407e-05
united nations food and agriculture organization livestock and environment toolbox lead,Hard Skill,0,1,0.0,1.0487347015825407e-05,-1.0487347015825407e-05
united systems and software individual life and health administration system,Hard Skill,0,1,0.0,1.0487347015825407e-05,-1.0487347015825407e-05
unitime,Hard Skill,0,1,0.0,1.0487347015825407e-05,-1.0487347015825407e-05
universal parcel shipping software,Hard Skill,0,1,0.0,1.0487347015825407e-05,-1.0487347015825407e-05
universal software solutions versavision,Hard Skill,0,1,0.0,1.0487347015825407e-05,-1.0487347015825407e-05
bqe software billquick,Hard Skill,0,1,0.0,1.0487347015825407e-05,-1.0487347015825407e-05
bradford clickforms,Hard Skill,0,1,0.0,1.0487347015825407e-05,-1.0487347015825407e-05
brady lockout pro,Hard Skill,0,1,0.0,1.0487347015825407e-05,-1.0487347015825407e-05
braintrain iva+plus,Hard Skill,0,1,0.0,1.0487347015825407e-05,-1.0487347015825407e-05
braintrain smartdriver,Hard Skill,0,1,0.0,1.0487347015825407e-05,-1.0487347015825407e-05
bramerhill claimstech,Hard Skill,0,1,0.0,1.0487347015825407e-05,-1.0487347015825407e-05
brb software horizonmis,Hard Skill,0,1,0.0,1.0487347015825407e-05,-1.0487347015825407e-05
brcapro,Hard Skill,0,1,0.0,1.0487347015825407e-05,-1.0487347015825407e-05
breast cancer risk assessment tool,Hard Skill,0,1,0.0,1.0487347015825407e-05,-1.0487347015825407e-05
boss didger,Hard Skill,0,1,0.0,1.0487347015825407e-05,-1.0487347015825407e-05
boss international visual groundwater,Hard Skill,0,1,0.0,1.0487347015825407e-05,-1.0487347015825407e-05
boston bar systems corporation sonnet,Hard Skill,0,1,0.0,1.0487347015825407e-05,-1.0487347015825407e-05
bostonpost technology property manager,Hard Skill,0,1,0.0,1.0487347015825407e-05,-1.0487347015825407e-05
bottom line loanmaster loan servicing,Hard Skill,0,1,0.0,1.0487347015825407e-05,-1.0487347015825407e-05
bottomline technologies bottomline sprinter purchasing manager,Hard Skill,0,1,0.0,1.0487347015825407e-05,-1.0487347015825407e-05
boundary scan description language bsdl,Hard Skill,0,1,0.0,1.0487347015825407e-05,-1.0487347015825407e-05
breault research asap,Hard Skill,0,1,0.0,1.0487347015825407e-05,-1.0487347015825407e-05
breedtrak,Hard Skill,0,1,0.0,1.0487347015825407e-05,-1.0487347015825407e-05
brentmark estate planning quickview,Hard Skill,0,1,0.0,1.0487347015825407e-05,-1.0487347015825407e-05
brentmark stock option risk analyzer,Hard Skill,0,1,0.0,1.0487347015825407e-05,-1.0487347015825407e-05
bridge design software,Hard Skill,0,1,0.0,1.0487347015825407e-05,-1.0487347015825407e-05
bridium claims 3,Hard Skill,0,1,0.0,1.0487347015825407e-05,-1.0487347015825407e-05
brief psychiatric rating scale bprs nursing modification,Hard Skill,0,1,0.0,1.0487347015825407e-05,-1.0487347015825407e-05
brightcove,Hard Skill,0,1,0.0,1.0487347015825407e-05,-1.0487347015825407e-05
brightedge,Hard Skill,0,1,0.0,1.0487347015825407e-05,-1.0487347015825407e-05
brightmove applicant tracking system,Hard Skill,0,1,0.0,1.0487347015825407e-05,-1.0487347015825407e-05
brightwork alyce claims systems,Hard Skill,0,1,0.0,1.0487347015825407e-05,-1.0487347015825407e-05
brightwork pmpoint,Hard Skill,0,1,0.0,1.0487347015825407e-05,-1.0487347015825407e-05
brihzon solutions smart dairy resource planning,Hard Skill,0,1,0.0,1.0487347015825407e-05,-1.0487347015825407e-05
brioquery,Hard Skill,0,1,0.0,1.0487347015825407e-05,-1.0487347015825407e-05
bps compliance,Hard Skill,0,1,0.0,1.0487347015825407e-05,-1.0487347015825407e-05
bqe software archioffice,Hard Skill,0,1,0.0,1.0487347015825407e-05,-1.0487347015825407e-05
unified messaging software,Hard Skill,0,1,0.0,1.0487347015825407e-05,-1.0487347015825407e-05
unifocus watson human resources manager,Hard Skill,0,1,0.0,1.0487347015825407e-05,-1.0487347015825407e-05
unique identification uid system databases,Hard Skill,0,1,0.0,1.0487347015825407e-05,-1.0487347015825407e-05
broadsoft broadworks,Hard Skill,0,1,0.0,1.0487347015825407e-05,-1.0487347015825407e-05
broadvision software,Hard Skill,0,1,0.0,1.0487347015825407e-05,-1.0487347015825407e-05
brokerage software,Hard Skill,0,1,0.0,1.0487347015825407e-05,-1.0487347015825407e-05
bruker axs eva,Hard Skill,0,1,0.0,1.0487347015825407e-05,-1.0487347015825407e-05
bruker axs leptos,Hard Skill,0,1,0.0,1.0487347015825407e-05,-1.0487347015825407e-05
bruker axs topas,Hard Skill,0,1,0.0,1.0487347015825407e-05,-1.0487347015825407e-05
bruker biospin topspin,Hard Skill,0,1,0.0,1.0487347015825407e-05,-1.0487347015825407e-05
bruker optics opus,Hard Skill,0,1,0.0,1.0487347015825407e-05,-1.0487347015825407e-05
bsi compliancefactory,Hard Skill,0,1,0.0,1.0487347015825407e-05,-1.0487347015825407e-05
bsvc,Hard Skill,0,1,0.0,1.0487347015825407e-05,-1.0487347015825407e-05
btb software mycobacteriology lab,Hard Skill,0,1,0.0,1.0487347015825407e-05,-1.0487347015825407e-05
budget monitoring systems,Hard Skill,0,1,0.0,1.0487347015825407e-05,-1.0487347015825407e-05
"budgeting, forecasting, and planning software",Hard Skill,0,1,0.0,1.0487347015825407e-05,-1.0487347015825407e-05
bunkspeed hypermove,Hard Skill,0,1,0.0,1.0487347015825407e-05,-1.0487347015825407e-05
burli software burli newsroom system,Hard Skill,0,1,0.0,1.0487347015825407e-05,-1.0487347015825407e-05
burrows-wheeler aligner bwa,Hard Skill,0,1,0.0,1.0487347015825407e-05,-1.0487347015825407e-05
business accounting software,Hard Skill,0,1,0.0,1.0487347015825407e-05,-1.0487347015825407e-05
business continuity software,Hard Skill,0,1,0.0,1.0487347015825407e-05,-1.0487347015825407e-05
underhill geomatics copan,Hard Skill,0,1,0.0,1.0487347015825407e-05,-1.0487347015825407e-05
underware design dtab,Hard Skill,0,1,0.0,1.0487347015825407e-05,-1.0487347015825407e-05
underwriting software,Hard Skill,0,1,0.0,1.0487347015825407e-05,-1.0487347015825407e-05
unger software methusaleh,Hard Skill,0,1,0.0,1.0487347015825407e-05,-1.0487347015825407e-05
uni-group lockpave pro,Hard Skill,0,1,0.0,1.0487347015825407e-05,-1.0487347015825407e-05
uni/care pro-filer,Hard Skill,0,1,0.0,1.0487347015825407e-05,-1.0487347015825407e-05
unicorn hro open4,Hard Skill,0,1,0.0,1.0487347015825407e-05,-1.0487347015825407e-05
unidata gempak,Hard Skill,0,1,0.0,1.0487347015825407e-05,-1.0487347015825407e-05
unidata gempak analysis and rendering program garp,Hard Skill,0,1,0.0,1.0487347015825407e-05,-1.0487347015825407e-05
unidata mcidas-x,Hard Skill,0,1,0.0,1.0487347015825407e-05,-1.0487347015825407e-05
unidata network common data form netcdf,Hard Skill,0,1,0.0,1.0487347015825407e-05,-1.0487347015825407e-05
business intelligence system software,Hard Skill,0,1,0.0,1.0487347015825407e-05,-1.0487347015825407e-05
business management software,Hard Skill,0,1,0.0,1.0487347015825407e-05,-1.0487347015825407e-05
business management systems municipal geographic management system mgms,Hard Skill,0,1,0.0,1.0487347015825407e-05,-1.0487347015825407e-05
business process management bpm software,Hard Skill,0,1,0.0,1.0487347015825407e-05,-1.0487347015825407e-05
bwa,Hard Skill,0,1,0.0,1.0487347015825407e-05,-1.0487347015825407e-05
bwise compliance management,Hard Skill,0,1,0.0,1.0487347015825407e-05,-1.0487347015825407e-05
byrne software technologies visual hcs,Hard Skill,0,1,0.0,1.0487347015825407e-05,-1.0487347015825407e-05
bytescribe development company wavplayer,Hard Skill,0,1,0.0,1.0487347015825407e-05,-1.0487347015825407e-05
c for graphics cg,Hard Skill,0,1,0.0,1.0487347015825407e-05,-1.0487347015825407e-05
c shell,Hard Skill,0,1,0.0,1.0487347015825407e-05,-1.0487347015825407e-05
building management system software,Hard Skill,0,1,0.0,1.0487347015825407e-05,-1.0487347015825407e-05
building research establishment bre jasmine,Hard Skill,0,1,0.0,1.0487347015825407e-05,-1.0487347015825407e-05
built-in self-test bist debugging software,Hard Skill,0,1,0.0,1.0487347015825407e-05,-1.0487347015825407e-05
bullhorn applicant tracking system,Hard Skill,0,1,0.0,1.0487347015825407e-05,-1.0487347015825407e-05
bunkspeed hyperdrive,Hard Skill,0,1,0.0,1.0487347015825407e-05,-1.0487347015825407e-05
ultimate software ultipro,Hard Skill,0,1,0.0,1.0487347015825407e-05,-1.0487347015825407e-05
unawave,Hard Skill,0,1,0.0,1.0487347015825407e-05,-1.0487347015825407e-05
uncamco ucam,Hard Skill,0,1,0.0,1.0487347015825407e-05,-1.0487347015825407e-05
c-design fashion,Hard Skill,0,1,0.0,1.0487347015825407e-05,-1.0487347015825407e-05
ca clarity ppm,Hard Skill,0,1,0.0,1.0487347015825407e-05,-1.0487347015825407e-05
ca etrust,Hard Skill,0,1,0.0,1.0487347015825407e-05,-1.0487347015825407e-05
ca siteminder,Hard Skill,0,1,0.0,1.0487347015825407e-05,-1.0487347015825407e-05
ca technologies ca clarity ppm for it governance,Hard Skill,0,1,0.0,1.0487347015825407e-05,-1.0487347015825407e-05
ca technologies erwin data modeler,Hard Skill,0,1,0.0,1.0487347015825407e-05,-1.0487347015825407e-05
cablesoft livewire trader,Hard Skill,0,1,0.0,1.0487347015825407e-05,-1.0487347015825407e-05
cad zone insurance,Hard Skill,0,1,0.0,1.0487347015825407e-05,-1.0487347015825407e-05
cadafis,Hard Skill,0,1,0.0,1.0487347015825407e-05,-1.0487347015825407e-05
cadcorp desktop gis,Hard Skill,0,1,0.0,1.0487347015825407e-05,-1.0487347015825407e-05
cadem capsmill,Hard Skill,0,1,0.0,1.0487347015825407e-05,-1.0487347015825407e-05
cadem capsturn,Hard Skill,0,1,0.0,1.0487347015825407e-05,-1.0487347015825407e-05
cadem ncnet,Hard Skill,0,1,0.0,1.0487347015825407e-05,-1.0487347015825407e-05
cadence concept,Hard Skill,0,1,0.0,1.0487347015825407e-05,-1.0487347015825407e-05
cadence dracula,Hard Skill,0,1,0.0,1.0487347015825407e-05,-1.0487347015825407e-05
cadence encounter rtl compiler,Hard Skill,0,1,0.0,1.0487347015825407e-05,-1.0487347015825407e-05
cadence incisive enterprise simulator,Hard Skill,0,1,0.0,1.0487347015825407e-05,-1.0487347015825407e-05
cadence incisive enterprise specman elite testbench,Hard Skill,0,1,0.0,1.0487347015825407e-05,-1.0487347015825407e-05
cadence opus,Hard Skill,0,1,0.0,1.0487347015825407e-05,-1.0487347015825407e-05
cadence orcad pspice,Hard Skill,0,1,0.0,1.0487347015825407e-05,-1.0487347015825407e-05
cadence schematic composer,Hard Skill,0,1,0.0,1.0487347015825407e-05,-1.0487347015825407e-05
cadence solutions extendedreach,Hard Skill,0,1,0.0,1.0487347015825407e-05,-1.0487347015825407e-05
u.s. department of agriculture usda national nutrient database,Hard Skill,0,1,0.0,1.0487347015825407e-05,-1.0487347015825407e-05
u.s. department of agriculture usda winsrm,Hard Skill,0,1,0.0,1.0487347015825407e-05,-1.0487347015825407e-05
ubi biotracker,Hard Skill,0,1,0.0,1.0487347015825407e-05,-1.0487347015825407e-05
uda technologies constructionsuite,Hard Skill,0,1,0.0,1.0487347015825407e-05,-1.0487347015825407e-05
ugs i-deas,Hard Skill,0,1,0.0,1.0487347015825407e-05,-1.0487347015825407e-05
ulead photoimpact,Hard Skill,0,1,0.0,1.0487347015825407e-05,-1.0487347015825407e-05
ulrichsweb,Hard Skill,0,1,0.0,1.0487347015825407e-05,-1.0487347015825407e-05
cambridgesoft chemoffice ultra,Hard Skill,0,1,0.0,1.0487347015825407e-05,-1.0487347015825407e-05
camera bits photo mechanic,Hard Skill,0,1,0.0,1.0487347015825407e-05,-1.0487347015825407e-05
cadence virtuoso spectre circuit simulator,Hard Skill,0,1,0.0,1.0487347015825407e-05,-1.0487347015825407e-05
cadre analytic,Hard Skill,0,1,0.0,1.0487347015825407e-05,-1.0487347015825407e-05
cadre technologies cadence transportation management system,Hard Skill,0,1,0.0,1.0487347015825407e-05,-1.0487347015825407e-05
cadre technologies cadence warehouse management system,Hard Skill,0,1,0.0,1.0487347015825407e-05,-1.0487347015825407e-05
cadsoft design/build,Hard Skill,0,1,0.0,1.0487347015825407e-05,-1.0487347015825407e-05
cadwell laboratories easy,Hard Skill,0,1,0.0,1.0487347015825407e-05,-1.0487347015825407e-05
cafe cartel systems,Hard Skill,0,1,0.0,1.0487347015825407e-05,-1.0487347015825407e-05
cai software seasoft,Hard Skill,0,1,0.0,1.0487347015825407e-05,-1.0487347015825407e-05
cakewalk sonar,Hard Skill,0,1,0.0,1.0487347015825407e-05,-1.0487347015825407e-05
calculating optimum maintenance parameters compare,Hard Skill,0,1,0.0,1.0487347015825407e-05,-1.0487347015825407e-05
calendar management software,Hard Skill,0,1,0.0,1.0487347015825407e-05,-1.0487347015825407e-05
caliban mindwear hypergasp,Hard Skill,0,1,0.0,1.0487347015825407e-05,-1.0487347015825407e-05
cadem seenc mill,Hard Skill,0,1,0.0,1.0487347015825407e-05,-1.0487347015825407e-05
cadence allegro pcb designer,Hard Skill,0,1,0.0,1.0487347015825407e-05,-1.0487347015825407e-05
twinpeaks software visual z-bake,Hard Skill,0,1,0.0,1.0487347015825407e-05,-1.0487347015825407e-05
two-dimensional 2d computer aided design cad software,Hard Skill,0,1,0.0,1.0487347015825407e-05,-1.0487347015825407e-05
two-dimensional graphics software,Hard Skill,0,1,0.0,1.0487347015825407e-05,-1.0487347015825407e-05
tyler technologies munis,Hard Skill,0,1,0.0,1.0487347015825407e-05,-1.0487347015825407e-05
tyler technologies odyssey case manager,Hard Skill,0,1,0.0,1.0487347015825407e-05,-1.0487347015825407e-05
california infinite lps,Hard Skill,0,1,0.0,1.0487347015825407e-05,-1.0487347015825407e-05
california verbal learning test,Hard Skill,0,1,0.0,1.0487347015825407e-05,-1.0487347015825407e-05
caligari corporation truespace,Hard Skill,0,1,0.0,1.0487347015825407e-05,-1.0487347015825407e-05
call accounting software,Hard Skill,0,1,0.0,1.0487347015825407e-05,-1.0487347015825407e-05
call center software,Hard Skill,0,1,0.0,1.0487347015825407e-05,-1.0487347015825407e-05
call tracking software,Hard Skill,0,1,0.0,1.0487347015825407e-05,-1.0487347015825407e-05
callidus truecomp,Hard Skill,0,1,0.0,1.0487347015825407e-05,-1.0487347015825407e-05
calypso technology calypso asset management,Hard Skill,0,1,0.0,1.0487347015825407e-05,-1.0487347015825407e-05
calyx point,Hard Skill,0,1,0.0,1.0487347015825407e-05,-1.0487347015825407e-05
cam commerce solutions retail star point of sale pos,Hard Skill,0,1,0.0,1.0487347015825407e-05,-1.0487347015825407e-05
cama software quality collaboration by design qcbd,Hard Skill,0,1,0.0,1.0487347015825407e-05,-1.0487347015825407e-05
camstar manufacturing execution system mes,Hard Skill,0,1,0.0,1.0487347015825407e-05,-1.0487347015825407e-05
camstar systems camstar semiconductor suite,Hard Skill,0,1,0.0,1.0487347015825407e-05,-1.0487347015825407e-05
cancergene,Hard Skill,0,1,0.0,1.0487347015825407e-05,-1.0487347015825407e-05
candidate screening software,Hard Skill,0,1,0.0,1.0487347015825407e-05,-1.0487347015825407e-05
candidate tracking software,Hard Skill,0,1,0.0,1.0487347015825407e-05,-1.0487347015825407e-05
canonical launchpad,Hard Skill,0,1,0.0,1.0487347015825407e-05,-1.0487347015825407e-05
canorus,Hard Skill,0,1,0.0,1.0487347015825407e-05,-1.0487347015825407e-05
cantovation sing & see,Hard Skill,0,1,0.0,1.0487347015825407e-05,-1.0487347015825407e-05
turtle creek software goldenseal (time accounting feature),Hard Skill,0,1,0.0,1.0487347015825407e-05,-1.0487347015825407e-05
turtle creek software goldenseal architect,Hard Skill,0,1,0.0,1.0487347015825407e-05,-1.0487347015825407e-05
tuxguitar,Hard Skill,0,1,0.0,1.0487347015825407e-05,-1.0487347015825407e-05
twelve tone matrix calculator,Hard Skill,0,1,0.0,1.0487347015825407e-05,-1.0487347015825407e-05
twelve tone row analyzer,Hard Skill,0,1,0.0,1.0487347015825407e-05,-1.0487347015825407e-05
twiki,Hard Skill,0,1,0.0,1.0487347015825407e-05,-1.0487347015825407e-05
twin tiers technologies cims,Hard Skill,0,1,0.0,1.0487347015825407e-05,-1.0487347015825407e-05
twin tiers technologies mims,Hard Skill,0,1,0.0,1.0487347015825407e-05,-1.0487347015825407e-05
cape systems cape pack,Hard Skill,0,1,0.0,1.0487347015825407e-05,-1.0487347015825407e-05
cape systems truckfill,Hard Skill,0,1,0.0,1.0487347015825407e-05,-1.0487347015825407e-05
capital codeworks menumax,Hard Skill,0,1,0.0,1.0487347015825407e-05,-1.0487347015825407e-05
capsher technology suretec,Hard Skill,0,1,0.0,1.0487347015825407e-05,-1.0487347015825407e-05
capsys capture,Hard Skill,0,1,0.0,1.0487347015825407e-05,-1.0487347015825407e-05
captaris alchemy,Hard Skill,0,1,0.0,1.0487347015825407e-05,-1.0487347015825407e-05
capterra enterprise resource planning,Hard Skill,0,1,0.0,1.0487347015825407e-05,-1.0487347015825407e-05
captiva inputaccel,Hard Skill,0,1,0.0,1.0487347015825407e-05,-1.0487347015825407e-05
card key management software,Hard Skill,0,1,0.0,1.0487347015825407e-05,-1.0487347015825407e-05
care paths erecord,Hard Skill,0,1,0.0,1.0487347015825407e-05,-1.0487347015825407e-05
carecentric mestamed,Hard Skill,0,1,0.0,1.0487347015825407e-05,-1.0487347015825407e-05
career cruising,Hard Skill,0,1,0.0,1.0487347015825407e-05,-1.0487347015825407e-05
career decision-making programs,Hard Skill,0,1,0.0,1.0487347015825407e-05,-1.0487347015825407e-05
cammack computations inter-est,Hard Skill,0,1,0.0,1.0487347015825407e-05,-1.0487347015825407e-05
camp software art licensing manager,Hard Skill,0,1,0.0,1.0487347015825407e-05,-1.0487347015825407e-05
campaign monitor,Hard Skill,0,1,0.0,1.0487347015825407e-05,-1.0487347015825407e-05
caseware international idea smartanalyzer,Hard Skill,0,1,0.0,1.0487347015825407e-05,-1.0487347015825407e-05
career dimensions focus 2,Hard Skill,0,1,0.0,1.0487347015825407e-05,-1.0487347015825407e-05
career zone,Hard Skill,0,1,0.0,1.0487347015825407e-05,-1.0487347015825407e-05
careerbuilder.com,Hard Skill,0,1,0.0,1.0487347015825407e-05,-1.0487347015825407e-05
careone careensure,Hard Skill,0,1,0.0,1.0487347015825407e-05,-1.0487347015825407e-05
cargo tracking system software,Hard Skill,0,1,0.0,1.0487347015825407e-05,-1.0487347015825407e-05
cargowise edienterprise,Hard Skill,0,1,0.0,1.0487347015825407e-05,-1.0487347015825407e-05
caris hips,Hard Skill,0,1,0.0,1.0487347015825407e-05,-1.0487347015825407e-05
caris sips,Hard Skill,0,1,0.0,1.0487347015825407e-05,-1.0487347015825407e-05
carlson civil suite,Hard Skill,0,1,0.0,1.0487347015825407e-05,-1.0487347015825407e-05
carlson simplicity sight survey,Hard Skill,0,1,0.0,1.0487347015825407e-05,-1.0487347015825407e-05
carlson survce,Hard Skill,0,1,0.0,1.0487347015825407e-05,-1.0487347015825407e-05
carpet dealer management system cdms,Hard Skill,0,1,0.0,1.0487347015825407e-05,-1.0487347015825407e-05
carrier hourly analysis program hap,Hard Skill,0,1,0.0,1.0487347015825407e-05,-1.0487347015825407e-05
cap88-pc,Hard Skill,0,1,0.0,1.0487347015825407e-05,-1.0487347015825407e-05
capacity planning software,Hard Skill,0,1,0.0,1.0487347015825407e-05,-1.0487347015825407e-05
tunable instrument tuner,Hard Skill,0,1,0.0,1.0487347015825407e-05,-1.0487347015825407e-05
tunelab,Hard Skill,0,1,0.0,1.0487347015825407e-05,-1.0487347015825407e-05
tunic onlypure,Hard Skill,0,1,0.0,1.0487347015825407e-05,-1.0487347015825407e-05
turbo spring-stat,Hard Skill,0,1,0.0,1.0487347015825407e-05,-1.0487347015825407e-05
turning technologies turningpoint,Hard Skill,0,1,0.0,1.0487347015825407e-05,-1.0487347015825407e-05
turtle creek software goldenseal (accounting feature),Hard Skill,0,1,0.0,1.0487347015825407e-05,-1.0487347015825407e-05
turtle creek software goldenseal (calendar and scheduling feature),Hard Skill,0,1,0.0,1.0487347015825407e-05,-1.0487347015825407e-05
carrier-mediated transport software,Hard Skill,0,1,0.0,1.0487347015825407e-05,-1.0487347015825407e-05
cartesis magnitude ianalysis,Hard Skill,0,1,0.0,1.0487347015825407e-05,-1.0487347015825407e-05
case analysis software,Hard Skill,0,1,0.0,1.0487347015825407e-05,-1.0487347015825407e-05
casebank spotlight,Hard Skill,0,1,0.0,1.0487347015825407e-05,-1.0487347015825407e-05
casemanagement.com e-reports,Hard Skill,0,1,0.0,1.0487347015825407e-05,-1.0487347015825407e-05
casesoft depprep,Hard Skill,0,1,0.0,1.0487347015825407e-05,-1.0487347015825407e-05
casesoft textmap,Hard Skill,0,1,0.0,1.0487347015825407e-05,-1.0487347015825407e-05
casesoft timemap,Hard Skill,0,1,0.0,1.0487347015825407e-05,-1.0487347015825407e-05
caseware international idea,Hard Skill,0,1,0.0,1.0487347015825407e-05,-1.0487347015825407e-05
castek insure3 claims,Hard Skill,0,1,0.0,1.0487347015825407e-05,-1.0487347015825407e-05
cataloging software,Hard Skill,0,1,0.0,1.0487347015825407e-05,-1.0487347015825407e-05
catalyst international catalystconnect,Hard Skill,0,1,0.0,1.0487347015825407e-05,-1.0487347015825407e-05
catalyst repository systems catalystcr,Hard Skill,0,1,0.0,1.0487347015825407e-05,-1.0487347015825407e-05
catalyst repository systems catalystdr,Hard Skill,0,1,0.0,1.0487347015825407e-05,-1.0487347015825407e-05
catalyst repository systems catalystxe,Hard Skill,0,1,0.0,1.0487347015825407e-05,-1.0487347015825407e-05
catapult software ipower scada,Hard Skill,0,1,0.0,1.0487347015825407e-05,-1.0487347015825407e-05
catchlog trading catchlog,Hard Skill,0,1,0.0,1.0487347015825407e-05,-1.0487347015825407e-05
catchtheweb,Hard Skill,0,1,0.0,1.0487347015825407e-05,-1.0487347015825407e-05
category fluency test,Hard Skill,0,1,0.0,1.0487347015825407e-05,-1.0487347015825407e-05
caterpillar cat minestar system,Hard Skill,0,1,0.0,1.0487347015825407e-05,-1.0487347015825407e-05
truecrypt,Hard Skill,0,1,0.0,1.0487347015825407e-05,-1.0487347015825407e-05
truepianos,Hard Skill,0,1,0.0,1.0487347015825407e-05,-1.0487347015825407e-05
ttp labtech compound,Hard Skill,0,1,0.0,1.0487347015825407e-05,-1.0487347015825407e-05
tuba software,Hard Skill,0,1,0.0,1.0487347015825407e-05,-1.0487347015825407e-05
tucows chembase,Hard Skill,0,1,0.0,1.0487347015825407e-05,-1.0487347015825407e-05
caterpro,Hard Skill,0,1,0.0,1.0487347015825407e-05,-1.0487347015825407e-05
catnyp,Hard Skill,0,1,0.0,1.0487347015825407e-05,-1.0487347015825407e-05
cattleworks,Hard Skill,0,1,0.0,1.0487347015825407e-05,-1.0487347015825407e-05
cave5d,Hard Skill,0,1,0.0,1.0487347015825407e-05,-1.0487347015825407e-05
cazm,Hard Skill,0,1,0.0,1.0487347015825407e-05,-1.0487347015825407e-05
cbord group menu management system,Hard Skill,0,1,0.0,1.0487347015825407e-05,-1.0487347015825407e-05
cbord netrecipe,Hard Skill,0,1,0.0,1.0487347015825407e-05,-1.0487347015825407e-05
cbs prolog manager,Hard Skill,0,1,0.0,1.0487347015825407e-05,-1.0487347015825407e-05
ccbill,Hard Skill,0,1,0.0,1.0487347015825407e-05,-1.0487347015825407e-05
ccc eznet electronic communications network,Hard Skill,0,1,0.0,1.0487347015825407e-05,-1.0487347015825407e-05
ccc guidepost decision support,Hard Skill,0,1,0.0,1.0487347015825407e-05,-1.0487347015825407e-05
ccc pathways appraisal quality solution,Hard Skill,0,1,0.0,1.0487347015825407e-05,-1.0487347015825407e-05
caseware working papers,Hard Skill,0,1,0.0,1.0487347015825407e-05,-1.0487347015825407e-05
cash flow software,Hard Skill,0,1,0.0,1.0487347015825407e-05,-1.0487347015825407e-05
cashflow guardian,Hard Skill,0,1,0.0,1.0487347015825407e-05,-1.0487347015825407e-05
cast sql builder,Hard Skill,0,1,0.0,1.0487347015825407e-05,-1.0487347015825407e-05
centre for multilevel modeling mlwin,Hard Skill,0,1,0.0,1.0487347015825407e-05,-1.0487347015825407e-05
centris group iep direct,Hard Skill,0,1,0.0,1.0487347015825407e-05,-1.0487347015825407e-05
ccc pathways image management solution,Hard Skill,0,1,0.0,1.0487347015825407e-05,-1.0487347015825407e-05
ccc tl2000 solution,Hard Skill,0,1,0.0,1.0487347015825407e-05,-1.0487347015825407e-05
cci newsgate,Hard Skill,0,1,0.0,1.0487347015825407e-05,-1.0487347015825407e-05
ccp4,Hard Skill,0,1,0.0,1.0487347015825407e-05,-1.0487347015825407e-05
cd-adapco star-cad,Hard Skill,0,1,0.0,1.0487347015825407e-05,-1.0487347015825407e-05
cdc supply chain,Hard Skill,0,1,0.0,1.0487347015825407e-05,-1.0487347015825407e-05
cdi electronics m.e.d.s.,Hard Skill,0,1,0.0,1.0487347015825407e-05,-1.0487347015825407e-05
ce surveyor iii,Hard Skill,0,1,0.0,1.0487347015825407e-05,-1.0487347015825407e-05
cebos mq1 audit system,Hard Skill,0,1,0.0,1.0487347015825407e-05,-1.0487347015825407e-05
cebos mq1 software,Hard Skill,0,1,0.0,1.0487347015825407e-05,-1.0487347015825407e-05
cedaron dexter evaluation & impairment rating,Hard Skill,0,1,0.0,1.0487347015825407e-05,-1.0487347015825407e-05
cedas gateway,Hard Skill,0,1,0.0,1.0487347015825407e-05,-1.0487347015825407e-05
cedrus superlab pro,Hard Skill,0,1,0.0,1.0487347015825407e-05,-1.0487347015825407e-05
caterpillar command,Hard Skill,0,1,0.0,1.0487347015825407e-05,-1.0487347015825407e-05
tropics workers' compensation software,Hard Skill,0,1,0.0,1.0487347015825407e-05,-1.0487347015825407e-05
troubleshooting software,Hard Skill,0,1,0.0,1.0487347015825407e-05,-1.0487347015825407e-05
trs software tomcadd,Hard Skill,0,1,0.0,1.0487347015825407e-05,-1.0487347015825407e-05
truckershelper,Hard Skill,0,1,0.0,1.0487347015825407e-05,-1.0487347015825407e-05
true audio winspeakerz,Hard Skill,0,1,0.0,1.0487347015825407e-05,-1.0487347015825407e-05
ceejs the pet groomer's secretary,Hard Skill,0,1,0.0,1.0487347015825407e-05,-1.0487347015825407e-05
cegedim target software target sfa pharmaceutical suite,Hard Skill,0,1,0.0,1.0487347015825407e-05,-1.0487347015825407e-05
celeritive technologies volumill,Hard Skill,0,1,0.0,1.0487347015825407e-05,-1.0487347015825407e-05
cell bioscience automated image capture,Hard Skill,0,1,0.0,1.0487347015825407e-05,-1.0487347015825407e-05
celsys retas,Hard Skill,0,1,0.0,1.0487347015825407e-05,-1.0487347015825407e-05
cengage learning sniffy the virtual rat,Hard Skill,0,1,0.0,1.0487347015825407e-05,-1.0487347015825407e-05
cenon,Hard Skill,0,1,0.0,1.0487347015825407e-05,-1.0487347015825407e-05
centaur systems centaur travel business management system tbms,Hard Skill,0,1,0.0,1.0487347015825407e-05,-1.0487347015825407e-05
center for computer-assisted legal instruction cali author,Hard Skill,0,1,0.0,1.0487347015825407e-05,-1.0487347015825407e-05
center for computer-assisted legal instruction cali classcaster,Hard Skill,0,1,0.0,1.0487347015825407e-05,-1.0487347015825407e-05
center tracon automation systems ctas,Hard Skill,0,1,0.0,1.0487347015825407e-05,-1.0487347015825407e-05
cerebro cerebromix,Hard Skill,0,1,0.0,1.0487347015825407e-05,-1.0487347015825407e-05
cern physics analysis workstation paw,Hard Skill,0,1,0.0,1.0487347015825407e-05,-1.0487347015825407e-05
cern root,Hard Skill,0,1,0.0,1.0487347015825407e-05,-1.0487347015825407e-05
cerner copathplus,Hard Skill,0,1,0.0,1.0487347015825407e-05,-1.0487347015825407e-05
cerner millennium pathnet blood bank transfusion,Hard Skill,0,1,0.0,1.0487347015825407e-05,-1.0487347015825407e-05
cerner millennium profit,Hard Skill,0,1,0.0,1.0487347015825407e-05,-1.0487347015825407e-05
cerner powerchart,Hard Skill,0,1,0.0,1.0487347015825407e-05,-1.0487347015825407e-05
cesare risk,Hard Skill,0,1,0.0,1.0487347015825407e-05,-1.0487347015825407e-05
triton elics international isis,Hard Skill,0,1,0.0,1.0487347015825407e-05,-1.0487347015825407e-05
triton elics international seaclass,Hard Skill,0,1,0.0,1.0487347015825407e-05,-1.0487347015825407e-05
trivantis coursemill,Hard Skill,0,1,0.0,1.0487347015825407e-05,-1.0487347015825407e-05
trix tractrix,Hard Skill,0,1,0.0,1.0487347015825407e-05,-1.0487347015825407e-05
trizetto qnxt,Hard Skill,0,1,0.0,1.0487347015825407e-05,-1.0487347015825407e-05
trl software transyt,Hard Skill,0,1,0.0,1.0487347015825407e-05,-1.0487347015825407e-05
trmi airport avi,Hard Skill,0,1,0.0,1.0487347015825407e-05,-1.0487347015825407e-05
tropics claims reserve management,Hard Skill,0,1,0.0,1.0487347015825407e-05,-1.0487347015825407e-05
tripod data systems software,Hard Skill,0,1,0.0,1.0487347015825407e-05,-1.0487347015825407e-05
tripos sybyl,Hard Skill,0,1,0.0,1.0487347015825407e-05,-1.0487347015825407e-05
tritech financial systems general insurance management system gims,Hard Skill,0,1,0.0,1.0487347015825407e-05,-1.0487347015825407e-05
cfmc cosi,Hard Skill,0,1,0.0,1.0487347015825407e-05,-1.0487347015825407e-05
cfmc soundsurvent,Hard Skill,0,1,0.0,1.0487347015825407e-05,-1.0487347015825407e-05
cgg hampsonrussell,Hard Skill,0,1,0.0,1.0487347015825407e-05,-1.0487347015825407e-05
cgi insideout,Hard Skill,0,1,0.0,1.0487347015825407e-05,-1.0487347015825407e-05
chalkware education solutions ieppro,Hard Skill,0,1,0.0,1.0487347015825407e-05,-1.0487347015825407e-05
chang bioscience toolkit,Hard Skill,0,1,0.0,1.0487347015825407e-05,-1.0487347015825407e-05
chaos enscape,Hard Skill,0,1,0.0,1.0487347015825407e-05,-1.0487347015825407e-05
character studio,Hard Skill,0,1,0.0,1.0487347015825407e-05,-1.0487347015825407e-05
charles river development charles river investment management system,Hard Skill,0,1,0.0,1.0487347015825407e-05,-1.0487347015825407e-05
charm++,Hard Skill,0,1,0.0,1.0487347015825407e-05,-1.0487347015825407e-05
centris group rtim direct,Hard Skill,0,1,0.0,1.0487347015825407e-05,-1.0487347015825407e-05
cents,Hard Skill,0,1,0.0,1.0487347015825407e-05,-1.0487347015825407e-05
cerc emit,Hard Skill,0,1,0.0,1.0487347015825407e-05,-1.0487347015825407e-05
check imaging software,Hard Skill,0,1,0.0,1.0487347015825407e-05,-1.0487347015825407e-05
check point next generation secure web gateway,Hard Skill,0,1,0.0,1.0487347015825407e-05,-1.0487347015825407e-05
check processing software,Hard Skill,0,1,0.0,1.0487347015825407e-05,-1.0487347015825407e-05
check sorting control software,Hard Skill,0,1,0.0,1.0487347015825407e-05,-1.0487347015825407e-05
cheetah international smartcat,Hard Skill,0,1,0.0,1.0487347015825407e-05,-1.0487347015825407e-05
cheetah3d,Hard Skill,0,1,0.0,1.0487347015825407e-05,-1.0487347015825407e-05
chefdesk chef's calculators,Hard Skill,0,1,0.0,1.0487347015825407e-05,-1.0487347015825407e-05
chem2pac,Hard Skill,0,1,0.0,1.0487347015825407e-05,-1.0487347015825407e-05
chemical kinetics software,Hard Skill,0,1,0.0,1.0487347015825407e-05,-1.0487347015825407e-05
trimble mytopo terrain navigator pro,Hard Skill,0,1,0.0,1.0487347015825407e-05,-1.0487347015825407e-05
trimble total control,Hard Skill,0,1,0.0,1.0487347015825407e-05,-1.0487347015825407e-05
trinity software solutions beacon,Hard Skill,0,1,0.0,1.0487347015825407e-05,-1.0487347015825407e-05
triple g ultra laboratory information system,Hard Skill,0,1,0.0,1.0487347015825407e-05,-1.0487347015825407e-05
triple point commodity xl,Hard Skill,0,1,0.0,1.0487347015825407e-05,-1.0487347015825407e-05
tripod data systems cogo,Hard Skill,0,1,0.0,1.0487347015825407e-05,-1.0487347015825407e-05
tripod data systems foresight,Hard Skill,0,1,0.0,1.0487347015825407e-05,-1.0487347015825407e-05
chordwizard software soundtrix gold,Hard Skill,0,1,0.0,1.0487347015825407e-05,-1.0487347015825407e-05
chemical management tracking software,Hard Skill,0,1,0.0,1.0487347015825407e-05,-1.0487347015825407e-05
chemicalogic steamtab,Hard Skill,0,1,0.0,1.0487347015825407e-05,-1.0487347015825407e-05
chemicals and irrigation candi,Hard Skill,0,1,0.0,1.0487347015825407e-05,-1.0487347015825407e-05
chemistry at harvard molecular mechanics charmm,Hard Skill,0,1,0.0,1.0487347015825407e-05,-1.0487347015825407e-05
chempute software chemdraw,Hard Skill,0,1,0.0,1.0487347015825407e-05,-1.0487347015825407e-05
chempute software engineer's aide sinet,Hard Skill,0,1,0.0,1.0487347015825407e-05,-1.0487347015825407e-05
chempute software estpro,Hard Skill,0,1,0.0,1.0487347015825407e-05,-1.0487347015825407e-05
chempute software hsc chemistry,Hard Skill,0,1,0.0,1.0487347015825407e-05,-1.0487347015825407e-05
chempute software superpro designer,Hard Skill,0,1,0.0,1.0487347015825407e-05,-1.0487347015825407e-05
chempute software visimix,Hard Skill,0,1,0.0,1.0487347015825407e-05,-1.0487347015825407e-05
chemstations chemcad,Hard Skill,0,1,0.0,1.0487347015825407e-05,-1.0487347015825407e-05
chemsw buffer maker,Hard Skill,0,1,0.0,1.0487347015825407e-05,-1.0487347015825407e-05
chemsw calibration pro,Hard Skill,0,1,0.0,1.0487347015825407e-05,-1.0487347015825407e-05
chemsw chemical inventory system cis,Hard Skill,0,1,0.0,1.0487347015825407e-05,-1.0487347015825407e-05
chase software solutions court reporting software,Hard Skill,0,1,0.0,1.0487347015825407e-05,-1.0487347015825407e-05
trimble aggps multiplane,Hard Skill,0,1,0.0,1.0487347015825407e-05,-1.0487347015825407e-05
trimble cengea,Hard Skill,0,1,0.0,1.0487347015825407e-05,-1.0487347015825407e-05
trimble farm works,Hard Skill,0,1,0.0,1.0487347015825407e-05,-1.0487347015825407e-05
chemsw laboratory document control system ldcs,Hard Skill,0,1,0.0,1.0487347015825407e-05,-1.0487347015825407e-05
chemsw mass spec tools,Hard Skill,0,1,0.0,1.0487347015825407e-05,-1.0487347015825407e-05
chemsw molecular modeling pro,Hard Skill,0,1,0.0,1.0487347015825407e-05,-1.0487347015825407e-05
chemsw uncertainty pro,Hard Skill,0,1,0.0,1.0487347015825407e-05,-1.0487347015825407e-05
chesapeake interlink needles,Hard Skill,0,1,0.0,1.0487347015825407e-05,-1.0487347015825407e-05
cheshire financial planning suite,Hard Skill,0,1,0.0,1.0487347015825407e-05,-1.0487347015825407e-05
children's depression inventory,Hard Skill,0,1,0.0,1.0487347015825407e-05,-1.0487347015825407e-05
chilled water system analysis tool cwsat,Hard Skill,0,1,0.0,1.0487347015825407e-05,-1.0487347015825407e-05
chinotec technologies paros,Hard Skill,0,1,0.0,1.0487347015825407e-05,-1.0487347015825407e-05
chip design software,Hard Skill,0,1,0.0,1.0487347015825407e-05,-1.0487347015825407e-05
chirosoft,Hard Skill,0,1,0.0,1.0487347015825407e-05,-1.0487347015825407e-05
chirotouch ehr,Hard Skill,0,1,0.0,1.0487347015825407e-05,-1.0487347015825407e-05
choice technologies powerbill +,Hard Skill,0,1,0.0,1.0487347015825407e-05,-1.0487347015825407e-05
chyron camio,Hard Skill,0,1,0.0,1.0487347015825407e-05,-1.0487347015825407e-05
cimatron cimatrone,Hard Skill,0,1,0.0,1.0487347015825407e-05,-1.0487347015825407e-05
cimatron cimatrone master,Hard Skill,0,1,0.0,1.0487347015825407e-05,-1.0487347015825407e-05
cimatron computer-aided design and manufacturing software,Hard Skill,0,1,0.0,1.0487347015825407e-05,-1.0487347015825407e-05
circuit evaluation software,Hard Skill,0,1,0.0,1.0487347015825407e-05,-1.0487347015825407e-05
cirrus group daycare works,Hard Skill,0,1,0.0,1.0487347015825407e-05,-1.0487347015825407e-05
cisco anyconnect,Hard Skill,0,1,0.0,1.0487347015825407e-05,-1.0487347015825407e-05
cisco software acs animal control system,Hard Skill,0,1,0.0,1.0487347015825407e-05,-1.0487347015825407e-05
treeage software treeage pro,Hard Skill,0,1,0.0,1.0487347015825407e-05,-1.0487347015825407e-05
treeno software treeno content server,Hard Skill,0,1,0.0,1.0487347015825407e-05,-1.0487347015825407e-05
treeview,Hard Skill,0,1,0.0,1.0487347015825407e-05,-1.0487347015825407e-05
trend micro tippingpoint,Hard Skill,0,1,0.0,1.0487347015825407e-05,-1.0487347015825407e-05
trendtracker compliance solution,Hard Skill,0,1,0.0,1.0487347015825407e-05,-1.0487347015825407e-05
trialworks,Hard Skill,0,1,0.0,1.0487347015825407e-05,-1.0487347015825407e-05
triangle research collaborative observational coding system ocs tools,Hard Skill,0,1,0.0,1.0487347015825407e-05,-1.0487347015825407e-05
trigon road forte leave management,Hard Skill,0,1,0.0,1.0487347015825407e-05,-1.0487347015825407e-05
trax animal control and dog warden officer software,Hard Skill,0,1,0.0,1.0487347015825407e-05,-1.0487347015825407e-05
trc consultants phdwin,Hard Skill,0,1,0.0,1.0487347015825407e-05,-1.0487347015825407e-05
treatment planning software,Hard Skill,0,1,0.0,1.0487347015825407e-05,-1.0487347015825407e-05
cisco systems cisco web cache communication protocol wccp,Hard Skill,0,1,0.0,1.0487347015825407e-05,-1.0487347015825407e-05
cisco systems gateway load balancing protocol glbp,Hard Skill,0,1,0.0,1.0487347015825407e-05,-1.0487347015825407e-05
cisco systems hot standby router protocol hsrp,Hard Skill,0,1,0.0,1.0487347015825407e-05,-1.0487347015825407e-05
cisco systems wan manager,Hard Skill,0,1,0.0,1.0487347015825407e-05,-1.0487347015825407e-05
cisco systems wireless control system wcs,Hard Skill,0,1,0.0,1.0487347015825407e-05,-1.0487347015825407e-05
cision cisionpoint,Hard Skill,0,1,0.0,1.0487347015825407e-05,-1.0487347015825407e-05
citect iim,Hard Skill,0,1,0.0,1.0487347015825407e-05,-1.0487347015825407e-05
citectscada reports,Hard Skill,0,1,0.0,1.0487347015825407e-05,-1.0487347015825407e-05
citi the yield book calculator,Hard Skill,0,1,0.0,1.0487347015825407e-05,-1.0487347015825407e-05
citilabs tranplan,Hard Skill,0,1,0.0,1.0487347015825407e-05,-1.0487347015825407e-05
chorel technology dance designer,Hard Skill,0,1,0.0,1.0487347015825407e-05,-1.0487347015825407e-05
choreography software,Hard Skill,0,1,0.0,1.0487347015825407e-05,-1.0487347015825407e-05
chrome river expense,Hard Skill,0,1,0.0,1.0487347015825407e-05,-1.0487347015825407e-05
claims processing administration and management software,Hard Skill,0,1,0.0,1.0487347015825407e-05,-1.0487347015825407e-05
clarified networks clarified analyzer,Hard Skill,0,1,0.0,1.0487347015825407e-05,-1.0487347015825407e-05
claritas consumerpoint,Hard Skill,0,1,0.0,1.0487347015825407e-05,-1.0487347015825407e-05
claritas prizm ne,Hard Skill,0,1,0.0,1.0487347015825407e-05,-1.0487347015825407e-05
clarizen,Hard Skill,0,1,0.0,1.0487347015825407e-05,-1.0487347015825407e-05
clark labs cartalinx,Hard Skill,0,1,0.0,1.0487347015825407e-05,-1.0487347015825407e-05
clark labs idrisi,Hard Skill,0,1,0.0,1.0487347015825407e-05,-1.0487347015825407e-05
clark labs idrisi selva,Hard Skill,0,1,0.0,1.0487347015825407e-05,-1.0487347015825407e-05
classapps selectsurveyasp,Hard Skill,0,1,0.0,1.0487347015825407e-05,-1.0487347015825407e-05
classification web,Hard Skill,0,1,0.0,1.0487347015825407e-05,-1.0487347015825407e-05
transportation planning software,Hard Skill,0,1,0.0,1.0487347015825407e-05,-1.0487347015825407e-05
transtek compass erp,Hard Skill,0,1,0.0,1.0487347015825407e-05,-1.0487347015825407e-05
trapcode particular,Hard Skill,0,1,0.0,1.0487347015825407e-05,-1.0487347015825407e-05
travelcarma,Hard Skill,0,1,0.0,1.0487347015825407e-05,-1.0487347015825407e-05
travii reservation system software,Hard Skill,0,1,0.0,1.0487347015825407e-05,-1.0487347015825407e-05
travis software travisflex,Hard Skill,0,1,0.0,1.0487347015825407e-05,-1.0487347015825407e-05
transoft solutions autoturn,Hard Skill,0,1,0.0,1.0487347015825407e-05,-1.0487347015825407e-05
transparent interconnection of lots of links trill,Hard Skill,0,1,0.0,1.0487347015825407e-05,-1.0487347015825407e-05
transpolink bidleads,Hard Skill,0,1,0.0,1.0487347015825407e-05,-1.0487347015825407e-05
clayton wallis compgeo online professional forecast library,Hard Skill,0,1,0.0,1.0487347015825407e-05,-1.0487347015825407e-05
clear books,Hard Skill,0,1,0.0,1.0487347015825407e-05,-1.0487347015825407e-05
clear technology tranzax,Hard Skill,0,1,0.0,1.0487347015825407e-05,-1.0487347015825407e-05
clearedge,Hard Skill,0,1,0.0,1.0487347015825407e-05,-1.0487347015825407e-05
click musicalkeys,Hard Skill,0,1,0.0,1.0487347015825407e-05,-1.0487347015825407e-05
click1003 online mortgage application,Hard Skill,0,1,0.0,1.0487347015825407e-05,-1.0487347015825407e-05
client assessment software,Hard Skill,0,1,0.0,1.0487347015825407e-05,-1.0487347015825407e-05
client billing software,Hard Skill,0,1,0.0,1.0487347015825407e-05,-1.0487347015825407e-05
client information database software,Hard Skill,0,1,0.0,1.0487347015825407e-05,-1.0487347015825407e-05
client information database systems,Hard Skill,0,1,0.0,1.0487347015825407e-05,-1.0487347015825407e-05
client information databases,Hard Skill,0,1,0.0,1.0487347015825407e-05,-1.0487347015825407e-05
client profiles case management,Hard Skill,0,1,0.0,1.0487347015825407e-05,-1.0487347015825407e-05
client records software,Hard Skill,0,1,0.0,1.0487347015825407e-05,-1.0487347015825407e-05
clinical information systems cislab cps,Hard Skill,0,1,0.0,1.0487347015825407e-05,-1.0487347015825407e-05
clinical trials database software,Hard Skill,0,1,0.0,1.0487347015825407e-05,-1.0487347015825407e-05
clinicient insight,Hard Skill,0,1,0.0,1.0487347015825407e-05,-1.0487347015825407e-05
clinitrend,Hard Skill,0,1,0.0,1.0487347015825407e-05,-1.0487347015825407e-05
clinivate clinitrak,Hard Skill,0,1,0.0,1.0487347015825407e-05,-1.0487347015825407e-05
clipper,Hard Skill,0,1,0.0,1.0487347015825407e-05,-1.0487347015825407e-05
clo virtual fashion marvelous designer,Hard Skill,0,1,0.0,1.0487347015825407e-05,-1.0487347015825407e-05
clockware,Hard Skill,0,1,0.0,1.0487347015825407e-05,-1.0487347015825407e-05
trane system analyzer,Hard Skill,0,1,0.0,1.0487347015825407e-05,-1.0487347015825407e-05
transaction accounting software,Hard Skill,0,1,0.0,1.0487347015825407e-05,-1.0487347015825407e-05
transaction processing software,Hard Skill,0,1,0.0,1.0487347015825407e-05,-1.0487347015825407e-05
transas group pisces2,Hard Skill,0,1,0.0,1.0487347015825407e-05,-1.0487347015825407e-05
transcend technologies group benefitsconnect,Hard Skill,0,1,0.0,1.0487347015825407e-05,-1.0487347015825407e-05
transcription system software,Hard Skill,0,1,0.0,1.0487347015825407e-05,-1.0487347015825407e-05
transient reactor analysis code trac,Hard Skill,0,1,0.0,1.0487347015825407e-05,-1.0487347015825407e-05
transmission line simulators,Hard Skill,0,1,0.0,1.0487347015825407e-05,-1.0487347015825407e-05
code libraries,Hard Skill,0,1,0.0,1.0487347015825407e-05,-1.0487347015825407e-05
code line art files,Hard Skill,0,1,0.0,1.0487347015825407e-05,-1.0487347015825407e-05
cloudworks,Hard Skill,0,1,0.0,1.0487347015825407e-05,-1.0487347015825407e-05
clubsoft food & beverage point of sale,Hard Skill,0,1,0.0,1.0487347015825407e-05,-1.0487347015825407e-05
cluen encore,Hard Skill,0,1,0.0,1.0487347015825407e-05,-1.0487347015825407e-05
cluen executive recruitment software,Hard Skill,0,1,0.0,1.0487347015825407e-05,-1.0487347015825407e-05
clustering software,Hard Skill,0,1,0.0,1.0487347015825407e-05,-1.0487347015825407e-05
clustermatic,Hard Skill,0,1,0.0,1.0487347015825407e-05,-1.0487347015825407e-05
cma stuffers,Hard Skill,0,1,0.0,1.0487347015825407e-05,-1.0487347015825407e-05
cmake,Hard Skill,0,1,0.0,1.0487347015825407e-05,-1.0487347015825407e-05
cmo compliance regulatory compliance solution,Hard Skill,0,1,0.0,1.0487347015825407e-05,-1.0487347015825407e-05
cms consultants worldlink,Hard Skill,0,1,0.0,1.0487347015825407e-05,-1.0487347015825407e-05
client system,Hard Skill,0,1,0.0,1.0487347015825407e-05,-1.0487347015825407e-05
clientrak!,Hard Skill,0,1,0.0,1.0487347015825407e-05,-1.0487347015825407e-05
climatemaster geodesigner,Hard Skill,0,1,0.0,1.0487347015825407e-05,-1.0487347015825407e-05
clinical data management system cdms,Hard Skill,0,1,0.0,1.0487347015825407e-05,-1.0487347015825407e-05
traffic control software,Hard Skill,0,1,0.0,1.0487347015825407e-05,-1.0487347015825407e-05
traffic management advisor tma software,Hard Skill,0,1,0.0,1.0487347015825407e-05,-1.0487347015825407e-05
traffic record databases,Hard Skill,0,1,0.0,1.0487347015825407e-05,-1.0487347015825407e-05
traffic shapers,Hard Skill,0,1,0.0,1.0487347015825407e-05,-1.0487347015825407e-05
trafficware synchrogreen,Hard Skill,0,1,0.0,1.0487347015825407e-05,-1.0487347015825407e-05
training software,Hard Skill,0,1,0.0,1.0487347015825407e-05,-1.0487347015825407e-05
cmt cogocad,Hard Skill,0,1,0.0,1.0487347015825407e-05,-1.0487347015825407e-05
cmt incorporated cogocad,Hard Skill,0,1,0.0,1.0487347015825407e-05,-1.0487347015825407e-05
coade cadworx p&id,Hard Skill,0,1,0.0,1.0487347015825407e-05,-1.0487347015825407e-05
coade caesar ii,Hard Skill,0,1,0.0,1.0487347015825407e-05,-1.0487347015825407e-05
coatssql,Hard Skill,0,1,0.0,1.0487347015825407e-05,-1.0487347015825407e-05
cobblestone systems contract insight,Hard Skill,0,1,0.0,1.0487347015825407e-05,-1.0487347015825407e-05
coda engine analysis system,Hard Skill,0,1,0.0,1.0487347015825407e-05,-1.0487347015825407e-05
code database software,Hard Skill,0,1,0.0,1.0487347015825407e-05,-1.0487347015825407e-05
code generator software,Hard Skill,0,1,0.0,1.0487347015825407e-05,-1.0487347015825407e-05
code hosting software,Hard Skill,0,1,0.0,1.0487347015825407e-05,-1.0487347015825407e-05
code profilers,Hard Skill,0,1,0.0,1.0487347015825407e-05,-1.0487347015825407e-05
codedcolor,Hard Skill,0,1,0.0,1.0487347015825407e-05,-1.0487347015825407e-05
codefutures dbshards,Hard Skill,0,1,0.0,1.0487347015825407e-05,-1.0487347015825407e-05
codejam memoriesontv,Hard Skill,0,1,0.0,1.0487347015825407e-05,-1.0487347015825407e-05
codon usage database,Hard Skill,0,1,0.0,1.0487347015825407e-05,-1.0487347015825407e-05
coeus,Hard Skill,0,1,0.0,1.0487347015825407e-05,-1.0487347015825407e-05
coffeecup the html editor,Hard Skill,0,1,0.0,1.0487347015825407e-05,-1.0487347015825407e-05
coin educational products climb k-5 online,Hard Skill,0,1,0.0,1.0487347015825407e-05,-1.0487347015825407e-05
coin educational products coin jr.,Hard Skill,0,1,0.0,1.0487347015825407e-05,-1.0487347015825407e-05
colasoft capsa enterprise,Hard Skill,0,1,0.0,1.0487347015825407e-05,-1.0487347015825407e-05
colasoft capsa free,Hard Skill,0,1,0.0,1.0487347015825407e-05,-1.0487347015825407e-05
tradetec computer systems tallyworks logs,Hard Skill,0,1,0.0,1.0487347015825407e-05,-1.0487347015825407e-05
tradetec tallyworks logs,Hard Skill,0,1,0.0,1.0487347015825407e-05,-1.0487347015825407e-05
tradetec tallyworks timetracker,Hard Skill,0,1,0.0,1.0487347015825407e-05,-1.0487347015825407e-05
tradeweb markets tradeweb,Hard Skill,0,1,0.0,1.0487347015825407e-05,-1.0487347015825407e-05
trading blox,Hard Skill,0,1,0.0,1.0487347015825407e-05,-1.0487347015825407e-05
commercial and industrial development project cost analysis software,Hard Skill,0,1,0.0,1.0487347015825407e-05,-1.0487347015825407e-05
colibripms software colibri,Hard Skill,0,1,0.0,1.0487347015825407e-05,-1.0487347015825407e-05
collaborative application lifecycle management alm software,Hard Skill,0,1,0.0,1.0487347015825407e-05,-1.0487347015825407e-05
collateral consequences calculator,Hard Skill,0,1,0.0,1.0487347015825407e-05,-1.0487347015825407e-05
collection data systems collectone-tiger,Hard Skill,0,1,0.0,1.0487347015825407e-05,-1.0487347015825407e-05
collection point management system cpms,Hard Skill,0,1,0.0,1.0487347015825407e-05,-1.0487347015825407e-05
college central network career services central,Hard Skill,0,1,0.0,1.0487347015825407e-05,-1.0487347015825407e-05
collegenet schedule 25,Hard Skill,0,1,0.0,1.0487347015825407e-05,-1.0487347015825407e-05
collier research hypersizer,Hard Skill,0,1,0.0,1.0487347015825407e-05,-1.0487347015825407e-05
collision damage estimation software,Hard Skill,0,1,0.0,1.0487347015825407e-05,-1.0487347015825407e-05
collision damage measurement software,Hard Skill,0,1,0.0,1.0487347015825407e-05,-1.0487347015825407e-05
color management software,Hard Skill,0,1,0.0,1.0487347015825407e-05,-1.0487347015825407e-05
colorsoft automatch,Hard Skill,0,1,0.0,1.0487347015825407e-05,-1.0487347015825407e-05
columbia ultimate archive,Hard Skill,0,1,0.0,1.0487347015825407e-05,-1.0487347015825407e-05
columbia ultimate remit,Hard Skill,0,1,0.0,1.0487347015825407e-05,-1.0487347015825407e-05
code munger software,Hard Skill,0,1,0.0,1.0487347015825407e-05,-1.0487347015825407e-05
tpnassist,Hard Skill,0,1,0.0,1.0487347015825407e-05,-1.0487347015825407e-05
traceability software,Hard Skill,0,1,0.0,1.0487347015825407e-05,-1.0487347015825407e-05
trackpro services trackpro manager,Hard Skill,0,1,0.0,1.0487347015825407e-05,-1.0487347015825407e-05
tracks software,Hard Skill,0,1,0.0,1.0487347015825407e-05,-1.0487347015825407e-05
trackum repair manager,Hard Skill,0,1,0.0,1.0487347015825407e-05,-1.0487347015825407e-05
tracware aerotrac,Hard Skill,0,1,0.0,1.0487347015825407e-05,-1.0487347015825407e-05
trade bindery software bindery estimating system,Hard Skill,0,1,0.0,1.0487347015825407e-05,-1.0487347015825407e-05
trade bindery software bindery management system,Hard Skill,0,1,0.0,1.0487347015825407e-05,-1.0487347015825407e-05
tradesman&apos;s software master estimator,Hard Skill,0,1,0.0,1.0487347015825407e-05,-1.0487347015825407e-05
columbia ultimate rpcs,Hard Skill,0,1,0.0,1.0487347015825407e-05,-1.0487347015825407e-05
combined dna index system codis,Hard Skill,0,1,0.0,1.0487347015825407e-05,-1.0487347015825407e-05
combined heat and power application tool chp,Hard Skill,0,1,0.0,1.0487347015825407e-05,-1.0487347015825407e-05
comcon datafriend,Hard Skill,0,1,0.0,1.0487347015825407e-05,-1.0487347015825407e-05
command alkon commandconcrete,Hard Skill,0,1,0.0,1.0487347015825407e-05,-1.0487347015825407e-05
command systems comserve,Hard Skill,0,1,0.0,1.0487347015825407e-05,-1.0487347015825407e-05
commence application suite,Hard Skill,0,1,0.0,1.0487347015825407e-05,-1.0487347015825407e-05
compounder software,Hard Skill,0,1,0.0,1.0487347015825407e-05,-1.0487347015825407e-05
comprehensive affect testing system cats,Hard Skill,0,1,0.0,1.0487347015825407e-05,-1.0487347015825407e-05
common cause failure assessment software,Hard Skill,0,1,0.0,1.0487347015825407e-05,-1.0487347015825407e-05
common masint exploitation tool comet,Hard Skill,0,1,0.0,1.0487347015825407e-05,-1.0487347015825407e-05
community climate system model ccsm,Hard Skill,0,1,0.0,1.0487347015825407e-05,-1.0487347015825407e-05
communityviz,Hard Skill,0,1,0.0,1.0487347015825407e-05,-1.0487347015825407e-05
commutator profiling software,Hard Skill,0,1,0.0,1.0487347015825407e-05,-1.0487347015825407e-05
compaq insight manager,Hard Skill,0,1,0.0,1.0487347015825407e-05,-1.0487347015825407e-05
compass municipal services camalot,Hard Skill,0,1,0.0,1.0487347015825407e-05,-1.0487347015825407e-05
compatibility testing software,Hard Skill,0,1,0.0,1.0487347015825407e-05,-1.0487347015825407e-05
compeat restaurant accounting systems,Hard Skill,0,1,0.0,1.0487347015825407e-05,-1.0487347015825407e-05
complaint management software,Hard Skill,0,1,0.0,1.0487347015825407e-05,-1.0487347015825407e-05
tourcms,Hard Skill,0,1,0.0,1.0487347015825407e-05,-1.0487347015825407e-05
tourtech systems tourtools,Hard Skill,0,1,0.0,1.0487347015825407e-05,-1.0487347015825407e-05
tourwriter,Hard Skill,0,1,0.0,1.0487347015825407e-05,-1.0487347015825407e-05
toxicology databases,Hard Skill,0,1,0.0,1.0487347015825407e-05,-1.0487347015825407e-05
topproducer,Hard Skill,0,1,0.0,1.0487347015825407e-05,-1.0487347015825407e-05
tops engineering maxload pro,Hard Skill,0,1,0.0,1.0487347015825407e-05,-1.0487347015825407e-05
torrid retirement planner,Hard Skill,0,1,0.0,1.0487347015825407e-05,-1.0487347015825407e-05
total officer personnel management information system topmis,Hard Skill,0,1,0.0,1.0487347015825407e-05,-1.0487347015825407e-05
total turnkey solutions e-vision,Hard Skill,0,1,0.0,1.0487347015825407e-05,-1.0487347015825407e-05
tote code,Hard Skill,0,1,0.0,1.0487347015825407e-05,-1.0487347015825407e-05
touchsuite salon,Hard Skill,0,1,0.0,1.0487347015825407e-05,-1.0487347015825407e-05
complementary-symmetry/metal-oxide semiconductor cmos layout software,Hard Skill,0,1,0.0,1.0487347015825407e-05,-1.0487347015825407e-05
complete clinic,Hard Skill,0,1,0.0,1.0487347015825407e-05,-1.0487347015825407e-05
compliance 360,Hard Skill,0,1,0.0,1.0487347015825407e-05,-1.0487347015825407e-05
compliance testing software,Hard Skill,0,1,0.0,1.0487347015825407e-05,-1.0487347015825407e-05
compliance11 supervisory suite,Hard Skill,0,1,0.0,1.0487347015825407e-05,-1.0487347015825407e-05
compliancebridge total compliance,Hard Skill,0,1,0.0,1.0487347015825407e-05,-1.0487347015825407e-05
compliancemax,Hard Skill,0,1,0.0,1.0487347015825407e-05,-1.0487347015825407e-05
complus data innovations fasttrack,Hard Skill,0,1,0.0,1.0487347015825407e-05,-1.0487347015825407e-05
component libraries,Hard Skill,0,1,0.0,1.0487347015825407e-05,-1.0487347015825407e-05
compu-cal nutrition assistant,Hard Skill,0,1,0.0,1.0487347015825407e-05,-1.0487347015825407e-05
compulaw vision,Hard Skill,0,1,0.0,1.0487347015825407e-05,-1.0487347015825407e-05
compulink business systems eyecare advantage,Hard Skill,0,1,0.0,1.0487347015825407e-05,-1.0487347015825407e-05
compulink eyecare advantage,Hard Skill,0,1,0.0,1.0487347015825407e-05,-1.0487347015825407e-05
computational dynamics star-cd,Hard Skill,0,1,0.0,1.0487347015825407e-05,-1.0487347015825407e-05
computational modeling software,Hard Skill,0,1,0.0,1.0487347015825407e-05,-1.0487347015825407e-05
computational statistics software,Hard Skill,0,1,0.0,1.0487347015825407e-05,-1.0487347015825407e-05
computer access catalog software,Hard Skill,0,1,0.0,1.0487347015825407e-05,-1.0487347015825407e-05
computer aided design and computer aided manufacturing cad/cam engraving software,Hard Skill,0,1,0.0,1.0487347015825407e-05,-1.0487347015825407e-05
topaz software symplifi (business analysis feature),Hard Skill,0,1,0.0,1.0487347015825407e-05,-1.0487347015825407e-05
topaz software symplifi (crm feature),Hard Skill,0,1,0.0,1.0487347015825407e-05,-1.0487347015825407e-05
topcaats,Hard Skill,0,1,0.0,1.0487347015825407e-05,-1.0487347015825407e-05
topdoglegal,Hard Skill,0,1,0.0,1.0487347015825407e-05,-1.0487347015825407e-05
topline software solutions topline service manager,Hard Skill,0,1,0.0,1.0487347015825407e-05,-1.0487347015825407e-05
topographic database software,Hard Skill,0,1,0.0,1.0487347015825407e-05,-1.0487347015825407e-05
topographic map software,Hard Skill,0,1,0.0,1.0487347015825407e-05,-1.0487347015825407e-05
tokenx,Hard Skill,0,1,0.0,1.0487347015825407e-05,-1.0487347015825407e-05
tolerance analysis software,Hard Skill,0,1,0.0,1.0487347015825407e-05,-1.0487347015825407e-05
tonalenergy tuner & metronome,Hard Skill,0,1,0.0,1.0487347015825407e-05,-1.0487347015825407e-05
tonality systems symoblic composer,Hard Skill,0,1,0.0,1.0487347015825407e-05,-1.0487347015825407e-05
tool center point tcp setting software,Hard Skill,0,1,0.0,1.0487347015825407e-05,-1.0487347015825407e-05
toothpics software,Hard Skill,0,1,0.0,1.0487347015825407e-05,-1.0487347015825407e-05
top systems t-flex cam,Hard Skill,0,1,0.0,1.0487347015825407e-05,-1.0487347015825407e-05
computer aided dispatching auto routing software,Hard Skill,0,1,0.0,1.0487347015825407e-05,-1.0487347015825407e-05
computer aided image analysis software,Hard Skill,0,1,0.0,1.0487347015825407e-05,-1.0487347015825407e-05
computer aided vision therapy cavt,Hard Skill,0,1,0.0,1.0487347015825407e-05,-1.0487347015825407e-05
computer algebra system for algebraic geometry casa,Hard Skill,0,1,0.0,1.0487347015825407e-05,-1.0487347015825407e-05
computer assisted diagnostic interview cadi software,Hard Skill,0,1,0.0,1.0487347015825407e-05,-1.0487347015825407e-05
computer assisted jewelry design cad software,Hard Skill,0,1,0.0,1.0487347015825407e-05,-1.0487347015825407e-05
computer assisted language learning call software,Hard Skill,0,1,0.0,1.0487347015825407e-05,-1.0487347015825407e-05
computer assisted software engineering case software,Hard Skill,0,1,0.0,1.0487347015825407e-05,-1.0487347015825407e-05
computer assisted telephone interviewing cati software,Hard Skill,0,1,0.0,1.0487347015825407e-05,-1.0487347015825407e-05
computer service and support ar 2000 laboratory billing system,Hard Skill,0,1,0.0,1.0487347015825407e-05,-1.0487347015825407e-05
computer simulation software,Hard Skill,0,1,0.0,1.0487347015825407e-05,-1.0487347015825407e-05
computer associates arcserv backup,Hard Skill,0,1,0.0,1.0487347015825407e-05,-1.0487347015825407e-05
computer directions route sales tracker,Hard Skill,0,1,0.0,1.0487347015825407e-05,-1.0487347015825407e-05
computer drawing software,Hard Skill,0,1,0.0,1.0487347015825407e-05,-1.0487347015825407e-05
computer estimation software,Hard Skill,0,1,0.0,1.0487347015825407e-05,-1.0487347015825407e-05
computer integrated manufacturing cim software,Hard Skill,0,1,0.0,1.0487347015825407e-05,-1.0487347015825407e-05
computer integrated manufacturing cim time manager software,Hard Skill,0,1,0.0,1.0487347015825407e-05,-1.0487347015825407e-05
computer integrated manufacturing cim warehouse shipping manager software,Hard Skill,0,1,0.0,1.0487347015825407e-05,-1.0487347015825407e-05
computer intrusion detection systems,Hard Skill,0,1,0.0,1.0487347015825407e-05,-1.0487347015825407e-05
tmw enterprise transportation management systems,Hard Skill,0,1,0.0,1.0487347015825407e-05,-1.0487347015825407e-05
tns marketwhys,Hard Skill,0,1,0.0,1.0487347015825407e-05,-1.0487347015825407e-05
tns miriad,Hard Skill,0,1,0.0,1.0487347015825407e-05,-1.0487347015825407e-05
toadsoft toad,Hard Skill,0,1,0.0,1.0487347015825407e-05,-1.0487347015825407e-05
token ring,Hard Skill,0,1,0.0,1.0487347015825407e-05,-1.0487347015825407e-05
tokenworks magnetic card reader,Hard Skill,0,1,0.0,1.0487347015825407e-05,-1.0487347015825407e-05
timing analysis software,Hard Skill,0,1,0.0,1.0487347015825407e-05,-1.0487347015825407e-05
timpani chat,Hard Skill,0,1,0.0,1.0487347015825407e-05,-1.0487347015825407e-05
timpani contact center,Hard Skill,0,1,0.0,1.0487347015825407e-05,-1.0487347015825407e-05
timpani email,Hard Skill,0,1,0.0,1.0487347015825407e-05,-1.0487347015825407e-05
computer linked application information management system claims,Hard Skill,0,1,0.0,1.0487347015825407e-05,-1.0487347015825407e-05
computer modeling software,Hard Skill,0,1,0.0,1.0487347015825407e-05,-1.0487347015825407e-05
computer modelling group cmg stars,Hard Skill,0,1,0.0,1.0487347015825407e-05,-1.0487347015825407e-05
computer numerical control cnc editor software,Hard Skill,0,1,0.0,1.0487347015825407e-05,-1.0487347015825407e-05
computer operating systems,Hard Skill,0,1,0.0,1.0487347015825407e-05,-1.0487347015825407e-05
computer perceptual processing software,Hard Skill,0,1,0.0,1.0487347015825407e-05,-1.0487347015825407e-05
computer reading software,Hard Skill,0,1,0.0,1.0487347015825407e-05,-1.0487347015825407e-05
computer records systems,Hard Skill,0,1,0.0,1.0487347015825407e-05,-1.0487347015825407e-05
computer reservation system crs software,Hard Skill,0,1,0.0,1.0487347015825407e-05,-1.0487347015825407e-05
computer resources mms,Hard Skill,0,1,0.0,1.0487347015825407e-05,-1.0487347015825407e-05
computer sciences corporation legal solutions suite,Hard Skill,0,1,0.0,1.0487347015825407e-05,-1.0487347015825407e-05
computer service & support cls-2000 laboratory system,Hard Skill,0,1,0.0,1.0487347015825407e-05,-1.0487347015825407e-05
computing solutions labsoft lims micro,Hard Skill,0,1,0.0,1.0487347015825407e-05,-1.0487347015825407e-05
computer system diagnostics software,Hard Skill,0,1,0.0,1.0487347015825407e-05,-1.0487347015825407e-05
computer systems company r4 acert,Hard Skill,0,1,0.0,1.0487347015825407e-05,-1.0487347015825407e-05
computer trust winsurge,Hard Skill,0,1,0.0,1.0487347015825407e-05,-1.0487347015825407e-05
computer-aided inspection software,Hard Skill,0,1,0.0,1.0487347015825407e-05,-1.0487347015825407e-05
computer-assisted career guidance software,Hard Skill,0,1,0.0,1.0487347015825407e-05,-1.0487347015825407e-05
computer-assisted live supervision,Hard Skill,0,1,0.0,1.0487347015825407e-05,-1.0487347015825407e-05
computer-assisted testing software,Hard Skill,0,1,0.0,1.0487347015825407e-05,-1.0487347015825407e-05
computerized call calendars,Hard Skill,0,1,0.0,1.0487347015825407e-05,-1.0487347015825407e-05
computerized diagnostic programs,Hard Skill,0,1,0.0,1.0487347015825407e-05,-1.0487347015825407e-05
timeline software,Hard Skill,0,1,0.0,1.0487347015825407e-05,-1.0487347015825407e-05
timeplus payroll,Hard Skill,0,1,0.0,1.0487347015825407e-05,-1.0487347015825407e-05
timepro legal software timepro,Hard Skill,0,1,0.0,1.0487347015825407e-05,-1.0487347015825407e-05
timesolv legal,Hard Skill,0,1,0.0,1.0487347015825407e-05,-1.0487347015825407e-05
timetrak systems cloctrack,Hard Skill,0,1,0.0,1.0487347015825407e-05,-1.0487347015825407e-05
timetrak systems schedtrak,Hard Skill,0,1,0.0,1.0487347015825407e-05,-1.0487347015825407e-05
timberlake consultants oxmetrics,Hard Skill,0,1,0.0,1.0487347015825407e-05,-1.0487347015825407e-05
time and payroll management software,Hard Skill,0,1,0.0,1.0487347015825407e-05,-1.0487347015825407e-05
time card software,Hard Skill,0,1,0.0,1.0487347015825407e-05,-1.0487347015825407e-05
time recording software,Hard Skill,0,1,0.0,1.0487347015825407e-05,-1.0487347015825407e-05
time report software,Hard Skill,0,1,0.0,1.0487347015825407e-05,-1.0487347015825407e-05
time series modeling tsm software,Hard Skill,0,1,0.0,1.0487347015825407e-05,-1.0487347015825407e-05
time sharing option tso software,Hard Skill,0,1,0.0,1.0487347015825407e-05,-1.0487347015825407e-05
computerized numerical control cnc machine software,Hard Skill,0,1,0.0,1.0487347015825407e-05,-1.0487347015825407e-05
computerized numerical control cnc programming software,Hard Skill,0,1,0.0,1.0487347015825407e-05,-1.0487347015825407e-05
computerized statistical packages,Hard Skill,0,1,0.0,1.0487347015825407e-05,-1.0487347015825407e-05
computerized testing programs,Hard Skill,0,1,0.0,1.0487347015825407e-05,-1.0487347015825407e-05
computerized testing software,Hard Skill,0,1,0.0,1.0487347015825407e-05,-1.0487347015825407e-05
computerized voice stress analyzer cvsa software,Hard Skill,0,1,0.0,1.0487347015825407e-05,-1.0487347015825407e-05
computers unlimited tims for audiology,Hard Skill,0,1,0.0,1.0487347015825407e-05,-1.0487347015825407e-05
computhink viewwise,Hard Skill,0,1,0.0,1.0487347015825407e-05,-1.0487347015825407e-05
computing solutions labsoft lims,Hard Skill,0,1,0.0,1.0487347015825407e-05,-1.0487347015825407e-05
computrition nutrition care management ncm select,Hard Skill,0,1,0.0,1.0487347015825407e-05,-1.0487347015825407e-05
compuware clientvantage agentless monitoring,Hard Skill,0,1,0.0,1.0487347015825407e-05,-1.0487347015825407e-05
compuweigh gms,Hard Skill,0,1,0.0,1.0487347015825407e-05,-1.0487347015825407e-05
conarc ichannel,Hard Skill,0,1,0.0,1.0487347015825407e-05,-1.0487347015825407e-05
conceptdraw,Hard Skill,0,1,0.0,1.0487347015825407e-05,-1.0487347015825407e-05
concierge systems report concierge,Hard Skill,0,1,0.0,1.0487347015825407e-05,-1.0487347015825407e-05
concurrent versions systems,Hard Skill,0,1,0.0,1.0487347015825407e-05,-1.0487347015825407e-05
conductor searchlight,Hard Skill,0,1,0.0,1.0487347015825407e-05,-1.0487347015825407e-05
conest bidtrac,Hard Skill,0,1,0.0,1.0487347015825407e-05,-1.0487347015825407e-05
conest electrical formulas,Hard Skill,0,1,0.0,1.0487347015825407e-05,-1.0487347015825407e-05
conest intellibid,Hard Skill,0,1,0.0,1.0487347015825407e-05,-1.0487347015825407e-05
conest intellibid design build,Hard Skill,0,1,0.0,1.0487347015825407e-05,-1.0487347015825407e-05
conest jobtrac,Hard Skill,0,1,0.0,1.0487347015825407e-05,-1.0487347015825407e-05
conest permit trac,Hard Skill,0,1,0.0,1.0487347015825407e-05,-1.0487347015825407e-05
tigerpaw,Hard Skill,0,1,0.0,1.0487347015825407e-05,-1.0487347015825407e-05
tigris cabie,Hard Skill,0,1,0.0,1.0487347015825407e-05,-1.0487347015825407e-05
ticket scanning software,Hard Skill,0,1,0.0,1.0487347015825407e-05,-1.0487347015825407e-05
tidepool scientific software comprehensive environmental toxicity information system cetis,Hard Skill,0,1,0.0,1.0487347015825407e-05,-1.0487347015825407e-05
tidepool scientific software toxcalc,Hard Skill,0,1,0.0,1.0487347015825407e-05,-1.0487347015825407e-05
tier generator software,Hard Skill,0,1,0.0,1.0487347015825407e-05,-1.0487347015825407e-05
tietoenator promatch,Hard Skill,0,1,0.0,1.0487347015825407e-05,-1.0487347015825407e-05
conest surecount,Hard Skill,0,1,0.0,1.0487347015825407e-05,-1.0487347015825407e-05
conest t&m billing manager,Hard Skill,0,1,0.0,1.0487347015825407e-05,-1.0487347015825407e-05
conformance and validation testing software,Hard Skill,0,1,0.0,1.0487347015825407e-05,-1.0487347015825407e-05
congruity technologies inspector,Hard Skill,0,1,0.0,1.0487347015825407e-05,-1.0487347015825407e-05
consilience software maven insurance automation suite,Hard Skill,0,1,0.0,1.0487347015825407e-05,-1.0487347015825407e-05
consolidated compartment fire model ccfm,Hard Skill,0,1,0.0,1.0487347015825407e-05,-1.0487347015825407e-05
consolidated fire and smoke transport model cfast,Hard Skill,0,1,0.0,1.0487347015825407e-05,-1.0487347015825407e-05
consolidated model of fire and smoke transport cfast,Hard Skill,0,1,0.0,1.0487347015825407e-05,-1.0487347015825407e-05
constellation justice systems courtview,Hard Skill,0,1,0.0,1.0487347015825407e-05,-1.0487347015825407e-05
constructconnect planswift,Hard Skill,0,1,0.0,1.0487347015825407e-05,-1.0487347015825407e-05
construction master pro,Hard Skill,0,1,0.0,1.0487347015825407e-05,-1.0487347015825407e-05
consult-pro,Hard Skill,0,1,0.0,1.0487347015825407e-05,-1.0487347015825407e-05
consultants in data processing hrnet,Hard Skill,0,1,0.0,1.0487347015825407e-05,-1.0487347015825407e-05
content filter software,Hard Skill,0,1,0.0,1.0487347015825407e-05,-1.0487347015825407e-05
contextminer,Hard Skill,0,1,0.0,1.0487347015825407e-05,-1.0487347015825407e-05
continuous emissions monitoring systems cems,Hard Skill,0,1,0.0,1.0487347015825407e-05,-1.0487347015825407e-05
continuous integration software,Hard Skill,0,1,0.0,1.0487347015825407e-05,-1.0487347015825407e-05
contour storyteller,Hard Skill,0,1,0.0,1.0487347015825407e-05,-1.0487347015825407e-05
contract central,Hard Skill,0,1,0.0,1.0487347015825407e-05,-1.0487347015825407e-05
contract tracking software,Hard Skill,0,1,0.0,1.0487347015825407e-05,-1.0487347015825407e-05
three-dimensional scanning software,Hard Skill,0,1,0.0,1.0487347015825407e-05,-1.0487347015825407e-05
three-dimensional simulation translation software,Hard Skill,0,1,0.0,1.0487347015825407e-05,-1.0487347015825407e-05
thriveworks therapybuddy,Hard Skill,0,1,0.0,1.0487347015825407e-05,-1.0487347015825407e-05
tibco scribe software,Hard Skill,0,1,0.0,1.0487347015825407e-05,-1.0487347015825407e-05
ticket alternative express entry,Hard Skill,0,1,0.0,1.0487347015825407e-05,-1.0487347015825407e-05
ticket information tracking software,Hard Skill,0,1,0.0,1.0487347015825407e-05,-1.0487347015825407e-05
ticket issuing software,Hard Skill,0,1,0.0,1.0487347015825407e-05,-1.0487347015825407e-05
corel ulead dvd workshop,Hard Skill,0,1,0.0,1.0487347015825407e-05,-1.0487347015825407e-05
control station engineer,Hard Skill,0,1,0.0,1.0487347015825407e-05,-1.0487347015825407e-05
control system software,Hard Skill,0,1,0.0,1.0487347015825407e-05,-1.0487347015825407e-05
controlcase compliance manager,Hard Skill,0,1,0.0,1.0487347015825407e-05,-1.0487347015825407e-05
controlled oral word association task,Hard Skill,0,1,0.0,1.0487347015825407e-05,-1.0487347015825407e-05
convention industry council cic apex toolbox,Hard Skill,0,1,0.0,1.0487347015825407e-05,-1.0487347015825407e-05
conversion tools software,Hard Skill,0,1,0.0,1.0487347015825407e-05,-1.0487347015825407e-05
convex factlogic,Hard Skill,0,1,0.0,1.0487347015825407e-05,-1.0487347015825407e-05
conveyor control software,Hard Skill,0,1,0.0,1.0487347015825407e-05,-1.0487347015825407e-05
cooking e-books,Hard Skill,0,1,0.0,1.0487347015825407e-05,-1.0487347015825407e-05
coop systems mycoop,Hard Skill,0,1,0.0,1.0487347015825407e-05,-1.0487347015825407e-05
cooperative processing resources dms professional suite,Hard Skill,0,1,0.0,1.0487347015825407e-05,-1.0487347015825407e-05
coordinate measuring machine software,Hard Skill,0,1,0.0,1.0487347015825407e-05,-1.0487347015825407e-05
coordinated incident management system cims software,Hard Skill,0,1,0.0,1.0487347015825407e-05,-1.0487347015825407e-05
consular consolidated database ccd,Hard Skill,0,1,0.0,1.0487347015825407e-05,-1.0487347015825407e-05
thoughtworks studio mingle,Hard Skill,0,1,0.0,1.0487347015825407e-05,-1.0487347015825407e-05
threaded code compiler,Hard Skill,0,1,0.0,1.0487347015825407e-05,-1.0487347015825407e-05
three-dimensional 3d computer aided design cad software,Hard Skill,0,1,0.0,1.0487347015825407e-05,-1.0487347015825407e-05
three-dimensional 3d solid modeling software,Hard Skill,0,1,0.0,1.0487347015825407e-05,-1.0487347015825407e-05
three-dimensional graphics software,Hard Skill,0,1,0.0,1.0487347015825407e-05,-1.0487347015825407e-05
three-dimensional motion capture software,Hard Skill,0,1,0.0,1.0487347015825407e-05,-1.0487347015825407e-05
three-dimensional parametric design software,Hard Skill,0,1,0.0,1.0487347015825407e-05,-1.0487347015825407e-05
copilot flight planning & e6b,Hard Skill,0,1,0.0,1.0487347015825407e-05,-1.0487347015825407e-05
copilot truck,Hard Skill,0,1,0.0,1.0487347015825407e-05,-1.0487347015825407e-05
coptimal logics autoload pro,Hard Skill,0,1,0.0,1.0487347015825407e-05,-1.0487347015825407e-05
core informatics laboratory information management system lims,Hard Skill,0,1,0.0,1.0487347015825407e-05,-1.0487347015825407e-05
core solutions care enterprise,Hard Skill,0,1,0.0,1.0487347015825407e-05,-1.0487347015825407e-05
corel corelscan,Hard Skill,0,1,0.0,1.0487347015825407e-05,-1.0487347015825407e-05
corel ocr-trace 8,Hard Skill,0,1,0.0,1.0487347015825407e-05,-1.0487347015825407e-05
corel painter sketch pad,Hard Skill,0,1,0.0,1.0487347015825407e-05,-1.0487347015825407e-05
corel paradox,Hard Skill,0,1,0.0,1.0487347015825407e-05,-1.0487347015825407e-05
corepark valet,Hard Skill,0,1,0.0,1.0487347015825407e-05,-1.0487347015825407e-05
cornucopia software practice magic,Hard Skill,0,1,0.0,1.0487347015825407e-05,-1.0487347015825407e-05
corporate information factory cif,Hard Skill,0,1,0.0,1.0487347015825407e-05,-1.0487347015825407e-05
corporate montage cadscript,Hard Skill,0,1,0.0,1.0487347015825407e-05,-1.0487347015825407e-05
corporate responsibility system technologies limited compliance positioning system,Hard Skill,0,1,0.0,1.0487347015825407e-05,-1.0487347015825407e-05
corporate responsibility system technologies limited crstl compliance positioning system,Hard Skill,0,1,0.0,1.0487347015825407e-05,-1.0487347015825407e-05
corporate systems claimspro,Hard Skill,0,1,0.0,1.0487347015825407e-05,-1.0487347015825407e-05
corporatek enact platinum,Hard Skill,0,1,0.0,1.0487347015825407e-05,-1.0487347015825407e-05
corpscon,Hard Skill,0,1,0.0,1.0487347015825407e-05,-1.0487347015825407e-05
thomson scientific dialog,Hard Skill,0,1,0.0,1.0487347015825407e-05,-1.0487347015825407e-05
thomson west cowles estate practice system,Hard Skill,0,1,0.0,1.0487347015825407e-05,-1.0487347015825407e-05
thomson west findlaw,Hard Skill,0,1,0.0,1.0487347015825407e-05,-1.0487347015825407e-05
thomson west livenote,Hard Skill,0,1,0.0,1.0487347015825407e-05,-1.0487347015825407e-05
thomson west prolaw,Hard Skill,0,1,0.0,1.0487347015825407e-05,-1.0487347015825407e-05
thought technology biograph infiniti,Hard Skill,0,1,0.0,1.0487347015825407e-05,-1.0487347015825407e-05
thoughtful systems scheduling manager for auto detailing,Hard Skill,0,1,0.0,1.0487347015825407e-05,-1.0487347015825407e-05
cppunit,Hard Skill,0,1,0.0,1.0487347015825407e-05,-1.0487347015825407e-05
cpr software floorcost estimator for excel,Hard Skill,0,1,0.0,1.0487347015825407e-05,-1.0487347015825407e-05
corrections housing software,Hard Skill,0,1,0.0,1.0487347015825407e-05,-1.0487347015825407e-05
corridordesigner,Hard Skill,0,1,0.0,1.0487347015825407e-05,-1.0487347015825407e-05
corte certo,Hard Skill,0,1,0.0,1.0487347015825407e-05,-1.0487347015825407e-05
cortex medical management systems cortex medical billing,Hard Skill,0,1,0.0,1.0487347015825407e-05,-1.0487347015825407e-05
cortex medical management systems the gold standard,Hard Skill,0,1,0.0,1.0487347015825407e-05,-1.0487347015825407e-05
cosmo software cosmo world,Hard Skill,0,1,0.0,1.0487347015825407e-05,-1.0487347015825407e-05
cost tracking software,Hard Skill,0,1,0.0,1.0487347015825407e-05,-1.0487347015825407e-05
counseling software,Hard Skill,0,1,0.0,1.0487347015825407e-05,-1.0487347015825407e-05
countersoft gemini,Hard Skill,0,1,0.0,1.0487347015825407e-05,-1.0487347015825407e-05
countryside data ag payroll,Hard Skill,0,1,0.0,1.0487347015825407e-05,-1.0487347015825407e-05
court docket management software,Hard Skill,0,1,0.0,1.0487347015825407e-05,-1.0487347015825407e-05
corel webdraw,Hard Skill,0,1,0.0,1.0487347015825407e-05,-1.0487347015825407e-05
corel winzip,Hard Skill,0,1,0.0,1.0487347015825407e-05,-1.0487347015825407e-05
corelogic debtortrace,Hard Skill,0,1,0.0,1.0487347015825407e-05,-1.0487347015825407e-05
thomson reuters ultratax cs,Hard Skill,0,1,0.0,1.0487347015825407e-05,-1.0487347015825407e-05
thomson reuters web of science,Hard Skill,0,1,0.0,1.0487347015825407e-05,-1.0487347015825407e-05
thomson reuters westlawnext,Hard Skill,0,1,0.0,1.0487347015825407e-05,-1.0487347015825407e-05
thomson reuters westlawnext litigator,Hard Skill,0,1,0.0,1.0487347015825407e-05,-1.0487347015825407e-05
court records databases,Hard Skill,0,1,0.0,1.0487347015825407e-05,-1.0487347015825407e-05
courtpages,Hard Skill,0,1,0.0,1.0487347015825407e-05,-1.0487347015825407e-05
courtroom data solutions techlennium,Hard Skill,0,1,0.0,1.0487347015825407e-05,-1.0487347015825407e-05
covansys claimconnect,Hard Skill,0,1,0.0,1.0487347015825407e-05,-1.0487347015825407e-05
coventor architect3d,Hard Skill,0,1,0.0,1.0487347015825407e-05,-1.0487347015825407e-05
coventor coventorware,Hard Skill,0,1,0.0,1.0487347015825407e-05,-1.0487347015825407e-05
covirt virtgate,Hard Skill,0,1,0.0,1.0487347015825407e-05,-1.0487347015825407e-05
cowculator,Hard Skill,0,1,0.0,1.0487347015825407e-05,-1.0487347015825407e-05
cowgame,Hard Skill,0,1,0.0,1.0487347015825407e-05,-1.0487347015825407e-05
coyote software dynascape design,Hard Skill,0,1,0.0,1.0487347015825407e-05,-1.0487347015825407e-05
cp2k,Hard Skill,0,1,0.0,1.0487347015825407e-05,-1.0487347015825407e-05
cpmd,Hard Skill,0,1,0.0,1.0487347015825407e-05,-1.0487347015825407e-05
crane operation control software,Hard Skill,0,1,0.0,1.0487347015825407e-05,-1.0487347015825407e-05
crash mapping analysis tool cmat,Hard Skill,0,1,0.0,1.0487347015825407e-05,-1.0487347015825407e-05
creative data solutions duprocess,Hard Skill,0,1,0.0,1.0487347015825407e-05,-1.0487347015825407e-05
creative research survey system,Hard Skill,0,1,0.0,1.0487347015825407e-05,-1.0487347015825407e-05
creative research systems the survey system,Hard Skill,0,1,0.0,1.0487347015825407e-05,-1.0487347015825407e-05
creative solutions cpa depreciation,Hard Skill,0,1,0.0,1.0487347015825407e-05,-1.0487347015825407e-05
creative solutions ultratax 1040,Hard Skill,0,1,0.0,1.0487347015825407e-05,-1.0487347015825407e-05
creative solutions ultratax cs,Hard Skill,0,1,0.0,1.0487347015825407e-05,-1.0487347015825407e-05
thomson reuters filecabinet cs,Hard Skill,0,1,0.0,1.0487347015825407e-05,-1.0487347015825407e-05
thomson reuters gofileroom,Hard Skill,0,1,0.0,1.0487347015825407e-05,-1.0487347015825407e-05
thomson reuters liquent coredossier submission accelerator for ectd,Hard Skill,0,1,0.0,1.0487347015825407e-05,-1.0487347015825407e-05
thomson reuters liquent insight suite,Hard Skill,0,1,0.0,1.0487347015825407e-05,-1.0487347015825407e-05
thomson reuters livenote stream,Hard Skill,0,1,0.0,1.0487347015825407e-05,-1.0487347015825407e-05
thomson reuters paisley enterprise grc,Hard Skill,0,1,0.0,1.0487347015825407e-05,-1.0487347015825407e-05
thomson reuters risk management,Hard Skill,0,1,0.0,1.0487347015825407e-05,-1.0487347015825407e-05
thomson reuters tradeweb,Hard Skill,0,1,0.0,1.0487347015825407e-05,-1.0487347015825407e-05
creative systems corporation freight-link system,Hard Skill,0,1,0.0,1.0487347015825407e-05,-1.0487347015825407e-05
credit adjudication and lending management system calms,Hard Skill,0,1,0.0,1.0487347015825407e-05,-1.0487347015825407e-05
credit management software,Hard Skill,0,1,0.0,1.0487347015825407e-05,-1.0487347015825407e-05
credit reporting software,Hard Skill,0,1,0.0,1.0487347015825407e-05,-1.0487347015825407e-05
credit underwriting software,Hard Skill,0,1,0.0,1.0487347015825407e-05,-1.0487347015825407e-05
credo interactive danceforms,Hard Skill,0,1,0.0,1.0487347015825407e-05,-1.0487347015825407e-05
creo synapse upfront,Hard Skill,0,1,0.0,1.0487347015825407e-05,-1.0487347015825407e-05
crescendo systems corporation medrite-xl,Hard Skill,0,1,0.0,1.0487347015825407e-05,-1.0487347015825407e-05
crescendo systems digiscribe-xl,Hard Skill,0,1,0.0,1.0487347015825407e-05,-1.0487347015825407e-05
cri-map,Hard Skill,0,1,0.0,1.0487347015825407e-05,-1.0487347015825407e-05
crick software clicker 4,Hard Skill,0,1,0.0,1.0487347015825407e-05,-1.0487347015825407e-05
cpsi ehr system,Hard Skill,0,1,0.0,1.0487347015825407e-05,-1.0487347015825407e-05
cpu tracker software cpu tracker,Hard Skill,0,1,0.0,1.0487347015825407e-05,-1.0487347015825407e-05
cq press political reference suite,Hard Skill,0,1,0.0,1.0487347015825407e-05,-1.0487347015825407e-05
cqg integrated client,Hard Skill,0,1,0.0,1.0487347015825407e-05,-1.0487347015825407e-05
cradoc fotobiz,Hard Skill,0,1,0.0,1.0487347015825407e-05,-1.0487347015825407e-05
csr consultants cemetery management sc,Hard Skill,0,1,0.0,1.0487347015825407e-05,-1.0487347015825407e-05
cst microwave studio,Hard Skill,0,1,0.0,1.0487347015825407e-05,-1.0487347015825407e-05
crimecog technologies e*justice,Hard Skill,0,1,0.0,1.0487347015825407e-05,-1.0487347015825407e-05
crimpers management software crimpers salon software,Hard Skill,0,1,0.0,1.0487347015825407e-05,-1.0487347015825407e-05
criss software xrf11,Hard Skill,0,1,0.0,1.0487347015825407e-05,-1.0487347015825407e-05
criterion planners index,Hard Skill,0,1,0.0,1.0487347015825407e-05,-1.0487347015825407e-05
criticality analysis software,Hard Skill,0,1,0.0,1.0487347015825407e-05,-1.0487347015825407e-05
crocodile consulting traffic control,Hard Skill,0,1,0.0,1.0487347015825407e-05,-1.0487347015825407e-05
crones & associations project tracker pro,Hard Skill,0,1,0.0,1.0487347015825407e-05,-1.0487347015825407e-05
cronometer,Hard Skill,0,1,0.0,1.0487347015825407e-05,-1.0487347015825407e-05
cropman,Hard Skill,0,1,0.0,1.0487347015825407e-05,-1.0487347015825407e-05
cropsyst suite,Hard Skill,0,1,0.0,1.0487347015825407e-05,-1.0487347015825407e-05
crowell systems medformix,Hard Skill,0,1,0.0,1.0487347015825407e-05,-1.0487347015825407e-05
crows dynamics simulex,Hard Skill,0,1,0.0,1.0487347015825407e-05,-1.0487347015825407e-05
cryptographic key management software,Hard Skill,0,1,0.0,1.0487347015825407e-05,-1.0487347015825407e-05
creative system ghs,Hard Skill,0,1,0.0,1.0487347015825407e-05,-1.0487347015825407e-05
thomson one advisor,Hard Skill,0,1,0.0,1.0487347015825407e-05,-1.0487347015825407e-05
thomson ppc e-tools suite,Hard Skill,0,1,0.0,1.0487347015825407e-05,-1.0487347015825407e-05
thomson reuters clear,Hard Skill,0,1,0.0,1.0487347015825407e-05,-1.0487347015825407e-05
thomson reuters elite billing manager,Hard Skill,0,1,0.0,1.0487347015825407e-05,-1.0487347015825407e-05
thomson reuters elite enterprise,Hard Skill,0,1,0.0,1.0487347015825407e-05,-1.0487347015825407e-05
crystallography & nmr system (cns),Hard Skill,0,1,0.0,1.0487347015825407e-05,-1.0487347015825407e-05
crytek cryengine,Hard Skill,0,1,0.0,1.0487347015825407e-05,-1.0487347015825407e-05
cs odessa conceptdraw project,Hard Skill,0,1,0.0,1.0487347015825407e-05,-1.0487347015825407e-05
csc automated work distributor awd,Hard Skill,0,1,0.0,1.0487347015825407e-05,-1.0487347015825407e-05
csc colossus,Hard Skill,0,1,0.0,1.0487347015825407e-05,-1.0487347015825407e-05
csc elmer,Hard Skill,0,1,0.0,1.0487347015825407e-05,-1.0487347015825407e-05
csc fault evaluator,Hard Skill,0,1,0.0,1.0487347015825407e-05,-1.0487347015825407e-05
csc nbaccelerator,Hard Skill,0,1,0.0,1.0487347015825407e-05,-1.0487347015825407e-05
csi complex systems clienttrade,Hard Skill,0,1,0.0,1.0487347015825407e-05,-1.0487347015825407e-05
csi software spa management,Hard Skill,0,1,0.0,1.0487347015825407e-05,-1.0487347015825407e-05
csi wse codebuddy,Hard Skill,0,1,0.0,1.0487347015825407e-05,-1.0487347015825407e-05
cummins insite,Hard Skill,0,1,0.0,1.0487347015825407e-05,-1.0487347015825407e-05
cura software solutions cura for compliance management,Hard Skill,0,1,0.0,1.0487347015825407e-05,-1.0487347015825407e-05
curbside laundries wash and fold pos software,Hard Skill,0,1,0.0,1.0487347015825407e-05,-1.0487347015825407e-05
current procedural terminology cpt software,Hard Skill,0,1,0.0,1.0487347015825407e-05,-1.0487347015825407e-05
curtis management resources training management system,Hard Skill,0,1,0.0,1.0487347015825407e-05,-1.0487347015825407e-05
curto drum,Hard Skill,0,1,0.0,1.0487347015825407e-05,-1.0487347015825407e-05
thinc technologies virtual school,Hard Skill,0,1,0.0,1.0487347015825407e-05,-1.0487347015825407e-05
think3 thinkdesign engineering,Hard Skill,0,1,0.0,1.0487347015825407e-05,-1.0487347015825407e-05
thomas global register,Hard Skill,0,1,0.0,1.0487347015825407e-05,-1.0487347015825407e-05
thomson compumark saegis,Hard Skill,0,1,0.0,1.0487347015825407e-05,-1.0487347015825407e-05
thomson creative solutions engagement cs,Hard Skill,0,1,0.0,1.0487347015825407e-05,-1.0487347015825407e-05
thomson creative solutions financial analysis cs,Hard Skill,0,1,0.0,1.0487347015825407e-05,-1.0487347015825407e-05
thomson dialog,Hard Skill,0,1,0.0,1.0487347015825407e-05,-1.0487347015825407e-05
thomson financial investext,Hard Skill,0,1,0.0,1.0487347015825407e-05,-1.0487347015825407e-05
thomson gosystem mytaxinfo,Hard Skill,0,1,0.0,1.0487347015825407e-05,-1.0487347015825407e-05
thomson gosystem tax,Hard Skill,0,1,0.0,1.0487347015825407e-05,-1.0487347015825407e-05
customer account management software,Hard Skill,0,1,0.0,1.0487347015825407e-05,-1.0487347015825407e-05
customer complaint ticketing management software,Hard Skill,0,1,0.0,1.0487347015825407e-05,-1.0487347015825407e-05
customer database software,Hard Skill,0,1,0.0,1.0487347015825407e-05,-1.0487347015825407e-05
customer service and support software,Hard Skill,0,1,0.0,1.0487347015825407e-05,-1.0487347015825407e-05
customer service knowledge generation software,Hard Skill,0,1,0.0,1.0487347015825407e-05,-1.0487347015825407e-05
customs records databases,Hard Skill,0,1,0.0,1.0487347015825407e-05,-1.0487347015825407e-05
cutlist plus fx,Hard Skill,0,1,0.0,1.0487347015825407e-05,-1.0487347015825407e-05
cvtracer,Hard Skill,0,1,0.0,1.0487347015825407e-05,-1.0487347015825407e-05
cworks cmms,Hard Skill,0,1,0.0,1.0487347015825407e-05,-1.0487347015825407e-05
ct hcue,Hard Skill,0,1,0.0,1.0487347015825407e-05,-1.0487347015825407e-05
cu connect processing software,Hard Skill,0,1,0.0,1.0487347015825407e-05,-1.0487347015825407e-05
cuadra associates star/museums,Hard Skill,0,1,0.0,1.0487347015825407e-05,-1.0487347015825407e-05
cubic,Hard Skill,0,1,0.0,1.0487347015825407e-05,-1.0487347015825407e-05
cubic synchro studio,Hard Skill,0,1,0.0,1.0487347015825407e-05,-1.0487347015825407e-05
cullimore & ring technologies sinda/fluint,Hard Skill,0,1,0.0,1.0487347015825407e-05,-1.0487347015825407e-05
cullimore & ring technologies thermal desktop,Hard Skill,0,1,0.0,1.0487347015825407e-05,-1.0487347015825407e-05
thermo fisher scientific ion reporter,Hard Skill,0,1,0.0,1.0487347015825407e-05,-1.0487347015825407e-05
thermo fisher scientific laboratory information management systems lims,Hard Skill,0,1,0.0,1.0487347015825407e-05,-1.0487347015825407e-05
thermo toxlab,Hard Skill,0,1,0.0,1.0487347015825407e-05,-1.0487347015825407e-05
cyberdyne industries casewizard,Hard Skill,0,1,0.0,1.0487347015825407e-05,-1.0487347015825407e-05
cybermatrix,Hard Skill,0,1,0.0,1.0487347015825407e-05,-1.0487347015825407e-05
cybermatrix pos,Hard Skill,0,1,0.0,1.0487347015825407e-05,-1.0487347015825407e-05
cybermetrics gagetrak,Hard Skill,0,1,0.0,1.0487347015825407e-05,-1.0487347015825407e-05
cybermotion 3d designer,Hard Skill,0,1,0.0,1.0487347015825407e-05,-1.0487347015825407e-05
cybershift workforce management 3g time and attendance,Hard Skill,0,1,0.0,1.0487347015825407e-05,-1.0487347015825407e-05
cybersoft primero software suite,Hard Skill,0,1,0.0,1.0487347015825407e-05,-1.0487347015825407e-05
cyclone,Hard Skill,0,1,0.0,1.0487347015825407e-05,-1.0487347015825407e-05
cygnet infotech optifocus,Hard Skill,0,1,0.0,1.0487347015825407e-05,-1.0487347015825407e-05
cygnus incomemax,Hard Skill,0,1,0.0,1.0487347015825407e-05,-1.0487347015825407e-05
cygnus software incomemax,Hard Skill,0,1,0.0,1.0487347015825407e-05,-1.0487347015825407e-05
cygwin,Hard Skill,0,1,0.0,1.0487347015825407e-05,-1.0487347015825407e-05
custom software group csg agrosys,Hard Skill,0,1,0.0,1.0487347015825407e-05,-1.0487347015825407e-05
daily manager,Hard Skill,0,1,0.0,1.0487347015825407e-05,-1.0487347015825407e-05
dalet digital media systems dalet media life,Hard Skill,0,1,0.0,1.0487347015825407e-05,-1.0487347015825407e-05
damen damos,Hard Skill,0,1,0.0,1.0487347015825407e-05,-1.0487347015825407e-05
danic technology,Hard Skill,0,1,0.0,1.0487347015825407e-05,-1.0487347015825407e-05
daptiv ppm,Hard Skill,0,1,0.0,1.0487347015825407e-05,-1.0487347015825407e-05
the weatherization assistant,Hard Skill,0,1,0.0,1.0487347015825407e-05,-1.0487347015825407e-05
theraclin systems imapr,Hard Skill,0,1,0.0,1.0487347015825407e-05,-1.0487347015825407e-05
therapeutic orthoptic software,Hard Skill,0,1,0.0,1.0487347015825407e-05,-1.0487347015825407e-05
therassist,Hard Skill,0,1,0.0,1.0487347015825407e-05,-1.0487347015825407e-05
thermal analysis software,Hard Skill,0,1,0.0,1.0487347015825407e-05,-1.0487347015825407e-05
thermal analysis systems the energy analyst,Hard Skill,0,1,0.0,1.0487347015825407e-05,-1.0487347015825407e-05
thermal design software,Hard Skill,0,1,0.0,1.0487347015825407e-05,-1.0487347015825407e-05
thermal dynamics ground loop design gld,Hard Skill,0,1,0.0,1.0487347015825407e-05,-1.0487347015825407e-05
thermal indoor climate simulation software,Hard Skill,0,1,0.0,1.0487347015825407e-05,-1.0487347015825407e-05
thermal radiation analysis system trasys,Hard Skill,0,1,0.0,1.0487347015825407e-05,-1.0487347015825407e-05
thermal synthesizer system tss,Hard Skill,0,1,0.0,1.0487347015825407e-05,-1.0487347015825407e-05
the systems workplace tdocs,Hard Skill,0,1,0.0,1.0487347015825407e-05,-1.0487347015825407e-05
the university of tennessee fordisc,Hard Skill,0,1,0.0,1.0487347015825407e-05,-1.0487347015825407e-05
the virtual genetics lab,Hard Skill,0,1,0.0,1.0487347015825407e-05,-1.0487347015825407e-05
darwin information typing architecture dita,Hard Skill,0,1,0.0,1.0487347015825407e-05,-1.0487347015825407e-05
dassault systemes dymola,Hard Skill,0,1,0.0,1.0487347015825407e-05,-1.0487347015825407e-05
dassault systemes simulia abaqus fea,Hard Skill,0,1,0.0,1.0487347015825407e-05,-1.0487347015825407e-05
data extraction software,Hard Skill,0,1,0.0,1.0487347015825407e-05,-1.0487347015825407e-05
data frenzy,Hard Skill,0,1,0.0,1.0487347015825407e-05,-1.0487347015825407e-05
cyrillicsoftware cyrillic,Hard Skill,0,1,0.0,1.0487347015825407e-05,-1.0487347015825407e-05
cytel egret,Hard Skill,0,1,0.0,1.0487347015825407e-05,-1.0487347015825407e-05
cytel logxact,Hard Skill,0,1,0.0,1.0487347015825407e-05,-1.0487347015825407e-05
cytel software xlminer,Hard Skill,0,1,0.0,1.0487347015825407e-05,-1.0487347015825407e-05
d'accord music software ichords,Hard Skill,0,1,0.0,1.0487347015825407e-05,-1.0487347015825407e-05
d'arcangelo galileo,Hard Skill,0,1,0.0,1.0487347015825407e-05,-1.0487347015825407e-05
d-calc facade 4000,Hard Skill,0,1,0.0,1.0487347015825407e-05,-1.0487347015825407e-05
dagris,Hard Skill,0,1,0.0,1.0487347015825407e-05,-1.0487347015825407e-05
data management timeclock plus,Hard Skill,0,1,0.0,1.0487347015825407e-05,-1.0487347015825407e-05
data recovery software sql server data recovery,Hard Skill,0,1,0.0,1.0487347015825407e-05,-1.0487347015825407e-05
data reduction software,Hard Skill,0,1,0.0,1.0487347015825407e-05,-1.0487347015825407e-05
data team dds,Hard Skill,0,1,0.0,1.0487347015825407e-05,-1.0487347015825407e-05
data technologies summit,Hard Skill,0,1,0.0,1.0487347015825407e-05,-1.0487347015825407e-05
data trace title iq,Hard Skill,0,1,0.0,1.0487347015825407e-05,-1.0487347015825407e-05
data transfer software,Hard Skill,0,1,0.0,1.0487347015825407e-05,-1.0487347015825407e-05
the mathworks symbolic math toolbox,Hard Skill,0,1,0.0,1.0487347015825407e-05,-1.0487347015825407e-05
the mathworks wavelet toolbox,Hard Skill,0,1,0.0,1.0487347015825407e-05,-1.0487347015825407e-05
the mortgage office loan origination,Hard Skill,0,1,0.0,1.0487347015825407e-05,-1.0487347015825407e-05
the mortgage office loan servicing,Hard Skill,0,1,0.0,1.0487347015825407e-05,-1.0487347015825407e-05
the napa group napa,Hard Skill,0,1,0.0,1.0487347015825407e-05,-1.0487347015825407e-05
the nature conservancy weed information management system wims,Hard Skill,0,1,0.0,1.0487347015825407e-05,-1.0487347015825407e-05
the pixel farm pftrack,Hard Skill,0,1,0.0,1.0487347015825407e-05,-1.0487347015825407e-05
the protein investigator,Hard Skill,0,1,0.0,1.0487347015825407e-05,-1.0487347015825407e-05
the sackett group macpac for legal,Hard Skill,0,1,0.0,1.0487347015825407e-05,-1.0487347015825407e-05
the groomer's write hand,Hard Skill,0,1,0.0,1.0487347015825407e-05,-1.0487347015825407e-05
the ipix real estate wizard hometour360 wizard,Hard Skill,0,1,0.0,1.0487347015825407e-05,-1.0487347015825407e-05
the mathwizards mathviews,Hard Skill,0,1,0.0,1.0487347015825407e-05,-1.0487347015825407e-05
the mathworks control system toolbox,Hard Skill,0,1,0.0,1.0487347015825407e-05,-1.0487347015825407e-05
the mathworks data acquisition toolbox,Hard Skill,0,1,0.0,1.0487347015825407e-05,-1.0487347015825407e-05
the mathworks embedded coder,Hard Skill,0,1,0.0,1.0487347015825407e-05,-1.0487347015825407e-05
the mathworks signal processing toolbox,Hard Skill,0,1,0.0,1.0487347015825407e-05,-1.0487347015825407e-05
the mathworks stateflow,Hard Skill,0,1,0.0,1.0487347015825407e-05,-1.0487347015825407e-05
data translation quickdaq,Hard Skill,0,1,0.0,1.0487347015825407e-05,-1.0487347015825407e-05
data warehousing software,Hard Skill,0,1,0.0,1.0487347015825407e-05,-1.0487347015825407e-05
data-tel ceasar,Hard Skill,0,1,0.0,1.0487347015825407e-05,-1.0487347015825407e-05
database management system dbms,Hard Skill,0,1,0.0,1.0487347015825407e-05,-1.0487347015825407e-05
database management system software,Hard Skill,0,1,0.0,1.0487347015825407e-05,-1.0487347015825407e-05
data input software,Hard Skill,0,1,0.0,1.0487347015825407e-05,-1.0487347015825407e-05
data m software copra metalbender,Hard Skill,0,1,0.0,1.0487347015825407e-05,-1.0487347015825407e-05
data management software,Hard Skill,0,1,0.0,1.0487347015825407e-05,-1.0487347015825407e-05
the associated press enps,Hard Skill,0,1,0.0,1.0487347015825407e-05,-1.0487347015825407e-05
the foundry nuke,Hard Skill,0,1,0.0,1.0487347015825407e-05,-1.0487347015825407e-05
the gallagher group datacare,Hard Skill,0,1,0.0,1.0487347015825407e-05,-1.0487347015825407e-05
database systems corp telemation,Hard Skill,0,1,0.0,1.0487347015825407e-05,-1.0487347015825407e-05
databasix technologies lead commander,Hard Skill,0,1,0.0,1.0487347015825407e-05,-1.0487347015825407e-05
datacom software business products m.i.s. clinic,Hard Skill,0,1,0.0,1.0487347015825407e-05,-1.0487347015825407e-05
datafarm a-pulse,Hard Skill,0,1,0.0,1.0487347015825407e-05,-1.0487347015825407e-05
datafarm ectdgatekeeper,Hard Skill,0,1,0.0,1.0487347015825407e-05,-1.0487347015825407e-05
datafarm ectdviewer,Hard Skill,0,1,0.0,1.0487347015825407e-05,-1.0487347015825407e-05
datafarm s-cubed,Hard Skill,0,1,0.0,1.0487347015825407e-05,-1.0487347015825407e-05
dataflight opticon,Hard Skill,0,1,0.0,1.0487347015825407e-05,-1.0487347015825407e-05
datagroup electrofile 1040,Hard Skill,0,1,0.0,1.0487347015825407e-05,-1.0487347015825407e-05
datagroup electrofile elf,Hard Skill,0,1,0.0,1.0487347015825407e-05,-1.0487347015825407e-05
datagroup electrofile st,Hard Skill,0,1,0.0,1.0487347015825407e-05,-1.0487347015825407e-05
the garland group riskkey,Hard Skill,0,1,0.0,1.0487347015825407e-05,-1.0487347015825407e-05
the gene explorer,Hard Skill,0,1,0.0,1.0487347015825407e-05,-1.0487347015825407e-05
datamatics v-core hr,Hard Skill,0,1,0.0,1.0487347015825407e-05,-1.0487347015825407e-05
datamystic textpipe pro,Hard Skill,0,1,0.0,1.0487347015825407e-05,-1.0487347015825407e-05
datan merlin fastab,Hard Skill,0,1,0.0,1.0487347015825407e-05,-1.0487347015825407e-05
datanex claimtrac,Hard Skill,0,1,0.0,1.0487347015825407e-05,-1.0487347015825407e-05
datapath dpisuite,Hard Skill,0,1,0.0,1.0487347015825407e-05,-1.0487347015825407e-05
datapipe ehs,Hard Skill,0,1,0.0,1.0487347015825407e-05,-1.0487347015825407e-05
datassimilate systems datassimilator,Hard Skill,0,1,0.0,1.0487347015825407e-05,-1.0487347015825407e-05
dataswell,Hard Skill,0,1,0.0,1.0487347015825407e-05,-1.0487347015825407e-05
datateam lunch express,Hard Skill,0,1,0.0,1.0487347015825407e-05,-1.0487347015825407e-05
datatech the farmer's office,Hard Skill,0,1,0.0,1.0487347015825407e-05,-1.0487347015825407e-05
datatel colleague,Hard Skill,0,1,0.0,1.0487347015825407e-05,-1.0487347015825407e-05
datavantage,Hard Skill,0,1,0.0,1.0487347015825407e-05,-1.0487347015825407e-05
texas instruments code composer studio ccstudio,Hard Skill,0,1,0.0,1.0487347015825407e-05,-1.0487347015825407e-05
texas transportation institute tti progression analysis and signal system evaluation routine passer,Hard Skill,0,1,0.0,1.0487347015825407e-05,-1.0487347015825407e-05
text reader software,Hard Skill,0,1,0.0,1.0487347015825407e-05,-1.0487347015825407e-05
textron systems geospatial solutions remoteview,Hard Skill,0,1,0.0,1.0487347015825407e-05,-1.0487347015825407e-05
terraseer clusterseer,Hard Skill,0,1,0.0,1.0487347015825407e-05,-1.0487347015825407e-05
tesseract benefits manager,Hard Skill,0,1,0.0,1.0487347015825407e-05,-1.0487347015825407e-05
tesseract human resources manager,Hard Skill,0,1,0.0,1.0487347015825407e-05,-1.0487347015825407e-05
tessitura network tessitura software,Hard Skill,0,1,0.0,1.0487347015825407e-05,-1.0487347015825407e-05
test scoring software,Hard Skill,0,1,0.0,1.0487347015825407e-05,-1.0487347015825407e-05
datavis dbs designer,Hard Skill,0,1,0.0,1.0487347015825407e-05,-1.0487347015825407e-05
dataviz beyond contacts,Hard Skill,0,1,0.0,1.0487347015825407e-05,-1.0487347015825407e-05
datawatch monarch,Hard Skill,0,1,0.0,1.0487347015825407e-05,-1.0487347015825407e-05
dataxiom xpro,Hard Skill,0,1,0.0,1.0487347015825407e-05,-1.0487347015825407e-05
datcomedia ebis,Hard Skill,0,1,0.0,1.0487347015825407e-05,-1.0487347015825407e-05
datinf digimakeup,Hard Skill,0,1,0.0,1.0487347015825407e-05,-1.0487347015825407e-05
day software cq5 web content management,Hard Skill,0,1,0.0,1.0487347015825407e-05,-1.0487347015825407e-05
daysmart software 123pet,Hard Skill,0,1,0.0,1.0487347015825407e-05,-1.0487347015825407e-05
daz productions bryce,Hard Skill,0,1,0.0,1.0487347015825407e-05,-1.0487347015825407e-05
datair employee benefits systems,Hard Skill,0,1,0.0,1.0487347015825407e-05,-1.0487347015825407e-05
datalog with guidance dlwg software,Hard Skill,0,1,0.0,1.0487347015825407e-05,-1.0487347015825407e-05
teradata parallel transporter,Hard Skill,0,1,0.0,1.0487347015825407e-05,-1.0487347015825407e-05
teradata software,Hard Skill,0,1,0.0,1.0487347015825407e-05,-1.0487347015825407e-05
teradata tpump,Hard Skill,0,1,0.0,1.0487347015825407e-05,-1.0487347015825407e-05
terrace consulting agencyinsight,Hard Skill,0,1,0.0,1.0487347015825407e-05,-1.0487347015825407e-05
daz productions carrara,Hard Skill,0,1,0.0,1.0487347015825407e-05,-1.0487347015825407e-05
dazzlersoft dazzlermax,Hard Skill,0,1,0.0,1.0487347015825407e-05,-1.0487347015825407e-05
db tech ras,Hard Skill,0,1,0.0,1.0487347015825407e-05,-1.0487347015825407e-05
dbsnp,Hard Skill,0,1,0.0,1.0487347015825407e-05,-1.0487347015825407e-05
dbtools software dbmanager professional,Hard Skill,0,1,0.0,1.0487347015825407e-05,-1.0487347015825407e-05
dci icore,Hard Skill,0,1,0.0,1.0487347015825407e-05,-1.0487347015825407e-05
ddlsoftware.com drivers daily log program ddl,Hard Skill,0,1,0.0,1.0487347015825407e-05,-1.0487347015825407e-05
de novo systems de novo casemgr,Hard Skill,0,1,0.0,1.0487347015825407e-05,-1.0487347015825407e-05
deacom erp,Hard Skill,0,1,0.0,1.0487347015825407e-05,-1.0487347015825407e-05
dealertrax shoporder,Hard Skill,0,1,0.0,1.0487347015825407e-05,-1.0487347015825407e-05
terrain surface mapping software,Hard Skill,0,1,0.0,1.0487347015825407e-05,-1.0487347015825407e-05
terrasciences terrastation,Hard Skill,0,1,0.0,1.0487347015825407e-05,-1.0487347015825407e-05
debugview,Hard Skill,0,1,0.0,1.0487347015825407e-05,-1.0487347015825407e-05
decision support software,Hard Skill,0,1,0.0,1.0487347015825407e-05,-1.0487347015825407e-05
decision support technologies propworks,Hard Skill,0,1,0.0,1.0487347015825407e-05,-1.0487347015825407e-05
decisionbase time for oms,Hard Skill,0,1,0.0,1.0487347015825407e-05,-1.0487347015825407e-05
decompilers,Hard Skill,0,1,0.0,1.0487347015825407e-05,-1.0487347015825407e-05
decorative software online visualizers,Hard Skill,0,1,0.0,1.0487347015825407e-05,-1.0487347015825407e-05
deep forest systems oncite,Hard Skill,0,1,0.0,1.0487347015825407e-05,-1.0487347015825407e-05
deerdays,Hard Skill,0,1,0.0,1.0487347015825407e-05,-1.0487347015825407e-05
defense travel system,Hard Skill,0,1,0.0,1.0487347015825407e-05,-1.0487347015825407e-05
template design software,Hard Skill,0,1,0.0,1.0487347015825407e-05,-1.0487347015825407e-05
tempworks recruiting and staffing software,Hard Skill,0,1,0.0,1.0487347015825407e-05,-1.0487347015825407e-05
tenrox project workforce management,Hard Skill,0,1,0.0,1.0487347015825407e-05,-1.0487347015825407e-05
tension technology international optimoor,Hard Skill,0,1,0.0,1.0487347015825407e-05,-1.0487347015825407e-05
teradata bteq,Hard Skill,0,1,0.0,1.0487347015825407e-05,-1.0487347015825407e-05
teradata fastexport,Hard Skill,0,1,0.0,1.0487347015825407e-05,-1.0487347015825407e-05
teradata fastload,Hard Skill,0,1,0.0,1.0487347015825407e-05,-1.0487347015825407e-05
telluride software classic trak-it,Hard Skill,0,1,0.0,1.0487347015825407e-05,-1.0487347015825407e-05
telnet programs software,Hard Skill,0,1,0.0,1.0487347015825407e-05,-1.0487347015825407e-05
telogis geobase,Hard Skill,0,1,0.0,1.0487347015825407e-05,-1.0487347015825407e-05
telvent dtn prophetx,Hard Skill,0,1,0.0,1.0487347015825407e-05,-1.0487347015825407e-05
telvent responder outage management system oms,Hard Skill,0,1,0.0,1.0487347015825407e-05,-1.0487347015825407e-05
definiens developer,Hard Skill,0,1,0.0,1.0487347015825407e-05,-1.0487347015825407e-05
delcam artcam express,Hard Skill,0,1,0.0,1.0487347015825407e-05,-1.0487347015825407e-05
delcam computer-aided design and manufacturing software,Hard Skill,0,1,0.0,1.0487347015825407e-05,-1.0487347015825407e-05
delcam featurecam,Hard Skill,0,1,0.0,1.0487347015825407e-05,-1.0487347015825407e-05
delcam partmaker,Hard Skill,0,1,0.0,1.0487347015825407e-05,-1.0487347015825407e-05
delila,Hard Skill,0,1,0.0,1.0487347015825407e-05,-1.0487347015825407e-05
delorme topo usa,Hard Skill,0,1,0.0,1.0487347015825407e-05,-1.0487347015825407e-05
delta controls inteliweb,Hard Skill,0,1,0.0,1.0487347015825407e-05,-1.0487347015825407e-05
delta data systems agis,Hard Skill,0,1,0.0,1.0487347015825407e-05,-1.0487347015825407e-05
dean evans & associates ems professional,Hard Skill,0,1,0.0,1.0487347015825407e-05,-1.0487347015825407e-05
debt account management and collection software,Hard Skill,0,1,0.0,1.0487347015825407e-05,-1.0487347015825407e-05
dental billing software,Hard Skill,0,1,0.0,1.0487347015825407e-05,-1.0487347015825407e-05
dental common access system dencas,Hard Skill,0,1,0.0,1.0487347015825407e-05,-1.0487347015825407e-05
dental office management software,Hard Skill,0,1,0.0,1.0487347015825407e-05,-1.0487347015825407e-05
dental product design software,Hard Skill,0,1,0.0,1.0487347015825407e-05,-1.0487347015825407e-05
dental product manufacturing software,Hard Skill,0,1,0.0,1.0487347015825407e-05,-1.0487347015825407e-05
dental software,Hard Skill,0,1,0.0,1.0487347015825407e-05,-1.0487347015825407e-05
teledyne odom hydrographic odom echart,Hard Skill,0,1,0.0,1.0487347015825407e-05,-1.0487347015825407e-05
telelogic system architect,Hard Skill,0,1,0.0,1.0487347015825407e-05,-1.0487347015825407e-05
telemation e-crm,Hard Skill,0,1,0.0,1.0487347015825407e-05,-1.0487347015825407e-05
telemetry software,Hard Skill,0,1,0.0,1.0487347015825407e-05,-1.0487347015825407e-05
teleo practice services the complete practitioner,Hard Skill,0,1,0.0,1.0487347015825407e-05,-1.0487347015825407e-05
telephone analysis software,Hard Skill,0,1,0.0,1.0487347015825407e-05,-1.0487347015825407e-05
telephone records software,Hard Skill,0,1,0.0,1.0487347015825407e-05,-1.0487347015825407e-05
telephone triage software,Hard Skill,0,1,0.0,1.0487347015825407e-05,-1.0487347015825407e-05
telephony software,Hard Skill,0,1,0.0,1.0487347015825407e-05,-1.0487347015825407e-05
teletracking preadmit-tracking,Hard Skill,0,1,0.0,1.0487347015825407e-05,-1.0487347015825407e-05
dfa capital management gems,Hard Skill,0,1,0.0,1.0487347015825407e-05,-1.0487347015825407e-05
dgcc.com recruittrack,Hard Skill,0,1,0.0,1.0487347015825407e-05,-1.0487347015825407e-05
dentaleye,Hard Skill,0,1,0.0,1.0487347015825407e-05,-1.0487347015825407e-05
dentimax,Hard Skill,0,1,0.0,1.0487347015825407e-05,-1.0487347015825407e-05
deoxyribonucleic acid dna libraries,Hard Skill,0,1,0.0,1.0487347015825407e-05,-1.0487347015825407e-05
depiction software deco-con,Hard Skill,0,1,0.0,1.0487347015825407e-05,-1.0487347015825407e-05
depiction software deco-con estimator,Hard Skill,0,1,0.0,1.0487347015825407e-05,-1.0487347015825407e-05
depiction software hardscape imaging,Hard Skill,0,1,0.0,1.0487347015825407e-05,-1.0487347015825407e-05
design safety engineering designsafe,Hard Skill,0,1,0.0,1.0487347015825407e-05,-1.0487347015825407e-05
design specification database software,Hard Skill,0,1,0.0,1.0487347015825407e-05,-1.0487347015825407e-05
design-for-testability dft insertion software,Hard Skill,0,1,0.0,1.0487347015825407e-05,-1.0487347015825407e-05
deltek professional services software,Hard Skill,0,1,0.0,1.0487347015825407e-05,-1.0487347015825407e-05
deltek vision,Hard Skill,0,1,0.0,1.0487347015825407e-05,-1.0487347015825407e-05
denemo,Hard Skill,0,1,0.0,1.0487347015825407e-05,-1.0487347015825407e-05
denosys hristragegy,Hard Skill,0,1,0.0,1.0487347015825407e-05,-1.0487347015825407e-05
density functional theory dft software,Hard Skill,0,1,0.0,1.0487347015825407e-05,-1.0487347015825407e-05
tecplot software,Hard Skill,0,1,0.0,1.0487347015825407e-05,-1.0487347015825407e-05
tecsys eliteseries,Hard Skill,0,1,0.0,1.0487347015825407e-05,-1.0487347015825407e-05
tecsys pointforce enterprise,Hard Skill,0,1,0.0,1.0487347015825407e-05,-1.0487347015825407e-05
teknik segala osi plant information pi system,Hard Skill,0,1,0.0,1.0487347015825407e-05,-1.0487347015825407e-05
tektronix ez-test,Hard Skill,0,1,0.0,1.0487347015825407e-05,-1.0487347015825407e-05
telcor billing information system,Hard Skill,0,1,0.0,1.0487347015825407e-05,-1.0487347015825407e-05
teledyne caris,Hard Skill,0,1,0.0,1.0487347015825407e-05,-1.0487347015825407e-05
desktop digital photogrammetry system ddps,Hard Skill,0,1,0.0,1.0487347015825407e-05,-1.0487347015825407e-05
desktop partitioning software,Hard Skill,0,1,0.0,1.0487347015825407e-05,-1.0487347015825407e-05
desktop piano and drums,Hard Skill,0,1,0.0,1.0487347015825407e-05,-1.0487347015825407e-05
desktop technologies newsboss,Hard Skill,0,1,0.0,1.0487347015825407e-05,-1.0487347015825407e-05
detector actuation quasi steady detact-qs,Hard Skill,0,1,0.0,1.0487347015825407e-05,-1.0487347015825407e-05
detnet viewshot,Hard Skill,0,1,0.0,1.0487347015825407e-05,-1.0487347015825407e-05
device driver software,Hard Skill,0,1,0.0,1.0487347015825407e-05,-1.0487347015825407e-05
dex warehouse,Hard Skill,0,1,0.0,1.0487347015825407e-05,-1.0487347015825407e-05
dexter + cheney spectrum construction software,Hard Skill,0,1,0.0,1.0487347015825407e-05,-1.0487347015825407e-05
technomedia hodes iq,Hard Skill,0,1,0.0,1.0487347015825407e-05,-1.0487347015825407e-05
technos astra r-nesting,Hard Skill,0,1,0.0,1.0487347015825407e-05,-1.0487347015825407e-05
technos astra s-nesting,Hard Skill,0,1,0.0,1.0487347015825407e-05,-1.0487347015825407e-05
technovation software immigrationpro,Hard Skill,0,1,0.0,1.0487347015825407e-05,-1.0487347015825407e-05
diagnostic scanner software,Hard Skill,0,1,0.0,1.0487347015825407e-05,-1.0487347015825407e-05
dialog dialoglink,Hard Skill,0,1,0.0,1.0487347015825407e-05,-1.0487347015825407e-05
diameter,Hard Skill,0,1,0.0,1.0487347015825407e-05,-1.0487347015825407e-05
diarymaster,Hard Skill,0,1,0.0,1.0487347015825407e-05,-1.0487347015825407e-05
dictation software,Hard Skill,0,1,0.0,1.0487347015825407e-05,-1.0487347015825407e-05
dietmaster systems clinical nutrition,Hard Skill,0,1,0.0,1.0487347015825407e-05,-1.0487347015825407e-05
difequ,Hard Skill,0,1,0.0,1.0487347015825407e-05,-1.0487347015825407e-05
diffraction limited maxim dl,Hard Skill,0,1,0.0,1.0487347015825407e-05,-1.0487347015825407e-05
dig,Hard Skill,0,1,0.0,1.0487347015825407e-05,-1.0487347015825407e-05
techsia techlog,Hard Skill,0,1,0.0,1.0487347015825407e-05,-1.0487347015825407e-05
techsmith morae,Hard Skill,0,1,0.0,1.0487347015825407e-05,-1.0487347015825407e-05
tecplot focus,Hard Skill,0,1,0.0,1.0487347015825407e-05,-1.0487347015825407e-05
digital analysis tests and statistics datas for excel,Hard Skill,0,1,0.0,1.0487347015825407e-05,-1.0487347015825407e-05
digital analysis tests and statistics datas for sas,Hard Skill,0,1,0.0,1.0487347015825407e-05,-1.0487347015825407e-05
digital coach athletictrainer,Hard Skill,0,1,0.0,1.0487347015825407e-05,-1.0487347015825407e-05
digital control systems dcs,Hard Skill,0,1,0.0,1.0487347015825407e-05,-1.0487347015825407e-05
digital crew teamwork project manager,Hard Skill,0,1,0.0,1.0487347015825407e-05,-1.0487347015825407e-05
digital databases,Hard Skill,0,1,0.0,1.0487347015825407e-05,-1.0487347015825407e-05
digital direct control ddc energy management software,Hard Skill,0,1,0.0,1.0487347015825407e-05,-1.0487347015825407e-05
digital elevation model dem software,Hard Skill,0,1,0.0,1.0487347015825407e-05,-1.0487347015825407e-05
digital engineering corporation e-maps,Hard Skill,0,1,0.0,1.0487347015825407e-05,-1.0487347015825407e-05
digital gateway e-automate,Hard Skill,0,1,0.0,1.0487347015825407e-05,-1.0487347015825407e-05
digital healthcare optomize,Hard Skill,0,1,0.0,1.0487347015825407e-05,-1.0487347015825407e-05
digital image collections,Hard Skill,0,1,0.0,1.0487347015825407e-05,-1.0487347015825407e-05
technical perspectives class iep program,Hard Skill,0,1,0.0,1.0487347015825407e-05,-1.0487347015825407e-05
technicost los,Hard Skill,0,1,0.0,1.0487347015825407e-05,-1.0487347015825407e-05
technis betaplus,Hard Skill,0,1,0.0,1.0487347015825407e-05,-1.0487347015825407e-05
technology group international enterprise 21 erp,Hard Skill,0,1,0.0,1.0487347015825407e-05,-1.0487347015825407e-05
teamdynamixhe,Hard Skill,0,1,0.0,1.0487347015825407e-05,-1.0487347015825407e-05
techbase,Hard Skill,0,1,0.0,1.0487347015825407e-05,-1.0487347015825407e-05
techexcel servicewise,Hard Skill,0,1,0.0,1.0487347015825407e-05,-1.0487347015825407e-05
digital image correlation dic software,Hard Skill,0,1,0.0,1.0487347015825407e-05,-1.0487347015825407e-05
digital image databases,Hard Skill,0,1,0.0,1.0487347015825407e-05,-1.0487347015825407e-05
digital image processing software,Hard Skill,0,1,0.0,1.0487347015825407e-05,-1.0487347015825407e-05
digital imaging communications in medicine dicom software/modality management software,Hard Skill,0,1,0.0,1.0487347015825407e-05,-1.0487347015825407e-05
digital imaging communications in medicine dicom-compatible image acquisition and integration software products,Hard Skill,0,1,0.0,1.0487347015825407e-05,-1.0487347015825407e-05
digital imaging software,Hard Skill,0,1,0.0,1.0487347015825407e-05,-1.0487347015825407e-05
digital imaging system software,Hard Skill,0,1,0.0,1.0487347015825407e-05,-1.0487347015825407e-05
digital karyotyping software,Hard Skill,0,1,0.0,1.0487347015825407e-05,-1.0487347015825407e-05
digital terrain modeling software,Hard Skill,0,1,0.0,1.0487347015825407e-05,-1.0487347015825407e-05
digital timing diagram editing software,Hard Skill,0,1,0.0,1.0487347015825407e-05,-1.0487347015825407e-05
digitizing and photogrammetric software,Hard Skill,0,1,0.0,1.0487347015825407e-05,-1.0487347015825407e-05
digitizing software,Hard Skill,0,1,0.0,1.0487347015825407e-05,-1.0487347015825407e-05
digipiano,Hard Skill,0,1,0.0,1.0487347015825407e-05,-1.0487347015825407e-05
digsilent powerfactory,Hard Skill,0,1,0.0,1.0487347015825407e-05,-1.0487347015825407e-05
dimema contentdm,Hard Skill,0,1,0.0,1.0487347015825407e-05,-1.0487347015825407e-05
dinerware intuitive restaurant,Hard Skill,0,1,0.0,1.0487347015825407e-05,-1.0487347015825407e-05
direct hit systems threads,Hard Skill,0,1,0.0,1.0487347015825407e-05,-1.0487347015825407e-05
direct motion computer numerically controlled cnc software,Hard Skill,0,1,0.0,1.0487347015825407e-05,-1.0487347015825407e-05
direct-to-tool software,Hard Skill,0,1,0.0,1.0487347015825407e-05,-1.0487347015825407e-05
directory software,Hard Skill,0,1,0.0,1.0487347015825407e-05,-1.0487347015825407e-05
disarea 5pm,Hard Skill,0,1,0.0,1.0487347015825407e-05,-1.0487347015825407e-05
disaster recovery software,Hard Skill,0,1,0.0,1.0487347015825407e-05,-1.0487347015825407e-05
discrete dynamics lab ddlab,Hard Skill,0,1,0.0,1.0487347015825407e-05,-1.0487347015825407e-05
discrete fourier transform dft analysis software,Hard Skill,0,1,0.0,1.0487347015825407e-05,-1.0487347015825407e-05
discrete ordinates dort dose assessment computer codes,Hard Skill,0,1,0.0,1.0487347015825407e-05,-1.0487347015825407e-05
tcg technologies i-cam,Hard Skill,0,1,0.0,1.0487347015825407e-05,-1.0487347015825407e-05
tci xml credit interface,Hard Skill,0,1,0.0,1.0487347015825407e-05,-1.0487347015825407e-05
tcs hotel software guest tracker,Hard Skill,0,1,0.0,1.0487347015825407e-05,-1.0487347015825407e-05
team engineering femap,Hard Skill,0,1,0.0,1.0487347015825407e-05,-1.0487347015825407e-05
taskjuggler,Hard Skill,0,1,0.0,1.0487347015825407e-05,-1.0487347015825407e-05
tatukgis editor,Hard Skill,0,1,0.0,1.0487347015825407e-05,-1.0487347015825407e-05
tave studio manager,Hard Skill,0,1,0.0,1.0487347015825407e-05,-1.0487347015825407e-05
tax accounting software,Hard Skill,0,1,0.0,1.0487347015825407e-05,-1.0487347015825407e-05
disease mapping and analysis program dmap,Hard Skill,0,1,0.0,1.0487347015825407e-05,-1.0487347015825407e-05
disk file systems,Hard Skill,0,1,0.0,1.0487347015825407e-05,-1.0487347015825407e-05
distance learning software,Hard Skill,0,1,0.0,1.0487347015825407e-05,-1.0487347015825407e-05
distribution automation system software,Hard Skill,0,1,0.0,1.0487347015825407e-05,-1.0487347015825407e-05
distribution management system dms,Hard Skill,0,1,0.0,1.0487347015825407e-05,-1.0487347015825407e-05
diva-gis,Hard Skill,0,1,0.0,1.0487347015825407e-05,-1.0487347015825407e-05
diversified ophthalmics practice maximus,Hard Skill,0,1,0.0,1.0487347015825407e-05,-1.0487347015825407e-05
diving logbook software,Hard Skill,0,1,0.0,1.0487347015825407e-05,-1.0487347015825407e-05
diving table software,Hard Skill,0,1,0.0,1.0487347015825407e-05,-1.0487347015825407e-05
dl_poly,Hard Skill,0,1,0.0,1.0487347015825407e-05,-1.0487347015825407e-05
digivey software (expert system feature),Hard Skill,0,1,0.0,1.0487347015825407e-05,-1.0487347015825407e-05
digivey software (point of sale feature),Hard Skill,0,1,0.0,1.0487347015825407e-05,-1.0487347015825407e-05
doctranslate,Hard Skill,0,1,0.0,1.0487347015825407e-05,-1.0487347015825407e-05
document creation software,Hard Skill,0,1,0.0,1.0487347015825407e-05,-1.0487347015825407e-05
document imaging software,Hard Skill,0,1,0.0,1.0487347015825407e-05,-1.0487347015825407e-05
document indexing software,Hard Skill,0,1,0.0,1.0487347015825407e-05,-1.0487347015825407e-05
document publishing software,Hard Skill,0,1,0.0,1.0487347015825407e-05,-1.0487347015825407e-05
document scanning software,Hard Skill,0,1,0.0,1.0487347015825407e-05,-1.0487347015825407e-05
tangier sky scheduler view,Hard Skill,0,1,0.0,1.0487347015825407e-05,-1.0487347015825407e-05
tangle s creations your insurance office,Hard Skill,0,1,0.0,1.0487347015825407e-05,-1.0487347015825407e-05
tanks,Hard Skill,0,1,0.0,1.0487347015825407e-05,-1.0487347015825407e-05
tanner eda t-spice,Hard Skill,0,1,0.0,1.0487347015825407e-05,-1.0487347015825407e-05
tanner research l-edit,Hard Skill,0,1,0.0,1.0487347015825407e-05,-1.0487347015825407e-05
tape backup system software,Hard Skill,0,1,0.0,1.0487347015825407e-05,-1.0487347015825407e-05
taplogic farmlogic,Hard Skill,0,1,0.0,1.0487347015825407e-05,-1.0487347015825407e-05
taproot,Hard Skill,0,1,0.0,1.0487347015825407e-05,-1.0487347015825407e-05
tariff databases,Hard Skill,0,1,0.0,1.0487347015825407e-05,-1.0487347015825407e-05
task analysis software,Hard Skill,0,1,0.0,1.0487347015825407e-05,-1.0487347015825407e-05
documentplus,Hard Skill,0,1,0.0,1.0487347015825407e-05,-1.0487347015825407e-05
doe-2,Hard Skill,0,1,0.0,1.0487347015825407e-05,-1.0487347015825407e-05
dolphin cad/cam,Hard Skill,0,1,0.0,1.0487347015825407e-05,-1.0487347015825407e-05
dolphin integration smash,Hard Skill,0,1,0.0,1.0487347015825407e-05,-1.0487347015825407e-05
dolphin lunar,Hard Skill,0,1,0.0,1.0487347015825407e-05,-1.0487347015825407e-05
domestic animal diversity information service dad-is,Hard Skill,0,1,0.0,1.0487347015825407e-05,-1.0487347015825407e-05
domin-8 enterprise solutions rentright,Hard Skill,0,1,0.0,1.0487347015825407e-05,-1.0487347015825407e-05
donor management system software,Hard Skill,0,1,0.0,1.0487347015825407e-05,-1.0487347015825407e-05
doris fileserveronline,Hard Skill,0,1,0.0,1.0487347015825407e-05,-1.0487347015825407e-05
dna sequencing software,Hard Skill,0,1,0.0,1.0487347015825407e-05,-1.0487347015825407e-05
doc.it dm,Hard Skill,0,1,0.0,1.0487347015825407e-05,-1.0487347015825407e-05
doc2md,Hard Skill,0,1,0.0,1.0487347015825407e-05,-1.0487347015825407e-05
docking and ligand binding software,Hard Skill,0,1,0.0,1.0487347015825407e-05,-1.0487347015825407e-05
docsite registry,Hard Skill,0,1,0.0,1.0487347015825407e-05,-1.0487347015825407e-05
doctorspartner emr,Hard Skill,0,1,0.0,1.0487347015825407e-05,-1.0487347015825407e-05
talenthook,Hard Skill,0,1,0.0,1.0487347015825407e-05,-1.0487347015825407e-05
talisma knowledgebase,Hard Skill,0,1,0.0,1.0487347015825407e-05,-1.0487347015825407e-05
tangible media group luminous table,Hard Skill,0,1,0.0,1.0487347015825407e-05,-1.0487347015825407e-05
dose modeling software,Hard Skill,0,1,0.0,1.0487347015825407e-05,-1.0487347015825407e-05
dose unit calculation software,Hard Skill,0,1,0.0,1.0487347015825407e-05,-1.0487347015825407e-05
dossier software,Hard Skill,0,1,0.0,1.0487347015825407e-05,-1.0487347015825407e-05
dotproject,Hard Skill,0,1,0.0,1.0487347015825407e-05,-1.0487347015825407e-05
doublebridge rosetta phoenix ectd viewer,Hard Skill,0,1,0.0,1.0487347015825407e-05,-1.0487347015825407e-05
doublebridge rosetta pyramid,Hard Skill,0,1,0.0,1.0487347015825407e-05,-1.0487347015825407e-05
doublebridge rosetta sceptre,Hard Skill,0,1,0.0,1.0487347015825407e-05,-1.0487347015825407e-05
doublebridge rosetta scribe,Hard Skill,0,1,0.0,1.0487347015825407e-05,-1.0487347015825407e-05
doublecheck grc&t platform,Hard Skill,0,1,0.0,1.0487347015825407e-05,-1.0487347015825407e-05
douglas associates forensic filer,Hard Skill,0,1,0.0,1.0487347015825407e-05,-1.0487347015825407e-05
doxygen,Hard Skill,0,1,0.0,1.0487347015825407e-05,-1.0487347015825407e-05
dps software general litigation,Hard Skill,0,1,0.0,1.0487347015825407e-05,-1.0487347015825407e-05
dqo elipgrid-pc,Hard Skill,0,1,0.0,1.0487347015825407e-05,-1.0487347015825407e-05
drcauto smart architect lt pro,Hard Skill,0,1,0.0,1.0487347015825407e-05,-1.0487347015825407e-05
dream computer piano,Hard Skill,0,1,0.0,1.0487347015825407e-05,-1.0487347015825407e-05
drillingsoftware drillpro,Hard Skill,0,1,0.0,1.0487347015825407e-05,-1.0487347015825407e-05
drillingsoftware tubular database,Hard Skill,0,1,0.0,1.0487347015825407e-05,-1.0487347015825407e-05
driving simulators,Hard Skill,0,1,0.0,1.0487347015825407e-05,-1.0487347015825407e-05
drone image capturing software,Hard Skill,0,1,0.0,1.0487347015825407e-05,-1.0487347015825407e-05
drug compatibility software,Hard Skill,0,1,0.0,1.0487347015825407e-05,-1.0487347015825407e-05
tabs3 practicemaster,Hard Skill,0,1,0.0,1.0487347015825407e-05,-1.0487347015825407e-05
tactile graphic production kits software,Hard Skill,0,1,0.0,1.0487347015825407e-05,-1.0487347015825407e-05
tailor master,Hard Skill,0,1,0.0,1.0487347015825407e-05,-1.0487347015825407e-05
tailwind management systems tailwind,Hard Skill,0,1,0.0,1.0487347015825407e-05,-1.0487347015825407e-05
take solutions pharmaready document management system,Hard Skill,0,1,0.0,1.0487347015825407e-05,-1.0487347015825407e-05
talendforge,Hard Skill,0,1,0.0,1.0487347015825407e-05,-1.0487347015825407e-05
talent technology hiredesk,Hard Skill,0,1,0.0,1.0487347015825407e-05,-1.0487347015825407e-05
talent technology resume mirror,Hard Skill,0,1,0.0,1.0487347015825407e-05,-1.0487347015825407e-05
talent technology talemetry,Hard Skill,0,1,0.0,1.0487347015825407e-05,-1.0487347015825407e-05
drug guide software,Hard Skill,0,1,0.0,1.0487347015825407e-05,-1.0487347015825407e-05
drug reference software,Hard Skill,0,1,0.0,1.0487347015825407e-05,-1.0487347015825407e-05
dsa foxware warehouse management,Hard Skill,0,1,0.0,1.0487347015825407e-05,-1.0487347015825407e-05
dsc pacer interactive voice response system,Hard Skill,0,1,0.0,1.0487347015825407e-05,-1.0487347015825407e-05
dsn software dental-exec,Hard Skill,0,1,0.0,1.0487347015825407e-05,-1.0487347015825407e-05
dsn software perio-exec,Hard Skill,0,1,0.0,1.0487347015825407e-05,-1.0487347015825407e-05
dsp development dadisp,Hard Skill,0,1,0.0,1.0487347015825407e-05,-1.0487347015825407e-05
dspace,Hard Skill,0,1,0.0,1.0487347015825407e-05,-1.0487347015825407e-05
dtsearch,Hard Skill,0,1,0.0,1.0487347015825407e-05,-1.0487347015825407e-05
dupont colornet,Hard Skill,0,1,0.0,1.0487347015825407e-05,-1.0487347015825407e-05
dupont spies hecker wizard,Hard Skill,0,1,0.0,1.0487347015825407e-05,-1.0487347015825407e-05
duxbury braille translator,Hard Skill,0,1,0.0,1.0487347015825407e-05,-1.0487347015825407e-05
dqo-pro,Hard Skill,0,1,0.0,1.0487347015825407e-05,-1.0487347015825407e-05
dr. dispatch,Hard Skill,0,1,0.0,1.0487347015825407e-05,-1.0487347015825407e-05
drafting software,Hard Skill,0,1,0.0,1.0487347015825407e-05,-1.0487347015825407e-05
drawstitch artistic sewing suite,Hard Skill,0,1,0.0,1.0487347015825407e-05,-1.0487347015825407e-05
systems union group mis decisionware,Hard Skill,0,1,0.0,1.0487347015825407e-05,-1.0487347015825407e-05
systemware,Hard Skill,0,1,0.0,1.0487347015825407e-05,-1.0487347015825407e-05
tabit,Hard Skill,0,1,0.0,1.0487347015825407e-05,-1.0487347015825407e-05
tabledit,Hard Skill,0,1,0.0,1.0487347015825407e-05,-1.0487347015825407e-05
tablet application software,Hard Skill,0,1,0.0,1.0487347015825407e-05,-1.0487347015825407e-05
dx studio,Hard Skill,0,1,0.0,1.0487347015825407e-05,-1.0487347015825407e-05
dxcg risksmart,Hard Skill,0,1,0.0,1.0487347015825407e-05,-1.0487347015825407e-05
dyadem fmea pro-6,Hard Skill,0,1,0.0,1.0487347015825407e-05,-1.0487347015825407e-05
dydacomp mail order manager,Hard Skill,0,1,0.0,1.0487347015825407e-05,-1.0487347015825407e-05
dynamic energy systems medact,Hard Skill,0,1,0.0,1.0487347015825407e-05,-1.0487347015825407e-05
dynamic graphics earthvision,Hard Skill,0,1,0.0,1.0487347015825407e-05,-1.0487347015825407e-05
dynamic loanledger,Hard Skill,0,1,0.0,1.0487347015825407e-05,-1.0487347015825407e-05
dynamic object-oriented requirements system doors,Hard Skill,0,1,0.0,1.0487347015825407e-05,-1.0487347015825407e-05
dynamic positioning dp software,Hard Skill,0,1,0.0,1.0487347015825407e-05,-1.0487347015825407e-05
dynatrace,Hard Skill,0,1,0.0,1.0487347015825407e-05,-1.0487347015825407e-05
systat software lisa.lims,Hard Skill,0,1,0.0,1.0487347015825407e-05,-1.0487347015825407e-05
systat software tablecurve,Hard Skill,0,1,0.0,1.0487347015825407e-05,-1.0487347015825407e-05
system for electronic rate and form filing serff,Hard Skill,0,1,0.0,1.0487347015825407e-05,-1.0487347015825407e-05
system innovators,Hard Skill,0,1,0.0,1.0487347015825407e-05,-1.0487347015825407e-05
e-check software,Hard Skill,0,1,0.0,1.0487347015825407e-05,-1.0487347015825407e-05
e-mds chart,Hard Skill,0,1,0.0,1.0487347015825407e-05,-1.0487347015825407e-05
e-mds docman,Hard Skill,0,1,0.0,1.0487347015825407e-05,-1.0487347015825407e-05
e-mds schedule,Hard Skill,0,1,0.0,1.0487347015825407e-05,-1.0487347015825407e-05
e-medrecords compukid,Hard Skill,0,1,0.0,1.0487347015825407e-05,-1.0487347015825407e-05
e-on software vue,Hard Skill,0,1,0.0,1.0487347015825407e-05,-1.0487347015825407e-05
e-on vue,Hard Skill,0,1,0.0,1.0487347015825407e-05,-1.0487347015825407e-05
e-verify,Hard Skill,0,1,0.0,1.0487347015825407e-05,-1.0487347015825407e-05
e-z bis office,Hard Skill,0,1,0.0,1.0487347015825407e-05,-1.0487347015825407e-05
e-z data smartoffice,Hard Skill,0,1,0.0,1.0487347015825407e-05,-1.0487347015825407e-05
systems and application deployment and migration software,Hard Skill,0,1,0.0,1.0487347015825407e-05,-1.0487347015825407e-05
systems integration software,Hard Skill,0,1,0.0,1.0487347015825407e-05,-1.0487347015825407e-05
earthvision,Hard Skill,0,1,0.0,1.0487347015825407e-05,-1.0487347015825407e-05
earthworks downhole explorer,Hard Skill,0,1,0.0,1.0487347015825407e-05,-1.0487347015825407e-05
earthworks maxipit,Hard Skill,0,1,0.0,1.0487347015825407e-05,-1.0487347015825407e-05
easy music composer free,Hard Skill,0,1,0.0,1.0487347015825407e-05,-1.0487347015825407e-05
easy solutions easy lab,Hard Skill,0,1,0.0,1.0487347015825407e-05,-1.0487347015825407e-05
easycis,Hard Skill,0,1,0.0,1.0487347015825407e-05,-1.0487347015825407e-05
easypano tourweaver,Hard Skill,0,1,0.0,1.0487347015825407e-05,-1.0487347015825407e-05
easypath software pathology assistant,Hard Skill,0,1,0.0,1.0487347015825407e-05,-1.0487347015825407e-05
easysolve software sizeperm,Hard Skill,0,1,0.0,1.0487347015825407e-05,-1.0487347015825407e-05
synopsys taurus medici,Hard Skill,0,1,0.0,1.0487347015825407e-05,-1.0487347015825407e-05
synopsys tetramax atpg,Hard Skill,0,1,0.0,1.0487347015825407e-05,-1.0487347015825407e-05
synplicity synplify,Hard Skill,0,1,0.0,1.0487347015825407e-05,-1.0487347015825407e-05
syntactically awesome style sheets sass,Hard Skill,0,1,0.0,1.0487347015825407e-05,-1.0487347015825407e-05
syntec systems insight,Hard Skill,0,1,0.0,1.0487347015825407e-05,-1.0487347015825407e-05
synthematix structuresearch,Hard Skill,0,1,0.0,1.0487347015825407e-05,-1.0487347015825407e-05
systat,Hard Skill,0,1,0.0,1.0487347015825407e-05,-1.0487347015825407e-05
eazy application systems quickemr,Hard Skill,0,1,0.0,1.0487347015825407e-05,-1.0487347015825407e-05
ebenefits solutions benefits management,Hard Skill,0,1,0.0,1.0487347015825407e-05,-1.0487347015825407e-05
ebs on line instapay,Hard Skill,0,1,0.0,1.0487347015825407e-05,-1.0487347015825407e-05
ebsco information services academic search premier,Hard Skill,0,1,0.0,1.0487347015825407e-05,-1.0487347015825407e-05
ebsco information services library literature and information science index,Hard Skill,0,1,0.0,1.0487347015825407e-05,-1.0487347015825407e-05
"ebsco library, information science, and technology abstracts listsa",Hard Skill,0,1,0.0,1.0487347015825407e-05,-1.0487347015825407e-05
ebsco omnifile fulltext mega,Hard Skill,0,1,0.0,1.0487347015825407e-05,-1.0487347015825407e-05
ebsco publishing academic search premier,Hard Skill,0,1,0.0,1.0487347015825407e-05,-1.0487347015825407e-05
ebsco publishing political science complete,Hard Skill,0,1,0.0,1.0487347015825407e-05,-1.0487347015825407e-05
ebuy,Hard Skill,0,1,0.0,1.0487347015825407e-05,-1.0487347015825407e-05
echip,Hard Skill,0,1,0.0,1.0487347015825407e-05,-1.0487347015825407e-05
echo sounder software,Hard Skill,0,1,0.0,1.0487347015825407e-05,-1.0487347015825407e-05
echurch.com schoolperfect,Hard Skill,0,1,0.0,1.0487347015825407e-05,-1.0487347015825407e-05
eagle point site design,Hard Skill,0,1,0.0,1.0487347015825407e-05,-1.0487347015825407e-05
ear measurement software,Hard Skill,0,1,0.0,1.0487347015825407e-05,-1.0487347015825407e-05
ear works,Hard Skill,0,1,0.0,1.0487347015825407e-05,-1.0487347015825407e-05
synopsys electronic design software,Hard Skill,0,1,0.0,1.0487347015825407e-05,-1.0487347015825407e-05
synopsys hercules,Hard Skill,0,1,0.0,1.0487347015825407e-05,-1.0487347015825407e-05
synopsys hsim,Hard Skill,0,1,0.0,1.0487347015825407e-05,-1.0487347015825407e-05
synopsys primetime,Hard Skill,0,1,0.0,1.0487347015825407e-05,-1.0487347015825407e-05
synopsys saber,Hard Skill,0,1,0.0,1.0487347015825407e-05,-1.0487347015825407e-05
eclipse jersey,Hard Skill,0,1,0.0,1.0487347015825407e-05,-1.0487347015825407e-05
eclipse legal systems proclaim,Hard Skill,0,1,0.0,1.0487347015825407e-05,-1.0487347015825407e-05
economic input-output life cycle assessment eio-lca,Hard Skill,0,1,0.0,1.0487347015825407e-05,-1.0487347015825407e-05
econport,Hard Skill,0,1,0.0,1.0487347015825407e-05,-1.0487347015825407e-05
ecotech winaqms,Hard Skill,0,1,0.0,1.0487347015825407e-05,-1.0487347015825407e-05
ecotech wincollect,Hard Skill,0,1,0.0,1.0487347015825407e-05,-1.0487347015825407e-05
ect international raceway multi-pack,Hard Skill,0,1,0.0,1.0487347015825407e-05,-1.0487347015825407e-05
eden sales manager,Hard Skill,0,1,0.0,1.0487347015825407e-05,-1.0487347015825407e-05
edexpress,Hard Skill,0,1,0.0,1.0487347015825407e-05,-1.0487347015825407e-05
edgewell trac,Hard Skill,0,1,0.0,1.0487347015825407e-05,-1.0487347015825407e-05
eaton fleet advisor,Hard Skill,0,1,0.0,1.0487347015825407e-05,-1.0487347015825407e-05
ekotrope rater,Hard Skill,0,1,0.0,1.0487347015825407e-05,-1.0487347015825407e-05
elawsoftware,Hard Skill,0,1,0.0,1.0487347015825407e-05,-1.0487347015825407e-05
edible software,Hard Skill,0,1,0.0,1.0487347015825407e-05,-1.0487347015825407e-05
edistrict internet solutions edistrict unified,Hard Skill,0,1,0.0,1.0487347015825407e-05,-1.0487347015825407e-05
editing software,Hard Skill,0,1,0.0,1.0487347015825407e-05,-1.0487347015825407e-05
editor software stylewriter,Hard Skill,0,1,0.0,1.0487347015825407e-05,-1.0487347015825407e-05
education planning software,Hard Skill,0,1,0.0,1.0487347015825407e-05,-1.0487347015825407e-05
eeg portaview,Hard Skill,0,1,0.0,1.0487347015825407e-05,-1.0487347015825407e-05
eeo made simple aapmaker,Hard Skill,0,1,0.0,1.0487347015825407e-05,-1.0487347015825407e-05
eeo made simple apptrac,Hard Skill,0,1,0.0,1.0487347015825407e-05,-1.0487347015825407e-05
effexoft easi,Hard Skill,0,1,0.0,1.0487347015825407e-05,-1.0487347015825407e-05
synapse adaptive connect outloud,Hard Skill,0,1,0.0,1.0487347015825407e-05,-1.0487347015825407e-05
synaptec lawbase case management,Hard Skill,0,1,0.0,1.0487347015825407e-05,-1.0487347015825407e-05
syndiag,Hard Skill,0,1,0.0,1.0487347015825407e-05,-1.0487347015825407e-05
synergistic office solutions sos case manager,Hard Skill,0,1,0.0,1.0487347015825407e-05,-1.0487347015825407e-05
synergy international systems synergy casetrack,Hard Skill,0,1,0.0,1.0487347015825407e-05,-1.0487347015825407e-05
symantec pgp,Hard Skill,0,1,0.0,1.0487347015825407e-05,-1.0487347015825407e-05
symantec veritas file system,Hard Skill,0,1,0.0,1.0487347015825407e-05,-1.0487347015825407e-05
symantec veritas netbackup,Hard Skill,0,1,0.0,1.0487347015825407e-05,-1.0487347015825407e-05
symantec veritas volume manager,Hard Skill,0,1,0.0,1.0487347015825407e-05,-1.0487347015825407e-05
symark powerbroker,Hard Skill,0,1,0.0,1.0487347015825407e-05,-1.0487347015825407e-05
symbolic debugger software,Hard Skill,0,1,0.0,1.0487347015825407e-05,-1.0487347015825407e-05
symmetrica,Hard Skill,0,1,0.0,1.0487347015825407e-05,-1.0487347015825407e-05
symphony gold,Hard Skill,0,1,0.0,1.0487347015825407e-05,-1.0487347015825407e-05
efi hagen oa,Hard Skill,0,1,0.0,1.0487347015825407e-05,-1.0487347015825407e-05
egrabber listgrabber,Hard Skill,0,1,0.0,1.0487347015825407e-05,-1.0487347015825407e-05
egress allsafe,Hard Skill,0,1,0.0,1.0487347015825407e-05,-1.0487347015825407e-05
egress evacs,Hard Skill,0,1,0.0,1.0487347015825407e-05,-1.0487347015825407e-05
egs featurecam,Hard Skill,0,1,0.0,1.0487347015825407e-05,-1.0487347015825407e-05
eisi naviplan,Hard Skill,0,1,0.0,1.0487347015825407e-05,-1.0487347015825407e-05
ej-technologies jprofiler,Hard Skill,0,1,0.0,1.0487347015825407e-05,-1.0487347015825407e-05
eklin information systems via,Hard Skill,0,1,0.0,1.0487347015825407e-05,-1.0487347015825407e-05
electric rain swift 3d xpress,Hard Skill,0,1,0.0,1.0487347015825407e-05,-1.0487347015825407e-05
electrical power management system software,Hard Skill,0,1,0.0,1.0487347015825407e-05,-1.0487347015825407e-05
electriccloud electriccommander,Hard Skill,0,1,0.0,1.0487347015825407e-05,-1.0487347015825407e-05
electro meridian imaging emi,Hard Skill,0,1,0.0,1.0487347015825407e-05,-1.0487347015825407e-05
electroconvulsive therapy equipment,Hard Skill,0,1,0.0,1.0487347015825407e-05,-1.0487347015825407e-05
electromagnetic analysis software,Hard Skill,0,1,0.0,1.0487347015825407e-05,-1.0487347015825407e-05
electromechanical testing analysis software,Hard Skill,0,1,0.0,1.0487347015825407e-05,-1.0487347015825407e-05
electromyograph analysis software,Hard Skill,0,1,0.0,1.0487347015825407e-05,-1.0487347015825407e-05
electronic adjudication management systems eam,Hard Skill,0,1,0.0,1.0487347015825407e-05,-1.0487347015825407e-05
electronic breadboard software,Hard Skill,0,1,0.0,1.0487347015825407e-05,-1.0487347015825407e-05
electronic calendar management software,Hard Skill,0,1,0.0,1.0487347015825407e-05,-1.0487347015825407e-05
electronic common technical document ectd software,Hard Skill,0,1,0.0,1.0487347015825407e-05,-1.0487347015825407e-05
symantec endpoint protection,Hard Skill,0,1,0.0,1.0487347015825407e-05,-1.0487347015825407e-05
symantec ghost solution suite,Hard Skill,0,1,0.0,1.0487347015825407e-05,-1.0487347015825407e-05
symantec intruder alert,Hard Skill,0,1,0.0,1.0487347015825407e-05,-1.0487347015825407e-05
symantec livestate,Hard Skill,0,1,0.0,1.0487347015825407e-05,-1.0487347015825407e-05
sylvan software dropchute pro,Hard Skill,0,1,0.0,1.0487347015825407e-05,-1.0487347015825407e-05
sylvan software shortcut,Hard Skill,0,1,0.0,1.0487347015825407e-05,-1.0487347015825407e-05
symantec altiris deployment solution,Hard Skill,0,1,0.0,1.0487347015825407e-05,-1.0487347015825407e-05
symantec blue coat data loss prevention,Hard Skill,0,1,0.0,1.0487347015825407e-05,-1.0487347015825407e-05
electronic common technical document ectd validating software,Hard Skill,0,1,0.0,1.0487347015825407e-05,-1.0487347015825407e-05
electronic common technical document ectd viewing software,Hard Skill,0,1,0.0,1.0487347015825407e-05,-1.0487347015825407e-05
electronic diary software,Hard Skill,0,1,0.0,1.0487347015825407e-05,-1.0487347015825407e-05
electronic dictionaries,Hard Skill,0,1,0.0,1.0487347015825407e-05,-1.0487347015825407e-05
electronic discovery software,Hard Skill,0,1,0.0,1.0487347015825407e-05,-1.0487347015825407e-05
electronic document management system edms,Hard Skill,0,1,0.0,1.0487347015825407e-05,-1.0487347015825407e-05
electronic engineering calculator,Hard Skill,0,1,0.0,1.0487347015825407e-05,-1.0487347015825407e-05
electronic filing software,Hard Skill,0,1,0.0,1.0487347015825407e-05,-1.0487347015825407e-05
electronic lab notebook software,Hard Skill,0,1,0.0,1.0487347015825407e-05,-1.0487347015825407e-05
electronic medical administration record emar software,Hard Skill,0,1,0.0,1.0487347015825407e-05,-1.0487347015825407e-05
electric quilt quilt design wizard,Hard Skill,0,1,0.0,1.0487347015825407e-05,-1.0487347015825407e-05
electric rain swift 3d,Hard Skill,0,1,0.0,1.0487347015825407e-05,-1.0487347015825407e-05
electronic transcription management software,Hard Skill,0,1,0.0,1.0487347015825407e-05,-1.0487347015825407e-05
electronics for imaging efi monarch,Hard Skill,0,1,0.0,1.0487347015825407e-05,-1.0487347015825407e-05
electronics for imaging efi pace,Hard Skill,0,1,0.0,1.0487347015825407e-05,-1.0487347015825407e-05
electrosoft flashworks,Hard Skill,0,1,0.0,1.0487347015825407e-05,-1.0487347015825407e-05
elekta impac software powerpath,Hard Skill,0,1,0.0,1.0487347015825407e-05,-1.0487347015825407e-05
sweetware nutracoster professional,Hard Skill,0,1,0.0,1.0487347015825407e-05,-1.0487347015825407e-05
sweetware smallpics,Hard Skill,0,1,0.0,1.0487347015825407e-05,-1.0487347015825407e-05
sweetware stockcoster,Hard Skill,0,1,0.0,1.0487347015825407e-05,-1.0487347015825407e-05
swisslog warehousemanager,Hard Skill,0,1,0.0,1.0487347015825407e-05,-1.0487347015825407e-05
switch software,Hard Skill,0,1,0.0,1.0487347015825407e-05,-1.0487347015825407e-05
swivel software,Hard Skill,0,1,0.0,1.0487347015825407e-05,-1.0487347015825407e-05
sword achiever compliance portal dashboard,Hard Skill,0,1,0.0,1.0487347015825407e-05,-1.0487347015825407e-05
syberworks training center,Hard Skill,0,1,0.0,1.0487347015825407e-05,-1.0487347015825407e-05
syborg systems microtec,Hard Skill,0,1,0.0,1.0487347015825407e-05,-1.0487347015825407e-05
sycle practice management software,Hard Skill,0,1,0.0,1.0487347015825407e-05,-1.0487347015825407e-05
sylvan software complete medical pharmaceutical spell checker,Hard Skill,0,1,0.0,1.0487347015825407e-05,-1.0487347015825407e-05
elite software dpipe,Hard Skill,0,1,0.0,1.0487347015825407e-05,-1.0487347015825407e-05
elite software e-coord,Hard Skill,0,1,0.0,1.0487347015825407e-05,-1.0487347015825407e-05
elite software elite salon & spa management,Hard Skill,0,1,0.0,1.0487347015825407e-05,-1.0487347015825407e-05
elite software elite salon & spa payroll,Hard Skill,0,1,0.0,1.0487347015825407e-05,-1.0487347015825407e-05
elite software energy audit,Hard Skill,0,1,0.0,1.0487347015825407e-05,-1.0487347015825407e-05
elite software fire,Hard Skill,0,1,0.0,1.0487347015825407e-05,-1.0487347015825407e-05
elite software hsym,Hard Skill,0,1,0.0,1.0487347015825407e-05,-1.0487347015825407e-05
elite software inpoint,Hard Skill,0,1,0.0,1.0487347015825407e-05,-1.0487347015825407e-05
elite software outpoint,Hard Skill,0,1,0.0,1.0487347015825407e-05,-1.0487347015825407e-05
electronic medical records and electronic health records software ims for allergists,Hard Skill,0,1,0.0,1.0487347015825407e-05,-1.0487347015825407e-05
electronic online systems international eos.web,Hard Skill,0,1,0.0,1.0487347015825407e-05,-1.0487347015825407e-05
electronic systems of wisconsin motor test system software,Hard Skill,0,1,0.0,1.0487347015825407e-05,-1.0487347015825407e-05
electronic toolkit for tax preparers,Hard Skill,0,1,0.0,1.0487347015825407e-05,-1.0487347015825407e-05
electronic tracking device software,Hard Skill,0,1,0.0,1.0487347015825407e-05,-1.0487347015825407e-05
electronic train management system software,Hard Skill,0,1,0.0,1.0487347015825407e-05,-1.0487347015825407e-05
electronic transcript software protext,Hard Skill,0,1,0.0,1.0487347015825407e-05,-1.0487347015825407e-05
elite software sprinkler cad,Hard Skill,0,1,0.0,1.0487347015825407e-05,-1.0487347015825407e-05
elite software vdrop,Hard Skill,0,1,0.0,1.0487347015825407e-05,-1.0487347015825407e-05
ellie mae contour,Hard Skill,0,1,0.0,1.0487347015825407e-05,-1.0487347015825407e-05
ellie mae genesis,Hard Skill,0,1,0.0,1.0487347015825407e-05,-1.0487347015825407e-05
ellucian banner human resources,Hard Skill,0,1,0.0,1.0487347015825407e-05,-1.0487347015825407e-05
ellucian colleague,Hard Skill,0,1,0.0,1.0487347015825407e-05,-1.0487347015825407e-05
ellucian degree works,Hard Skill,0,1,0.0,1.0487347015825407e-05,-1.0487347015825407e-05
elm resources elm,Hard Skill,0,1,0.0,1.0487347015825407e-05,-1.0487347015825407e-05
eloquent systems eloquent,Hard Skill,0,1,0.0,1.0487347015825407e-05,-1.0487347015825407e-05
elsevier mdl isis/draw,Hard Skill,0,1,0.0,1.0487347015825407e-05,-1.0487347015825407e-05
elsevier sciencedirect,Hard Skill,0,1,0.0,1.0487347015825407e-05,-1.0487347015825407e-05
elekta metriq,Hard Skill,0,1,0.0,1.0487347015825407e-05,-1.0487347015825407e-05
element software copper,Hard Skill,0,1,0.0,1.0487347015825407e-05,-1.0487347015825407e-05
elesoft research,Hard Skill,0,1,0.0,1.0487347015825407e-05,-1.0487347015825407e-05
elevator controls interact,Hard Skill,0,1,0.0,1.0487347015825407e-05,-1.0487347015825407e-05
elevator evacuation elvac software,Hard Skill,0,1,0.0,1.0487347015825407e-05,-1.0487347015825407e-05
swan river estimiser pro,Hard Skill,0,1,0.0,1.0487347015825407e-05,-1.0487347015825407e-05
swan river software estimiser pro,Hard Skill,0,1,0.0,1.0487347015825407e-05,-1.0487347015825407e-05
swarmala,Hard Skill,0,1,0.0,1.0487347015825407e-05,-1.0487347015825407e-05
sweep analysis software,Hard Skill,0,1,0.0,1.0487347015825407e-05,-1.0487347015825407e-05
sweetware nutracoster,Hard Skill,0,1,0.0,1.0487347015825407e-05,-1.0487347015825407e-05
elucidat,Hard Skill,0,1,0.0,1.0487347015825407e-05,-1.0487347015825407e-05
ema timingdesigner,Hard Skill,0,1,0.0,1.0487347015825407e-05,-1.0487347015825407e-05
email management software,Hard Skill,0,1,0.0,1.0487347015825407e-05,-1.0487347015825407e-05
emass,Hard Skill,0,1,0.0,1.0487347015825407e-05,-1.0487347015825407e-05
embarcadero er/studio xe,Hard Skill,0,1,0.0,1.0487347015825407e-05,-1.0487347015825407e-05
emboss,Hard Skill,0,1,0.0,1.0487347015825407e-05,-1.0487347015825407e-05
emc captiva,Hard Skill,0,1,0.0,1.0487347015825407e-05,-1.0487347015825407e-05
emc document sciences xpression,Hard Skill,0,1,0.0,1.0487347015825407e-05,-1.0487347015825407e-05
elite software plumbing cad,Hard Skill,0,1,0.0,1.0487347015825407e-05,-1.0487347015825407e-05
elite software short,Hard Skill,0,1,0.0,1.0487347015825407e-05,-1.0487347015825407e-05
elite software spipe,Hard Skill,0,1,0.0,1.0487347015825407e-05,-1.0487347015825407e-05
emd international windpro,Hard Skill,0,1,0.0,1.0487347015825407e-05,-1.0487347015825407e-05
emdeon healthpro,Hard Skill,0,1,0.0,1.0487347015825407e-05,-1.0487347015825407e-05
emerald data deed-chek,Hard Skill,0,1,0.0,1.0487347015825407e-05,-1.0487347015825407e-05
emerald insight emerald management xtra,Hard Skill,0,1,0.0,1.0487347015825407e-05,-1.0487347015825407e-05
emergency managers weather information network emwin,Hard Skill,0,1,0.0,1.0487347015825407e-05,-1.0487347015825407e-05
emergency services integrators esi webeoc,Hard Skill,0,1,0.0,1.0487347015825407e-05,-1.0487347015825407e-05
emerging technologies office center,Hard Skill,0,1,0.0,1.0487347015825407e-05,-1.0487347015825407e-05
surface water modeling system sms software,Hard Skill,0,1,0.0,1.0487347015825407e-05,-1.0487347015825407e-05
surfdriver software winsurf,Hard Skill,0,1,0.0,1.0487347015825407e-05,-1.0487347015825407e-05
surpass management system software,Hard Skill,0,1,0.0,1.0487347015825407e-05,-1.0487347015825407e-05
survey sense,Hard Skill,0,1,0.0,1.0487347015825407e-05,-1.0487347015825407e-05
surveywiz,Hard Skill,0,1,0.0,1.0487347015825407e-05,-1.0487347015825407e-05
sustain justice edition,Hard Skill,0,1,0.0,1.0487347015825407e-05,-1.0487347015825407e-05
sustainable management approaches and revitalization tools smarte,Hard Skill,0,1,0.0,1.0487347015825407e-05,-1.0487347015825407e-05
svartracker,Hard Skill,0,1,0.0,1.0487347015825407e-05,-1.0487347015825407e-05
svrplot,Hard Skill,0,1,0.0,1.0487347015825407e-05,-1.0487347015825407e-05
emerson firstvue value sizing,Hard Skill,0,1,0.0,1.0487347015825407e-05,-1.0487347015825407e-05
emerson ovation,Hard Skill,0,1,0.0,1.0487347015825407e-05,-1.0487347015825407e-05
emissions tracking software,Hard Skill,0,1,0.0,1.0487347015825407e-05,-1.0487347015825407e-05
emmaus mpword,Hard Skill,0,1,0.0,1.0487347015825407e-05,-1.0487347015825407e-05
emoneyadvisor advisorplatform,Hard Skill,0,1,0.0,1.0487347015825407e-05,-1.0487347015825407e-05
empirisoft directrt,Hard Skill,0,1,0.0,1.0487347015825407e-05,-1.0487347015825407e-05
emr experts pediatric emr,Hard Skill,0,1,0.0,1.0487347015825407e-05,-1.0487347015825407e-05
emrlogic systems enterprise visions,Hard Skill,0,1,0.0,1.0487347015825407e-05,-1.0487347015825407e-05
emt applications counselormax,Hard Skill,0,1,0.0,1.0487347015825407e-05,-1.0487347015825407e-05
emulators,Hard Skill,0,1,0.0,1.0487347015825407e-05,-1.0487347015825407e-05
en route descent advisor eda,Hard Skill,0,1,0.0,1.0487347015825407e-05,-1.0487347015825407e-05
enabl-u technologies apis,Hard Skill,0,1,0.0,1.0487347015825407e-05,-1.0487347015825407e-05
emc ionix network configuration manager,Hard Skill,0,1,0.0,1.0487347015825407e-05,-1.0487347015825407e-05
emc rsa archer business continuity management,Hard Skill,0,1,0.0,1.0487347015825407e-05,-1.0487347015825407e-05
emc smarts network protocol manager,Hard Skill,0,1,0.0,1.0487347015825407e-05,-1.0487347015825407e-05
emc symmetrix dmx,Hard Skill,0,1,0.0,1.0487347015825407e-05,-1.0487347015825407e-05
suprem,Hard Skill,0,1,0.0,1.0487347015825407e-05,-1.0487347015825407e-05
sure will writer,Hard Skill,0,1,0.0,1.0487347015825407e-05,-1.0487347015825407e-05
surequest systems square 1,Hard Skill,0,1,0.0,1.0487347015825407e-05,-1.0487347015825407e-05
surface iii,Hard Skill,0,1,0.0,1.0487347015825407e-05,-1.0487347015825407e-05
enablez resortsuite,Hard Skill,0,1,0.0,1.0487347015825407e-05,-1.0487347015825407e-05
encite dermatology electronic health records ehr software,Hard Skill,0,1,0.0,1.0487347015825407e-05,-1.0487347015825407e-05
encompass software,Hard Skill,0,1,0.0,1.0487347015825407e-05,-1.0487347015825407e-05
encompix erp,Hard Skill,0,1,0.0,1.0487347015825407e-05,-1.0487347015825407e-05
end of run report eor,Hard Skill,0,1,0.0,1.0487347015825407e-05,-1.0487347015825407e-05
end-to-end encryption software,Hard Skill,0,1,0.0,1.0487347015825407e-05,-1.0487347015825407e-05
endeavour agile alm,Hard Skill,0,1,0.0,1.0487347015825407e-05,-1.0487347015825407e-05
endicia internet postage,Hard Skill,0,1,0.0,1.0487347015825407e-05,-1.0487347015825407e-05
enercalc fastframe,Hard Skill,0,1,0.0,1.0487347015825407e-05,-1.0487347015825407e-05
enercom energy depot for business,Hard Skill,0,1,0.0,1.0487347015825407e-05,-1.0487347015825407e-05
enercom energy depot for homes,Hard Skill,0,1,0.0,1.0487347015825407e-05,-1.0487347015825407e-05
energy analysis software,Hard Skill,0,1,0.0,1.0487347015825407e-05,-1.0487347015825407e-05
energy expenditure prediction eep software,Hard Skill,0,1,0.0,1.0487347015825407e-05,-1.0487347015825407e-05
energy management system ems,Hard Skill,0,1,0.0,1.0487347015825407e-05,-1.0487347015825407e-05
energy use ratings databases,Hard Skill,0,1,0.0,1.0487347015825407e-05,-1.0487347015825407e-05
energy-10,Hard Skill,0,1,0.0,1.0487347015825407e-05,-1.0487347015825407e-05
energysoft energypro,Hard Skill,0,1,0.0,1.0487347015825407e-05,-1.0487347015825407e-05
enertia,Hard Skill,0,1,0.0,1.0487347015825407e-05,-1.0487347015825407e-05
enfocus pitstop pro,Hard Skill,0,1,0.0,1.0487347015825407e-05,-1.0487347015825407e-05
enforcement case tracking system enforce,Hard Skill,0,1,0.0,1.0487347015825407e-05,-1.0487347015825407e-05
engine diagnostic scanners,Hard Skill,0,1,0.0,1.0487347015825407e-05,-1.0487347015825407e-05
engine diagnostic software,Hard Skill,0,1,0.0,1.0487347015825407e-05,-1.0487347015825407e-05
sunquest information systems sunquest transfusion manager,Hard Skill,0,1,0.0,1.0487347015825407e-05,-1.0487347015825407e-05
sunrise software cropsave,Hard Skill,0,1,0.0,1.0487347015825407e-05,-1.0487347015825407e-05
supply chain capacity planning software,Hard Skill,0,1,0.0,1.0487347015825407e-05,-1.0487347015825407e-05
supply chain event management software,Hard Skill,0,1,0.0,1.0487347015825407e-05,-1.0487347015825407e-05
supply inventory software,Hard Skill,0,1,0.0,1.0487347015825407e-05,-1.0487347015825407e-05
supply ordering software,Hard Skill,0,1,0.0,1.0487347015825407e-05,-1.0487347015825407e-05
sungard webplaid,Hard Skill,0,1,0.0,1.0487347015825407e-05,-1.0487347015825407e-05
sunquest information systems sunquest clinical financials,Hard Skill,0,1,0.0,1.0487347015825407e-05,-1.0487347015825407e-05
sunquest information systems sunquest collection manager,Hard Skill,0,1,0.0,1.0487347015825407e-05,-1.0487347015825407e-05
sunquest information systems sunquest copathplus,Hard Skill,0,1,0.0,1.0487347015825407e-05,-1.0487347015825407e-05
enhanced interior gateway routing protocol eigrp,Hard Skill,0,1,0.0,1.0487347015825407e-05,-1.0487347015825407e-05
enigma software,Hard Skill,0,1,0.0,1.0487347015825407e-05,-1.0487347015825407e-05
enova enatro,Hard Skill,0,1,0.0,1.0487347015825407e-05,-1.0487347015825407e-05
ensembl,Hard Skill,0,1,0.0,1.0487347015825407e-05,-1.0487347015825407e-05
enterprise backup systems,Hard Skill,0,1,0.0,1.0487347015825407e-05,-1.0487347015825407e-05
enterprise content management ecm software,Hard Skill,0,1,0.0,1.0487347015825407e-05,-1.0487347015825407e-05
enterprise logix,Hard Skill,0,1,0.0,1.0487347015825407e-05,-1.0487347015825407e-05
enterprise report management erm software,Hard Skill,0,1,0.0,1.0487347015825407e-05,-1.0487347015825407e-05
enterprise risk management software erms,Hard Skill,0,1,0.0,1.0487347015825407e-05,-1.0487347015825407e-05
enterprise software systems cre sync,Hard Skill,0,1,0.0,1.0487347015825407e-05,-1.0487347015825407e-05
enterprise systems rfid data management,Hard Skill,0,1,0.0,1.0487347015825407e-05,-1.0487347015825407e-05
energy auditing software,Hard Skill,0,1,0.0,1.0487347015825407e-05,-1.0487347015825407e-05
eoriginal ecore business suite,Hard Skill,0,1,0.0,1.0487347015825407e-05,-1.0487347015825407e-05
epa storm water management model swmm,Hard Skill,0,1,0.0,1.0487347015825407e-05,-1.0487347015825407e-05
epcon international chempro engineering suite,Hard Skill,0,1,0.0,1.0487347015825407e-05,-1.0487347015825407e-05
epcon international sinet,Hard Skill,0,1,0.0,1.0487347015825407e-05,-1.0487347015825407e-05
epcon international system 7 process explorer,Hard Skill,0,1,0.0,1.0487347015825407e-05,-1.0487347015825407e-05
sungard frontier,Hard Skill,0,1,0.0,1.0487347015825407e-05,-1.0487347015825407e-05
sungard higher education banner financial aid,Hard Skill,0,1,0.0,1.0487347015825407e-05,-1.0487347015825407e-05
sungard higher education banner unified digital campus,Hard Skill,0,1,0.0,1.0487347015825407e-05,-1.0487347015825407e-05
sungard higher education powerfaids,Hard Skill,0,1,0.0,1.0487347015825407e-05,-1.0487347015825407e-05
sungard lockbox,Hard Skill,0,1,0.0,1.0487347015825407e-05,-1.0487347015825407e-05
sungard microhedge,Hard Skill,0,1,0.0,1.0487347015825407e-05,-1.0487347015825407e-05
sungard notifind,Hard Skill,0,1,0.0,1.0487347015825407e-05,-1.0487347015825407e-05
sungard pentamation iepplus,Hard Skill,0,1,0.0,1.0487347015825407e-05,-1.0487347015825407e-05
sungard planningstation,Hard Skill,0,1,0.0,1.0487347015825407e-05,-1.0487347015825407e-05
sungard public sector ifas,Hard Skill,0,1,0.0,1.0487347015825407e-05,-1.0487347015825407e-05
sungard relius,Hard Skill,0,1,0.0,1.0487347015825407e-05,-1.0487347015825407e-05
epic her,Hard Skill,0,1,0.0,1.0487347015825407e-05,-1.0487347015825407e-05
epiccare ambulatory electronic medical records (emr) software,Hard Skill,0,1,0.0,1.0487347015825407e-05,-1.0487347015825407e-05
epicenter software epilog,Hard Skill,0,1,0.0,1.0487347015825407e-05,-1.0487347015825407e-05
epicor loss prevention,Hard Skill,0,1,0.0,1.0487347015825407e-05,-1.0487347015825407e-05
epicor srm,Hard Skill,0,1,0.0,1.0487347015825407e-05,-1.0487347015825407e-05
epicor vista erp,Hard Skill,0,1,0.0,1.0487347015825407e-05,-1.0487347015825407e-05
epicor wms,Hard Skill,0,1,0.0,1.0487347015825407e-05,-1.0487347015825407e-05
epidata analysis,Hard Skill,0,1,0.0,1.0487347015825407e-05,-1.0487347015825407e-05
epidemiological software,Hard Skill,0,1,0.0,1.0487347015825407e-05,-1.0487347015825407e-05
envirodata solutions,Hard Skill,0,1,0.0,1.0487347015825407e-05,-1.0487347015825407e-05
enviroinsite,Hard Skill,0,1,0.0,1.0487347015825407e-05,-1.0487347015825407e-05
environmental knowledge and assessment tool ekat,Hard Skill,0,1,0.0,1.0487347015825407e-05,-1.0487347015825407e-05
environmental research services raob,Hard Skill,0,1,0.0,1.0487347015825407e-05,-1.0487347015825407e-05
environmental software and services sutra,Hard Skill,0,1,0.0,1.0487347015825407e-05,-1.0487347015825407e-05
envision pet grooming,Hard Skill,0,1,0.0,1.0487347015825407e-05,-1.0487347015825407e-05
envision salon,Hard Skill,0,1,0.0,1.0487347015825407e-05,-1.0487347015825407e-05
sun microsystems java servlet api,Hard Skill,0,1,0.0,1.0487347015825407e-05,-1.0487347015825407e-05
sun microsystems sun one,Hard Skill,0,1,0.0,1.0487347015825407e-05,-1.0487347015825407e-05
sun nuclear mapcheck,Hard Skill,0,1,0.0,1.0487347015825407e-05,-1.0487347015825407e-05
sunflow render system,Hard Skill,0,1,0.0,1.0487347015825407e-05,-1.0487347015825407e-05
sungard financial systems addvantage,Hard Skill,0,1,0.0,1.0487347015825407e-05,-1.0487347015825407e-05
epinoisis software digital ear,Hard Skill,0,1,0.0,1.0487347015825407e-05,-1.0487347015825407e-05
eplan software,Hard Skill,0,1,0.0,1.0487347015825407e-05,-1.0487347015825407e-05
epos business solutions system 3 pos,Hard Skill,0,1,0.0,1.0487347015825407e-05,-1.0487347015825407e-05
eproduction solutions pansystem,Hard Skill,0,1,0.0,1.0487347015825407e-05,-1.0487347015825407e-05
epsych,Hard Skill,0,1,0.0,1.0487347015825407e-05,-1.0487347015825407e-05
equal employment opportunity eeo compliance software,Hard Skill,0,1,0.0,1.0487347015825407e-05,-1.0487347015825407e-05
equest,Hard Skill,0,1,0.0,1.0487347015825407e-05,-1.0487347015825407e-05
equifax software,Hard Skill,0,1,0.0,1.0487347015825407e-05,-1.0487347015825407e-05
equipment compliance testing software,Hard Skill,0,1,0.0,1.0487347015825407e-05,-1.0487347015825407e-05
equipment management information software,Hard Skill,0,1,0.0,1.0487347015825407e-05,-1.0487347015825407e-05
epic gis,Hard Skill,0,1,0.0,1.0487347015825407e-05,-1.0487347015825407e-05
esri maplex,Hard Skill,0,1,0.0,1.0487347015825407e-05,-1.0487347015825407e-05
equitas eeostat,Hard Skill,0,1,0.0,1.0487347015825407e-05,-1.0487347015825407e-05
erosion productivity impact calculator epic,Hard Skill,0,1,0.0,1.0487347015825407e-05,-1.0487347015825407e-05
erp industrios material planning,Hard Skill,0,1,0.0,1.0487347015825407e-05,-1.0487347015825407e-05
esa mosaics,Hard Skill,0,1,0.0,1.0487347015825407e-05,-1.0487347015825407e-05
esi group autosea2,Hard Skill,0,1,0.0,1.0487347015825407e-05,-1.0487347015825407e-05
esi software esilaw,Hard Skill,0,1,0.0,1.0487347015825407e-05,-1.0487347015825407e-05
esko artpro,Hard Skill,0,1,0.0,1.0487347015825407e-05,-1.0487347015825407e-05
espsoftware employee schedule partner,Hard Skill,0,1,0.0,1.0487347015825407e-05,-1.0487347015825407e-05
esri arcexplorer,Hard Skill,0,1,0.0,1.0487347015825407e-05,-1.0487347015825407e-05
summit software carepoint,Hard Skill,0,1,0.0,1.0487347015825407e-05,-1.0487347015825407e-05
summit software summit biofuels accounting,Hard Skill,0,1,0.0,1.0487347015825407e-05,-1.0487347015825407e-05
sumquest,Hard Skill,0,1,0.0,1.0487347015825407e-05,-1.0487347015825407e-05
sumtime software sumtime,Hard Skill,0,1,0.0,1.0487347015825407e-05,-1.0487347015825407e-05
sun microsystems cobalt,Hard Skill,0,1,0.0,1.0487347015825407e-05,-1.0487347015825407e-05
sun microsystems java persistence api,Hard Skill,0,1,0.0,1.0487347015825407e-05,-1.0487347015825407e-05
studiocloud,Hard Skill,0,1,0.0,1.0487347015825407e-05,-1.0487347015825407e-05
studioplus spectra,Hard Skill,0,1,0.0,1.0487347015825407e-05,-1.0487347015825407e-05
stylite egroupware,Hard Skill,0,1,0.0,1.0487347015825407e-05,-1.0487347015825407e-05
substance flow analysis stan,Hard Skill,0,1,0.0,1.0487347015825407e-05,-1.0487347015825407e-05
substation automation system software,Hard Skill,0,1,0.0,1.0487347015825407e-05,-1.0487347015825407e-05
substation monitoring system software,Hard Skill,0,1,0.0,1.0487347015825407e-05,-1.0487347015825407e-05
successware service management software,Hard Skill,0,1,0.0,1.0487347015825407e-05,-1.0487347015825407e-05
suddenly smart smartbuilder,Hard Skill,0,1,0.0,1.0487347015825407e-05,-1.0487347015825407e-05
sugar crm,Hard Skill,0,1,0.0,1.0487347015825407e-05,-1.0487347015825407e-05
sugarcrm sugar ux,Hard Skill,0,1,0.0,1.0487347015825407e-05,-1.0487347015825407e-05
sugarsync,Hard Skill,0,1,0.0,1.0487347015825407e-05,-1.0487347015825407e-05
summary systems fleet commander,Hard Skill,0,1,0.0,1.0487347015825407e-05,-1.0487347015825407e-05
summation blaze,Hard Skill,0,1,0.0,1.0487347015825407e-05,-1.0487347015825407e-05
summit ordering systems rvinvoicewriter,Hard Skill,0,1,0.0,1.0487347015825407e-05,-1.0487347015825407e-05
esri arcgis (analytical or scientific feature),Hard Skill,0,1,0.0,1.0487347015825407e-05,-1.0487347015825407e-05
esri arctoolbox,Hard Skill,0,1,0.0,1.0487347015825407e-05,-1.0487347015825407e-05
striker systems ss-strip design,Hard Skill,0,1,0.0,1.0487347015825407e-05,-1.0487347015825407e-05
stromberg enterprise,Hard Skill,0,1,0.0,1.0487347015825407e-05,-1.0487347015825407e-05
strong concepts teapac,Hard Skill,0,1,0.0,1.0487347015825407e-05,-1.0487347015825407e-05
stroud & associates employee benefits administration system,Hard Skill,0,1,0.0,1.0487347015825407e-05,-1.0487347015825407e-05
structural dynamics strucad*3d,Hard Skill,0,1,0.0,1.0487347015825407e-05,-1.0487347015825407e-05
studio of analytical models stanmod,Hard Skill,0,1,0.0,1.0487347015825407e-05,-1.0487347015825407e-05
esri mapobjects,Hard Skill,0,1,0.0,1.0487347015825407e-05,-1.0487347015825407e-05
esri personal geodatabase,Hard Skill,0,1,0.0,1.0487347015825407e-05,-1.0487347015825407e-05
ess compliance suite,Hard Skill,0,1,0.0,1.0487347015825407e-05,-1.0487347015825407e-05
essa technologies path landscape model,Hard Skill,0,1,0.0,1.0487347015825407e-05,-1.0487347015825407e-05
essa technologiestool for exploratory landscape scenario analyses telsa,Hard Skill,0,1,0.0,1.0487347015825407e-05,-1.0487347015825407e-05
estara softphone,Hard Skill,0,1,0.0,1.0487347015825407e-05,-1.0487347015825407e-05
estate capitol needs analysis,Hard Skill,0,1,0.0,1.0487347015825407e-05,-1.0487347015825407e-05
estima rats,Hard Skill,0,1,0.0,1.0487347015825407e-05,-1.0487347015825407e-05
estimates delivery system eds,Hard Skill,0,1,0.0,1.0487347015825407e-05,-1.0487347015825407e-05
eta dynaform,Hard Skill,0,1,0.0,1.0487347015825407e-05,-1.0487347015825407e-05
evron computer systems sage pfw (platinum for windows),Hard Skill,0,1,0.0,1.0487347015825407e-05,-1.0487347015825407e-05
ewing solutions quickwriter,Hard Skill,0,1,0.0,1.0487347015825407e-05,-1.0487347015825407e-05
etakeoff,Hard Skill,0,1,0.0,1.0487347015825407e-05,-1.0487347015825407e-05
etelenext ap anywhere,Hard Skill,0,1,0.0,1.0487347015825407e-05,-1.0487347015825407e-05
etouches,Hard Skill,0,1,0.0,1.0487347015825407e-05,-1.0487347015825407e-05
etq environmental health and safety software,Hard Skill,0,1,0.0,1.0487347015825407e-05,-1.0487347015825407e-05
etq fda cgxp compliance software for life sciences,Hard Skill,0,1,0.0,1.0487347015825407e-05,-1.0487347015825407e-05
etq reliance,Hard Skill,0,1,0.0,1.0487347015825407e-05,-1.0487347015825407e-05
etrac,Hard Skill,0,1,0.0,1.0487347015825407e-05,-1.0487347015825407e-05
etritionware,Hard Skill,0,1,0.0,1.0487347015825407e-05,-1.0487347015825407e-05
ettercap ng,Hard Skill,0,1,0.0,1.0487347015825407e-05,-1.0487347015825407e-05
etymotic research quicksin,Hard Skill,0,1,0.0,1.0487347015825407e-05,-1.0487347015825407e-05
europa world plus,Hard Skill,0,1,0.0,1.0487347015825407e-05,-1.0487347015825407e-05
european soil erosion model eurosem,Hard Skill,0,1,0.0,1.0487347015825407e-05,-1.0487347015825407e-05
european southern observatory munich image data analysis system eso-midas,Hard Skill,0,1,0.0,1.0487347015825407e-05,-1.0487347015825407e-05
striker systems ss-punch,Hard Skill,0,1,0.0,1.0487347015825407e-05,-1.0487347015825407e-05
stratford group inmass/mrp,Hard Skill,0,1,0.0,1.0487347015825407e-05,-1.0487347015825407e-05
stratitec timeips,Hard Skill,0,1,0.0,1.0487347015825407e-05,-1.0487347015825407e-05
street address databases,Hard Skill,0,1,0.0,1.0487347015825407e-05,-1.0487347015825407e-05
stress analysis software,Hard Skill,0,1,0.0,1.0487347015825407e-05,-1.0487347015825407e-05
striker systems ss-die design,Hard Skill,0,1,0.0,1.0487347015825407e-05,-1.0487347015825407e-05
striker systems ss-draw form,Hard Skill,0,1,0.0,1.0487347015825407e-05,-1.0487347015825407e-05
striker systems ss-profile,Hard Skill,0,1,0.0,1.0487347015825407e-05,-1.0487347015825407e-05
evacuation modeling software,Hard Skill,0,1,0.0,1.0487347015825407e-05,-1.0487347015825407e-05
event log monitor software,Hard Skill,0,1,0.0,1.0487347015825407e-05,-1.0487347015825407e-05
event management software,Hard Skill,0,1,0.0,1.0487347015825407e-05,-1.0487347015825407e-05
events operations software,Hard Skill,0,1,0.0,1.0487347015825407e-05,-1.0487347015825407e-05
ever team eversuite content management,Hard Skill,0,1,0.0,1.0487347015825407e-05,-1.0487347015825407e-05
everest software advanced,Hard Skill,0,1,0.0,1.0487347015825407e-05,-1.0487347015825407e-05
evergreen technology total faux,Hard Skill,0,1,0.0,1.0487347015825407e-05,-1.0487347015825407e-05
evolution computing easycad,Hard Skill,0,1,0.0,1.0487347015825407e-05,-1.0487347015825407e-05
evolution computing fastcad,Hard Skill,0,1,0.0,1.0487347015825407e-05,-1.0487347015825407e-05
exacq technologies software,Hard Skill,0,1,0.0,1.0487347015825407e-05,-1.0487347015825407e-05
exact software jobboss,Hard Skill,0,1,0.0,1.0487347015825407e-05,-1.0487347015825407e-05
exact software macola erp,Hard Skill,0,1,0.0,1.0487347015825407e-05,-1.0487347015825407e-05
exactax packageex,Hard Skill,0,1,0.0,1.0487347015825407e-05,-1.0487347015825407e-05
examsoft exam intelligence,Hard Skill,0,1,0.0,1.0487347015825407e-05,-1.0487347015825407e-05
excavator,Hard Skill,0,1,0.0,1.0487347015825407e-05,-1.0487347015825407e-05
exceltrans translator,Hard Skill,0,1,0.0,1.0487347015825407e-05,-1.0487347015825407e-05
exe,Hard Skill,0,1,0.0,1.0487347015825407e-05,-1.0487347015825407e-05
execu/tech systems hotel premium,Hard Skill,0,1,0.0,1.0487347015825407e-05,-1.0487347015825407e-05
strainsim,Hard Skill,0,1,0.0,1.0487347015825407e-05,-1.0487347015825407e-05
strand7,Hard Skill,0,1,0.0,1.0487347015825407e-05,-1.0487347015825407e-05
strat-tech deer hunting expert,Hard Skill,0,1,0.0,1.0487347015825407e-05,-1.0487347015825407e-05
stratacare strataware ereview,Hard Skill,0,1,0.0,1.0487347015825407e-05,-1.0487347015825407e-05
strategic bcp resilienceone,Hard Skill,0,1,0.0,1.0487347015825407e-05,-1.0487347015825407e-05
strategic business systems proof of delivery,Hard Skill,0,1,0.0,1.0487347015825407e-05,-1.0487347015825407e-05
strategic reporting systems reportsmith,Hard Skill,0,1,0.0,1.0487347015825407e-05,-1.0487347015825407e-05
stenograph case catalyst,Hard Skill,0,1,0.0,1.0487347015825407e-05,-1.0487347015825407e-05
stenovations digital cat,Hard Skill,0,1,0.0,1.0487347015825407e-05,-1.0487347015825407e-05
steroplotter software,Hard Skill,0,1,0.0,1.0487347015825407e-05,-1.0487347015825407e-05
stewart computational chemistry mopac,Hard Skill,0,1,0.0,1.0487347015825407e-05,-1.0487347015825407e-05
sti computer services chartmaker,Hard Skill,0,1,0.0,1.0487347015825407e-05,-1.0487347015825407e-05
storm music studio,Hard Skill,0,1,0.0,1.0487347015825407e-05,-1.0487347015825407e-05
stormdance catscradle,Hard Skill,0,1,0.0,1.0487347015825407e-05,-1.0487347015825407e-05
stormwater hydrology software,Hard Skill,0,1,0.0,1.0487347015825407e-05,-1.0487347015825407e-05
storymind storyweaver,Hard Skill,0,1,0.0,1.0487347015825407e-05,-1.0487347015825407e-05
exercise routine creation software,Hard Skill,0,1,0.0,1.0487347015825407e-05,-1.0487347015825407e-05
expedite departure path edp software,Hard Skill,0,1,0.0,1.0487347015825407e-05,-1.0487347015825407e-05
expensewatch,Hard Skill,0,1,0.0,1.0487347015825407e-05,-1.0487347015825407e-05
experian software,Hard Skill,0,1,0.0,1.0487347015825407e-05,-1.0487347015825407e-05
experience in software project kickstart,Hard Skill,0,1,0.0,1.0487347015825407e-05,-1.0487347015825407e-05
experimental physics and industrial control system epics,Hard Skill,0,1,0.0,1.0487347015825407e-05,-1.0487347015825407e-05
ex libris group digitool,Hard Skill,0,1,0.0,1.0487347015825407e-05,-1.0487347015825407e-05
statpoint statgraphics centurion,Hard Skill,0,1,0.0,1.0487347015825407e-05,-1.0487347015825407e-05
statpoint statgraphics plus,Hard Skill,0,1,0.0,1.0487347015825407e-05,-1.0487347015825407e-05
steam system tool suite,Hard Skill,0,1,0.0,1.0487347015825407e-05,-1.0487347015825407e-05
steinberg cubase pro,Hard Skill,0,1,0.0,1.0487347015825407e-05,-1.0487347015825407e-05
explorer engineer,Hard Skill,0,1,0.0,1.0487347015825407e-05,-1.0487347015825407e-05
expressdigital labtricity,Hard Skill,0,1,0.0,1.0487347015825407e-05,-1.0487347015825407e-05
expression dna and protein sequence software,Hard Skill,0,1,0.0,1.0487347015825407e-05,-1.0487347015825407e-05
extedo docvalidator,Hard Skill,0,1,0.0,1.0487347015825407e-05,-1.0487347015825407e-05
extedo ectdmanager suite,Hard Skill,0,1,0.0,1.0487347015825407e-05,-1.0487347015825407e-05
extedo plmanager,Hard Skill,0,1,0.0,1.0487347015825407e-05,-1.0487347015825407e-05
extensible business reporting language xbrl,Hard Skill,0,1,0.0,1.0487347015825407e-05,-1.0487347015825407e-05
extensity mpc,Hard Skill,0,1,0.0,1.0487347015825407e-05,-1.0487347015825407e-05
extranet machine tools suite,Hard Skill,0,1,0.0,1.0487347015825407e-05,-1.0487347015825407e-05
extratech machine tools suite,Hard Skill,0,1,0.0,1.0487347015825407e-05,-1.0487347015825407e-05
stellar processes ez sim,Hard Skill,0,1,0.0,1.0487347015825407e-05,-1.0487347015825407e-05
stenco technologies farm trends,Hard Skill,0,1,0.0,1.0487347015825407e-05,-1.0487347015825407e-05
ez 2000,Hard Skill,0,1,0.0,1.0487347015825407e-05,-1.0487347015825407e-05
ez forms,Hard Skill,0,1,0.0,1.0487347015825407e-05,-1.0487347015825407e-05
ez pipe,Hard Skill,0,1,0.0,1.0487347015825407e-05,-1.0487347015825407e-05
ez-cam,Hard Skill,0,1,0.0,1.0487347015825407e-05,-1.0487347015825407e-05
ez-data client data system,Hard Skill,0,1,0.0,1.0487347015825407e-05,-1.0487347015825407e-05
ez-ranch,Hard Skill,0,1,0.0,1.0487347015825407e-05,-1.0487347015825407e-05
ez-zone optizone enterprise,Hard Skill,0,1,0.0,1.0487347015825407e-05,-1.0487347015825407e-05
ez-zone software alternative medical billing,Hard Skill,0,1,0.0,1.0487347015825407e-05,-1.0487347015825407e-05
ez2bill confidant,Hard Skill,0,1,0.0,1.0487347015825407e-05,-1.0487347015825407e-05
ezanalyze,Hard Skill,0,1,0.0,1.0487347015825407e-05,-1.0487347015825407e-05
statistical energy analysis sea software,Hard Skill,0,1,0.0,1.0487347015825407e-05,-1.0487347015825407e-05
statistical process control spc data collection devices,Hard Skill,0,1,0.0,1.0487347015825407e-05,-1.0487347015825407e-05
statistical solutions solas,Hard Skill,0,1,0.0,1.0487347015825407e-05,-1.0487347015825407e-05
statistics databases,Hard Skill,0,1,0.0,1.0487347015825407e-05,-1.0487347015825407e-05
statistics software,Hard Skill,0,1,0.0,1.0487347015825407e-05,-1.0487347015825407e-05
statpac,Hard Skill,0,1,0.0,1.0487347015825407e-05,-1.0487347015825407e-05
statcoder.com stat e&m coder,Hard Skill,0,1,0.0,1.0487347015825407e-05,-1.0487347015825407e-05
state crime information databases,Hard Skill,0,1,0.0,1.0487347015825407e-05,-1.0487347015825407e-05
state diagram software,Hard Skill,0,1,0.0,1.0487347015825407e-05,-1.0487347015825407e-05
static strength prediction software,Hard Skill,0,1,0.0,1.0487347015825407e-05,-1.0487347015825407e-05
ezappt,Hard Skill,0,1,0.0,1.0487347015825407e-05,-1.0487347015825407e-05
ezfacility trainer management system,Hard Skill,0,1,0.0,1.0487347015825407e-05,-1.0487347015825407e-05
eznotes,Hard Skill,0,1,0.0,1.0487347015825407e-05,-1.0487347015825407e-05
fabasoft folio,Hard Skill,0,1,0.0,1.0487347015825407e-05,-1.0487347015825407e-05
facilities design software,Hard Skill,0,1,0.0,1.0487347015825407e-05,-1.0487347015825407e-05
facilities management software,Hard Skill,0,1,0.0,1.0487347015825407e-05,-1.0487347015825407e-05
facilities planning software,Hard Skill,0,1,0.0,1.0487347015825407e-05,-1.0487347015825407e-05
facility database software,Hard Skill,0,1,0.0,1.0487347015825407e-05,-1.0487347015825407e-05
facility use software,Hard Skill,0,1,0.0,1.0487347015825407e-05,-1.0487347015825407e-05
eye tracking exercises enterprises track with letters,Hard Skill,0,1,0.0,1.0487347015825407e-05,-1.0487347015825407e-05
eyeglass design software,Hard Skill,0,1,0.0,1.0487347015825407e-05,-1.0487347015825407e-05
eyelit manufacturing,Hard Skill,0,1,0.0,1.0487347015825407e-05,-1.0487347015825407e-05
fanuc robotics spottool+,Hard Skill,0,1,0.0,1.0487347015825407e-05,-1.0487347015825407e-05
fanuc robotics through arc seam tracking tast,Hard Skill,0,1,0.0,1.0487347015825407e-05,-1.0487347015825407e-05
factory edge mrp,Hard Skill,0,1,0.0,1.0487347015825407e-05,-1.0487347015825407e-05
factsage,Hard Skill,0,1,0.0,1.0487347015825407e-05,-1.0487347015825407e-05
fagerman technologies medlook,Hard Skill,0,1,0.0,1.0487347015825407e-05,-1.0487347015825407e-05
failure analysis software,Hard Skill,0,1,0.0,1.0487347015825407e-05,-1.0487347015825407e-05
failure assessment software,Hard Skill,0,1,0.0,1.0487347015825407e-05,-1.0487347015825407e-05
failure modes analysis software,Hard Skill,0,1,0.0,1.0487347015825407e-05,-1.0487347015825407e-05
failure modes and effects analysis fmea software,Hard Skill,0,1,0.0,1.0487347015825407e-05,-1.0487347015825407e-05
failure rate data in perspective faradip software,Hard Skill,0,1,0.0,1.0487347015825407e-05,-1.0487347015825407e-05
failure rate database software,Hard Skill,0,1,0.0,1.0487347015825407e-05,-1.0487347015825407e-05
fair isaac claims advisor,Hard Skill,0,1,0.0,1.0487347015825407e-05,-1.0487347015825407e-05
fair isaac enterprise decision management for insurance,Hard Skill,0,1,0.0,1.0487347015825407e-05,-1.0487347015825407e-05
starre enterprises star bill of lading,Hard Skill,0,1,0.0,1.0487347015825407e-05,-1.0487347015825407e-05
startingaclothingline.com digital fashion pro,Hard Skill,0,1,0.0,1.0487347015825407e-05,-1.0487347015825407e-05
stat-ease design-ease,Hard Skill,0,1,0.0,1.0487347015825407e-05,-1.0487347015825407e-05
star software materiality calculator,Hard Skill,0,1,0.0,1.0487347015825407e-05,-1.0487347015825407e-05
star tec software hercules export,Hard Skill,0,1,0.0,1.0487347015825407e-05,-1.0487347015825407e-05
starcal,Hard Skill,0,1,0.0,1.0487347015825407e-05,-1.0487347015825407e-05
stardata,Hard Skill,0,1,0.0,1.0487347015825407e-05,-1.0487347015825407e-05
starkey laboratories prohear,Hard Skill,0,1,0.0,1.0487347015825407e-05,-1.0487347015825407e-05
fair isaac smartadvisor,Hard Skill,0,1,0.0,1.0487347015825407e-05,-1.0487347015825407e-05
fan system assessment tool fsat,Hard Skill,0,1,0.0,1.0487347015825407e-05,-1.0487347015825407e-05
fanatic software informant,Hard Skill,0,1,0.0,1.0487347015825407e-05,-1.0487347015825407e-05
fanuc cnc,Hard Skill,0,1,0.0,1.0487347015825407e-05,-1.0487347015825407e-05
fanuc cnc software,Hard Skill,0,1,0.0,1.0487347015825407e-05,-1.0487347015825407e-05
fanuc robotics arctool,Hard Skill,0,1,0.0,1.0487347015825407e-05,-1.0487347015825407e-05
fanuc robotics diagnostic resource center drc,Hard Skill,0,1,0.0,1.0487347015825407e-05,-1.0487347015825407e-05
fanuc robotics dual check safety dcs position and speed check,Hard Skill,0,1,0.0,1.0487347015825407e-05,-1.0487347015825407e-05
fanuc robotics handlingtool,Hard Skill,0,1,0.0,1.0487347015825407e-05,-1.0487347015825407e-05
fanuc robotics ircalibration vision suite,Hard Skill,0,1,0.0,1.0487347015825407e-05,-1.0487347015825407e-05
fanuc robotics multiarm systems,Hard Skill,0,1,0.0,1.0487347015825407e-05,-1.0487347015825407e-05
farm files livestock,Hard Skill,0,1,0.0,1.0487347015825407e-05,-1.0487347015825407e-05
farm management software hay and crop manager,Hard Skill,0,1,0.0,1.0487347015825407e-05,-1.0487347015825407e-05
farm works site pro,Hard Skill,0,1,0.0,1.0487347015825407e-05,-1.0487347015825407e-05
farmlogic farmpad,Hard Skill,0,1,0.0,1.0487347015825407e-05,-1.0487347015825407e-05
fas loan service plus,Hard Skill,0,1,0.0,1.0487347015825407e-05,-1.0487347015825407e-05
fashion toolbox,Hard Skill,0,1,0.0,1.0487347015825407e-05,-1.0487347015825407e-05
fast fourier transform fft analysis software,Hard Skill,0,1,0.0,1.0487347015825407e-05,-1.0487347015825407e-05
fastcam,Hard Skill,0,1,0.0,1.0487347015825407e-05,-1.0487347015825407e-05
fastest fastpipe,Hard Skill,0,1,0.0,1.0487347015825407e-05,-1.0487347015825407e-05
stamps.com software,Hard Skill,0,1,0.0,1.0487347015825407e-05,-1.0487347015825407e-05
standard & poor's capital iq compustat,Hard Skill,0,1,0.0,1.0487347015825407e-05,-1.0487347015825407e-05
standard installation and division personnel reporting system sidpers,Hard Skill,0,1,0.0,1.0487347015825407e-05,-1.0487347015825407e-05
standpipe studios vertabase,Hard Skill,0,1,0.0,1.0487347015825407e-05,-1.0487347015825407e-05
stanford business software minos,Hard Skill,0,1,0.0,1.0487347015825407e-05,-1.0487347015825407e-05
stanford business software snopt,Hard Skill,0,1,0.0,1.0487347015825407e-05,-1.0487347015825407e-05
star software fixed asset depreciation,Hard Skill,0,1,0.0,1.0487347015825407e-05,-1.0487347015825407e-05
field programmable gate array fpga logic synthesis software,Hard Skill,0,1,0.0,1.0487347015825407e-05,-1.0487347015825407e-05
fieldsoft aimsonscene,Hard Skill,0,1,0.0,1.0487347015825407e-05,-1.0487347015825407e-05
fastest software,Hard Skill,0,1,0.0,1.0487347015825407e-05,-1.0487347015825407e-05
fastlink,Hard Skill,0,1,0.0,1.0487347015825407e-05,-1.0487347015825407e-05
fatigue analysis software,Hard Skill,0,1,0.0,1.0487347015825407e-05,-1.0487347015825407e-05
fault detection isolation and recovery fdir software,Hard Skill,0,1,0.0,1.0487347015825407e-05,-1.0487347015825407e-05
faux labs splashup,Hard Skill,0,1,0.0,1.0487347015825407e-05,-1.0487347015825407e-05
fbs data systems flexmls,Hard Skill,0,1,0.0,1.0487347015825407e-05,-1.0487347015825407e-05
fcc software autopol series,Hard Skill,0,1,0.0,1.0487347015825407e-05,-1.0487347015825407e-05
fear,Hard Skill,0,1,0.0,1.0487347015825407e-05,-1.0487347015825407e-05
feat/firemon integrated ffi,Hard Skill,0,1,0.0,1.0487347015825407e-05,-1.0487347015825407e-05
fedbizops,Hard Skill,0,1,0.0,1.0487347015825407e-05,-1.0487347015825407e-05
federal emergency management information system femis,Hard Skill,0,1,0.0,1.0487347015825407e-05,-1.0487347015825407e-05
fanuc robotics torchmate 3,Hard Skill,0,1,0.0,1.0487347015825407e-05,-1.0487347015825407e-05
farm business software systems smart feeder,Hard Skill,0,1,0.0,1.0487347015825407e-05,-1.0487347015825407e-05
farm files crops,Hard Skill,0,1,0.0,1.0487347015825407e-05,-1.0487347015825407e-05
ssa global supply chain management,Hard Skill,0,1,0.0,1.0487347015825407e-05,-1.0487347015825407e-05
ssa global warehouse management system wms,Hard Skill,0,1,0.0,1.0487347015825407e-05,-1.0487347015825407e-05
sst development group stratus,Hard Skill,0,1,0.0,1.0487347015825407e-05,-1.0487347015825407e-05
stack smashing protection ssp software,Hard Skill,0,1,0.0,1.0487347015825407e-05,-1.0487347015825407e-05
staffing solutions enterprises staff matrix,Hard Skill,0,1,0.0,1.0487347015825407e-05,-1.0487347015825407e-05
staffingsoft staffing edition,Hard Skill,0,1,0.0,1.0487347015825407e-05,-1.0487347015825407e-05
fedstats,Hard Skill,0,1,0.0,1.0487347015825407e-05,-1.0487347015825407e-05
feedlot calc,Hard Skill,0,1,0.0,1.0487347015825407e-05,-1.0487347015825407e-05
fema emmie,Hard Skill,0,1,0.0,1.0487347015825407e-05,-1.0487347015825407e-05
feng office collaboration platform,Hard Skill,0,1,0.0,1.0487347015825407e-05,-1.0487347015825407e-05
fftpack,Hard Skill,0,1,0.0,1.0487347015825407e-05,-1.0487347015825407e-05
fftw,Hard Skill,0,1,0.0,1.0487347015825407e-05,-1.0487347015825407e-05
fidelity hr/payroll,Hard Skill,0,1,0.0,1.0487347015825407e-05,-1.0487347015825407e-05
fidessa compliance manager,Hard Skill,0,1,0.0,1.0487347015825407e-05,-1.0487347015825407e-05
field data recorder software,Hard Skill,0,1,0.0,1.0487347015825407e-05,-1.0487347015825407e-05
field operations and records management system (forms) ii lite,Hard Skill,0,1,0.0,1.0487347015825407e-05,-1.0487347015825407e-05
figure 53 qlab,Hard Skill,0,1,0.0,1.0487347015825407e-05,-1.0487347015825407e-05
file compression software,Hard Skill,0,1,0.0,1.0487347015825407e-05,-1.0487347015825407e-05
file management software,Hard Skill,0,1,0.0,1.0487347015825407e-05,-1.0487347015825407e-05
file management systems,Hard Skill,0,1,0.0,1.0487347015825407e-05,-1.0487347015825407e-05
file system software,Hard Skill,0,1,0.0,1.0487347015825407e-05,-1.0487347015825407e-05
file transfer protocol ftp client software,Hard Skill,0,1,0.0,1.0487347015825407e-05,-1.0487347015825407e-05
filehold systems filehold,Hard Skill,0,1,0.0,1.0487347015825407e-05,-1.0487347015825407e-05
filemaker bento,Hard Skill,0,1,0.0,1.0487347015825407e-05,-1.0487347015825407e-05
filemon,Hard Skill,0,1,0.0,1.0487347015825407e-05,-1.0487347015825407e-05
filenet p8,Hard Skill,0,1,0.0,1.0487347015825407e-05,-1.0487347015825407e-05
filevision,Hard Skill,0,1,0.0,1.0487347015825407e-05,-1.0487347015825407e-05
src cash flow forecasting,Hard Skill,0,1,0.0,1.0487347015825407e-05,-1.0487347015825407e-05
srssoft srs ehr,Hard Skill,0,1,0.0,1.0487347015825407e-05,-1.0487347015825407e-05
ss&c pts,Hard Skill,0,1,0.0,1.0487347015825407e-05,-1.0487347015825407e-05
ss&c technologies skyline property management,Hard Skill,0,1,0.0,1.0487347015825407e-05,-1.0487347015825407e-05
ssa global bpcs,Hard Skill,0,1,0.0,1.0487347015825407e-05,-1.0487347015825407e-05
financial transaction analysis software,Hard Skill,0,1,0.0,1.0487347015825407e-05,-1.0487347015825407e-05
findforms,Hard Skill,0,1,0.0,1.0487347015825407e-05,-1.0487347015825407e-05
film processor tracking and management software,Hard Skill,0,1,0.0,1.0487347015825407e-05,-1.0487347015825407e-05
final approach spacing tool fast,Hard Skill,0,1,0.0,1.0487347015825407e-05,-1.0487347015825407e-05
finalbuilder,Hard Skill,0,1,0.0,1.0487347015825407e-05,-1.0487347015825407e-05
finance logix education planner,Hard Skill,0,1,0.0,1.0487347015825407e-05,-1.0487347015825407e-05
finance logix insurance planner,Hard Skill,0,1,0.0,1.0487347015825407e-05,-1.0487347015825407e-05
finance logix retirement planner,Hard Skill,0,1,0.0,1.0487347015825407e-05,-1.0487347015825407e-05
financeware aasim,Hard Skill,0,1,0.0,1.0487347015825407e-05,-1.0487347015825407e-05
financeware finance file manager,Hard Skill,0,1,0.0,1.0487347015825407e-05,-1.0487347015825407e-05
financeware wealthsimulator,Hard Skill,0,1,0.0,1.0487347015825407e-05,-1.0487347015825407e-05
financial aid management system fam,Hard Skill,0,1,0.0,1.0487347015825407e-05,-1.0487347015825407e-05
financial analysis software,Hard Skill,0,1,0.0,1.0487347015825407e-05,-1.0487347015825407e-05
financial calculators software,Hard Skill,0,1,0.0,1.0487347015825407e-05,-1.0487347015825407e-05
financial competence,Hard Skill,0,1,0.0,1.0487347015825407e-05,-1.0487347015825407e-05
fifthwalk billingtracker pro,Hard Skill,0,1,0.0,1.0487347015825407e-05,-1.0487347015825407e-05
spreadsheet programs,Hard Skill,0,1,0.0,1.0487347015825407e-05,-1.0487347015825407e-05
springshare libguides,Hard Skill,0,1,0.0,1.0487347015825407e-05,-1.0487347015825407e-05
sprut technology sprutcam,Hard Skill,0,1,0.0,1.0487347015825407e-05,-1.0487347015825407e-05
spx/otc genisys connectech pc,Hard Skill,0,1,0.0,1.0487347015825407e-05,-1.0487347015825407e-05
sqlite,Hard Skill,0,1,0.0,1.0487347015825407e-05,-1.0487347015825407e-05
src cash flow analyzer pro,Hard Skill,0,1,0.0,1.0487347015825407e-05,-1.0487347015825407e-05
financial industry computer systems loan accountant,Hard Skill,0,1,0.0,1.0487347015825407e-05,-1.0487347015825407e-05
financial industry computer systems loan originator,Hard Skill,0,1,0.0,1.0487347015825407e-05,-1.0487347015825407e-05
financial industry computer systems loan producer,Hard Skill,0,1,0.0,1.0487347015825407e-05,-1.0487347015825407e-05
financial planning consultants practice builder,Hard Skill,0,1,0.0,1.0487347015825407e-05,-1.0487347015825407e-05
financial planning presentation software,Hard Skill,0,1,0.0,1.0487347015825407e-05,-1.0487347015825407e-05
financial profiles profiles+ professional,Hard Skill,0,1,0.0,1.0487347015825407e-05,-1.0487347015825407e-05
financial record software,Hard Skill,0,1,0.0,1.0487347015825407e-05,-1.0487347015825407e-05
financial report generation software,Hard Skill,0,1,0.0,1.0487347015825407e-05,-1.0487347015825407e-05
financial tracking software,Hard Skill,0,1,0.0,1.0487347015825407e-05,-1.0487347015825407e-05
spillman technologies spillman computer-aided dispatch,Hard Skill,0,1,0.0,1.0487347015825407e-05,-1.0487347015825407e-05
spiritworks software development rental property tracker plus,Hard Skill,0,1,0.0,1.0487347015825407e-05,-1.0487347015825407e-05
splat!,Hard Skill,0,1,0.0,1.0487347015825407e-05,-1.0487347015825407e-05
splutterfish brazil,Hard Skill,0,1,0.0,1.0487347015825407e-05,-1.0487347015825407e-05
spmlab,Hard Skill,0,1,0.0,1.0487347015825407e-05,-1.0487347015825407e-05
findlaw code of federal regulations cfr,Hard Skill,0,1,0.0,1.0487347015825407e-05,-1.0487347015825407e-05
findtarget,Hard Skill,0,1,0.0,1.0487347015825407e-05,-1.0487347015825407e-05
fineos insure,Hard Skill,0,1,0.0,1.0487347015825407e-05,-1.0487347015825407e-05
fingerprint databases,Hard Skill,0,1,0.0,1.0487347015825407e-05,-1.0487347015825407e-05
finite matters patternstream,Hard Skill,0,1,0.0,1.0487347015825407e-05,-1.0487347015825407e-05
fire behavior modeling software,Hard Skill,0,1,0.0,1.0487347015825407e-05,-1.0487347015825407e-05
fire dynamics simulators,Hard Skill,0,1,0.0,1.0487347015825407e-05,-1.0487347015825407e-05
fire dynamics software fds,Hard Skill,0,1,0.0,1.0487347015825407e-05,-1.0487347015825407e-05
fire protection engineering tools fpetool software,Hard Skill,0,1,0.0,1.0487347015825407e-05,-1.0487347015825407e-05
sportsoft equipment manager,Hard Skill,0,1,0.0,1.0487347015825407e-05,-1.0487347015825407e-05
spreadsheet applications,Hard Skill,0,1,0.0,1.0487347015825407e-05,-1.0487347015825407e-05
first american corelogic realquest pro,Hard Skill,0,1,0.0,1.0487347015825407e-05,-1.0487347015825407e-05
first american data tree parcel iq,Hard Skill,0,1,0.0,1.0487347015825407e-05,-1.0487347015825407e-05
first flooring,Hard Skill,0,1,0.0,1.0487347015825407e-05,-1.0487347015825407e-05
first insight e-z frame,Hard Skill,0,1,0.0,1.0487347015825407e-05,-1.0487347015825407e-05
first notice systems claimcapture,Hard Skill,0,1,0.0,1.0487347015825407e-05,-1.0487347015825407e-05
fiserv advanced underwriting,Hard Skill,0,1,0.0,1.0487347015825407e-05,-1.0487347015825407e-05
fiserv financial services software,Hard Skill,0,1,0.0,1.0487347015825407e-05,-1.0487347015825407e-05
fiserv fsc manager,Hard Skill,0,1,0.0,1.0487347015825407e-05,-1.0487347015825407e-05
fiserv pep+ reach,Hard Skill,0,1,0.0,1.0487347015825407e-05,-1.0487347015825407e-05
spectrum software micro-cap,Hard Skill,0,1,0.0,1.0487347015825407e-05,-1.0487347015825407e-05
sped forms,Hard Skill,0,1,0.0,1.0487347015825407e-05,-1.0487347015825407e-05
speediware speedeeo,Hard Skill,0,1,0.0,1.0487347015825407e-05,-1.0487347015825407e-05
speedtype,Hard Skill,0,1,0.0,1.0487347015825407e-05,-1.0487347015825407e-05
speedup trans,Hard Skill,0,1,0.0,1.0487347015825407e-05,-1.0487347015825407e-05
spellex accucount,Hard Skill,0,1,0.0,1.0487347015825407e-05,-1.0487347015825407e-05
spelling and grammar checking software,Hard Skill,0,1,0.0,1.0487347015825407e-05,-1.0487347015825407e-05
fish stocking databases,Hard Skill,0,1,0.0,1.0487347015825407e-05,-1.0487347015825407e-05
fishbowl warehouse,Hard Skill,0,1,0.0,1.0487347015825407e-05,-1.0487347015825407e-05
fitts geosolutions twodan,Hard Skill,0,1,0.0,1.0487347015825407e-05,-1.0487347015825407e-05
fixed income alternative trading systems ats,Hard Skill,0,1,0.0,1.0487347015825407e-05,-1.0487347015825407e-05
fixed-assets depreciation software,Hard Skill,0,1,0.0,1.0487347015825407e-05,-1.0487347015825407e-05
flashcut cnc,Hard Skill,0,1,0.0,1.0487347015825407e-05,-1.0487347015825407e-05
flask,Hard Skill,0,1,0.0,1.0487347015825407e-05,-1.0487347015825407e-05
fleet asset management and optimization solutions famos pepse,Hard Skill,0,1,0.0,1.0487347015825407e-05,-1.0487347015825407e-05
fleet management systems,Hard Skill,0,1,0.0,1.0487347015825407e-05,-1.0487347015825407e-05
fleet monitoring system software,Hard Skill,0,1,0.0,1.0487347015825407e-05,-1.0487347015825407e-05
fleetware software,Hard Skill,0,1,0.0,1.0487347015825407e-05,-1.0487347015825407e-05
fire response of structures thermal fires-t software,Hard Skill,0,1,0.0,1.0487347015825407e-05,-1.0487347015825407e-05
fire safety inspection and testing software,Hard Skill,0,1,0.0,1.0487347015825407e-05,-1.0487347015825407e-05
fire simulation technique first software,Hard Skill,0,1,0.0,1.0487347015825407e-05,-1.0487347015825407e-05
fire spread probability fspro,Hard Skill,0,1,0.0,1.0487347015825407e-05,-1.0487347015825407e-05
firecalc fire zone modeling software,Hard Skill,0,1,0.0,1.0487347015825407e-05,-1.0487347015825407e-05
specsintact,Hard Skill,0,1,0.0,1.0487347015825407e-05,-1.0487347015825407e-05
spectral dynamics star,Hard Skill,0,1,0.0,1.0487347015825407e-05,-1.0487347015825407e-05
spectral dynamics star acoustics,Hard Skill,0,1,0.0,1.0487347015825407e-05,-1.0487347015825407e-05
spectral dynamics star modal,Hard Skill,0,1,0.0,1.0487347015825407e-05,-1.0487347015825407e-05
spectramedi easyflow,Hard Skill,0,1,0.0,1.0487347015825407e-05,-1.0487347015825407e-05
spectraquest,Hard Skill,0,1,0.0,1.0487347015825407e-05,-1.0487347015825407e-05
spectrasoft appointmentscs,Hard Skill,0,1,0.0,1.0487347015825407e-05,-1.0487347015825407e-05
spectrophotometer analysis software,Hard Skill,0,1,0.0,1.0487347015825407e-05,-1.0487347015825407e-05
spectroscopy databases,Hard Skill,0,1,0.0,1.0487347015825407e-05,-1.0487347015825407e-05
spectrum k12 school solutions encore,Hard Skill,0,1,0.0,1.0487347015825407e-05,-1.0487347015825407e-05
flexible dynamics modeling software,Hard Skill,0,1,0.0,1.0487347015825407e-05,-1.0487347015825407e-05
flexifinancials flexiledger,Hard Skill,0,1,0.0,1.0487347015825407e-05,-1.0487347015825407e-05
fleximusic composer,Hard Skill,0,1,0.0,1.0487347015825407e-05,-1.0487347015825407e-05
flood modeling software,Hard Skill,0,1,0.0,1.0487347015825407e-05,-1.0487347015825407e-05
floodmaps,Hard Skill,0,1,0.0,1.0487347015825407e-05,-1.0487347015825407e-05
floriani mdq my decorative quilter,Hard Skill,0,1,0.0,1.0487347015825407e-05,-1.0487347015825407e-05
foresoft cds cogo,Hard Skill,0,1,0.0,1.0487347015825407e-05,-1.0487347015825407e-05
florida object oriented design simulator floods,Hard Skill,0,1,0.0,1.0487347015825407e-05,-1.0487347015825407e-05
florida object oriented process simulator floops,Hard Skill,0,1,0.0,1.0487347015825407e-05,-1.0487347015825407e-05
flow analysis software toolkit fast,Hard Skill,0,1,0.0,1.0487347015825407e-05,-1.0487347015825407e-05
flowcharting software,Hard Skill,0,1,0.0,1.0487347015825407e-05,-1.0487347015825407e-05
flowjo,Hard Skill,0,1,0.0,1.0487347015825407e-05,-1.0487347015825407e-05
floydware rosy,Hard Skill,0,1,0.0,1.0487347015825407e-05,-1.0487347015825407e-05
fluent flowizard,Hard Skill,0,1,0.0,1.0487347015825407e-05,-1.0487347015825407e-05
fluidsurveys,Hard Skill,0,1,0.0,1.0487347015825407e-05,-1.0487347015825407e-05
fluke clearsight analyzer,Hard Skill,0,1,0.0,1.0487347015825407e-05,-1.0487347015825407e-05
fluke networks enterprise lanmeter,Hard Skill,0,1,0.0,1.0487347015825407e-05,-1.0487347015825407e-05
fluke networks fluke techexpert,Hard Skill,0,1,0.0,1.0487347015825407e-05,-1.0487347015825407e-05
fluke networks techadvisor field access system,Hard Skill,0,1,0.0,1.0487347015825407e-05,-1.0487347015825407e-05
flukeview forms,Hard Skill,0,1,0.0,1.0487347015825407e-05,-1.0487347015825407e-05
flying popcorn,Hard Skill,0,1,0.0,1.0487347015825407e-05,-1.0487347015825407e-05
specification software,Hard Skill,0,1,0.0,1.0487347015825407e-05,-1.0487347015825407e-05
specialist data solutions octoplus,Hard Skill,0,1,0.0,1.0487347015825407e-05,-1.0487347015825407e-05
specialized business solutions keystroke pos,Hard Skill,0,1,0.0,1.0487347015825407e-05,-1.0487347015825407e-05
specialized data systems school office,Hard Skill,0,1,0.0,1.0487347015825407e-05,-1.0487347015825407e-05
specialized data systems ultra farm,Hard Skill,0,1,0.0,1.0487347015825407e-05,-1.0487347015825407e-05
focus point of sale pos software,Hard Skill,0,1,0.0,1.0487347015825407e-05,-1.0487347015825407e-05
fog creek software fogbugz,Hard Skill,0,1,0.0,1.0487347015825407e-05,-1.0487347015825407e-05
fog line software truckn pro,Hard Skill,0,1,0.0,1.0487347015825407e-05,-1.0487347015825407e-05
foldx,Hard Skill,0,1,0.0,1.0487347015825407e-05,-1.0487347015825407e-05
follow code,Hard Skill,0,1,0.0,1.0487347015825407e-05,-1.0487347015825407e-05
food inventory software,Hard Skill,0,1,0.0,1.0487347015825407e-05,-1.0487347015825407e-05
food safety labeling systems,Hard Skill,0,1,0.0,1.0487347015825407e-05,-1.0487347015825407e-05
food service solutions positive id system,Hard Skill,0,1,0.0,1.0487347015825407e-05,-1.0487347015825407e-05
food services solutions daycap,Hard Skill,0,1,0.0,1.0487347015825407e-05,-1.0487347015825407e-05
footmaxx metascan software,Hard Skill,0,1,0.0,1.0487347015825407e-05,-1.0487347015825407e-05
force platform software,Hard Skill,0,1,0.0,1.0487347015825407e-05,-1.0487347015825407e-05
force sensitive applications fsa software,Hard Skill,0,1,0.0,1.0487347015825407e-05,-1.0487347015825407e-05
fortherecord therecord player,Hard Skill,0,1,0.0,1.0487347015825407e-05,-1.0487347015825407e-05
fortius lab systems clinical lis,Hard Skill,0,1,0.0,1.0487347015825407e-05,-1.0487347015825407e-05
fortran,Hard Skill,0,1,0.0,1.0487347015825407e-05,-1.0487347015825407e-05
fortress medical clindex,Hard Skill,0,1,0.0,1.0487347015825407e-05,-1.0487347015825407e-05
forum one communications projectspaces,Hard Skill,0,1,0.0,1.0487347015825407e-05,-1.0487347015825407e-05
foundatino directory online (fdo),Hard Skill,0,1,0.0,1.0487347015825407e-05,-1.0487347015825407e-05
spa management software,Hard Skill,0,1,0.0,1.0487347015825407e-05,-1.0487347015825407e-05
spacy,Hard Skill,0,1,0.0,1.0487347015825407e-05,-1.0487347015825407e-05
spaguru,Hard Skill,0,1,0.0,1.0487347015825407e-05,-1.0487347015825407e-05
spartatrac,Hard Skill,0,1,0.0,1.0487347015825407e-05,-1.0487347015825407e-05
spatial analysis and decision assistance sada,Hard Skill,0,1,0.0,1.0487347015825407e-05,-1.0487347015825407e-05
spatial decision support systems sdss software,Hard Skill,0,1,0.0,1.0487347015825407e-05,-1.0487347015825407e-05
spaw,Hard Skill,0,1,0.0,1.0487347015825407e-05,-1.0487347015825407e-05
special agent,Hard Skill,0,1,0.0,1.0487347015825407e-05,-1.0487347015825407e-05
special education educational software,Hard Skill,0,1,0.0,1.0487347015825407e-05,-1.0487347015825407e-05
special education student information system sesis,Hard Skill,0,1,0.0,1.0487347015825407e-05,-1.0487347015825407e-05
fountains forestry twodog,Hard Skill,0,1,0.0,1.0487347015825407e-05,-1.0487347015825407e-05
fourier transform infrared ftir software,Hard Skill,0,1,0.0,1.0487347015825407e-05,-1.0487347015825407e-05
fox meadows software medinotes e,Hard Skill,0,1,0.0,1.0487347015825407e-05,-1.0487347015825407e-05
fractal concept softscan,Hard Skill,0,1,0.0,1.0487347015825407e-05,-1.0487347015825407e-05
frameplot,Hard Skill,0,1,0.0,1.0487347015825407e-05,-1.0487347015825407e-05
framework for integrated test fit,Hard Skill,0,1,0.0,1.0487347015825407e-05,-1.0487347015825407e-05
franklincovey tabletplanner,Hard Skill,0,1,0.0,1.0487347015825407e-05,-1.0487347015825407e-05
fred's tip cartridge picker,Hard Skill,0,1,0.0,1.0487347015825407e-05,-1.0487347015825407e-05
foresoft cds model,Hard Skill,0,1,0.0,1.0487347015825407e-05,-1.0487347015825407e-05
forest ecosurvey,Hard Skill,0,1,0.0,1.0487347015825407e-05,-1.0487347015825407e-05
forest metrix,Hard Skill,0,1,0.0,1.0487347015825407e-05,-1.0487347015825407e-05
forest vegetation simulators,Hard Skill,0,1,0.0,1.0487347015825407e-05,-1.0487347015825407e-05
forest yield software,Hard Skill,0,1,0.0,1.0487347015825407e-05,-1.0487347015825407e-05
formlink hydrogen,Hard Skill,0,1,0.0,1.0487347015825407e-05,-1.0487347015825407e-05
forsk atoll,Hard Skill,0,1,0.0,1.0487347015825407e-05,-1.0487347015825407e-05
forteemr,Hard Skill,0,1,0.0,1.0487347015825407e-05,-1.0487347015825407e-05
freedom medteach,Hard Skill,0,1,0.0,1.0487347015825407e-05,-1.0487347015825407e-05
freedom scientific magic,Hard Skill,0,1,0.0,1.0487347015825407e-05,-1.0487347015825407e-05
freescale codewarrior tools,Hard Skill,0,1,0.0,1.0487347015825407e-05,-1.0487347015825407e-05
freesurfer,Hard Skill,0,1,0.0,1.0487347015825407e-05,-1.0487347015825407e-05
freeverse lineform,Hard Skill,0,1,0.0,1.0487347015825407e-05,-1.0487347015825407e-05
freeze.com ovation studio pro,Hard Skill,0,1,0.0,1.0487347015825407e-05,-1.0487347015825407e-05
freight rail crew optimization scheduling frcos software,Hard Skill,0,1,0.0,1.0487347015825407e-05,-1.0487347015825407e-05
freight reservation software,Hard Skill,0,1,0.0,1.0487347015825407e-05,-1.0487347015825407e-05
freight+,Hard Skill,0,1,0.0,1.0487347015825407e-05,-1.0487347015825407e-05
freightdata,Hard Skill,0,1,0.0,1.0487347015825407e-05,-1.0487347015825407e-05
front desk,Hard Skill,0,1,0.0,1.0487347015825407e-05,-1.0487347015825407e-05
frsglobal regpro,Hard Skill,0,1,0.0,1.0487347015825407e-05,-1.0487347015825407e-05
frx software microsoft forecaster,Hard Skill,0,1,0.0,1.0487347015825407e-05,-1.0487347015825407e-05
frx software microsoft frx,Hard Skill,0,1,0.0,1.0487347015825407e-05,-1.0487347015825407e-05
fsc business solutions department managers' toolkit,Hard Skill,0,1,0.0,1.0487347015825407e-05,-1.0487347015825407e-05
fti ringtail legal,Hard Skill,0,1,0.0,1.0487347015825407e-05,-1.0487347015825407e-05
sourcing simulator,Hard Skill,0,1,0.0,1.0487347015825407e-05,-1.0487347015825407e-05
southern data systems tellerpro,Hard Skill,0,1,0.0,1.0487347015825407e-05,-1.0487347015825407e-05
southwest research institute nasgro,Hard Skill,0,1,0.0,1.0487347015825407e-05,-1.0487347015825407e-05
ftree,Hard Skill,0,1,0.0,1.0487347015825407e-05,-1.0487347015825407e-05
fuel characteristic classification system fccs,Hard Skill,0,1,0.0,1.0487347015825407e-05,-1.0487347015825407e-05
fujifilm synapse,Hard Skill,0,1,0.0,1.0487347015825407e-05,-1.0487347015825407e-05
fujitsu biomedcache,Hard Skill,0,1,0.0,1.0487347015825407e-05,-1.0487347015825407e-05
fujitsu mopac,Hard Skill,0,1,0.0,1.0487347015825407e-05,-1.0487347015825407e-05
fullhouse software investment property manager,Hard Skill,0,1,0.0,1.0487347015825407e-05,-1.0487347015825407e-05
fully integrated environmental location decision support fields,Hard Skill,0,1,0.0,1.0487347015825407e-05,-1.0487347015825407e-05
functional hazard analysis software,Hard Skill,0,1,0.0,1.0487347015825407e-05,-1.0487347015825407e-05
functional modeling software,Hard Skill,0,1,0.0,1.0487347015825407e-05,-1.0487347015825407e-05
functional verification software,Hard Skill,0,1,0.0,1.0487347015825407e-05,-1.0487347015825407e-05
fund software atids,Hard Skill,0,1,0.0,1.0487347015825407e-05,-1.0487347015825407e-05
fundamental objects foaudits,Hard Skill,0,1,0.0,1.0487347015825407e-05,-1.0487347015825407e-05
fundcount web,Hard Skill,0,1,0.0,1.0487347015825407e-05,-1.0487347015825407e-05
fyi technologies dr. ceph,Hard Skill,0,1,0.0,1.0487347015825407e-05,-1.0487347015825407e-05
fyi technologies dr. view,Hard Skill,0,1,0.0,1.0487347015825407e-05,-1.0487347015825407e-05
g&p engineering software engvert,Hard Skill,0,1,0.0,1.0487347015825407e-05,-1.0487347015825407e-05
g&p engineering software physprops,Hard Skill,0,1,0.0,1.0487347015825407e-05,-1.0487347015825407e-05
g&p engineering software pipedrop,Hard Skill,0,1,0.0,1.0487347015825407e-05,-1.0487347015825407e-05
g-net solutions mtp,Hard Skill,0,1,0.0,1.0487347015825407e-05,-1.0487347015825407e-05
sonic studio audio software,Hard Skill,0,1,0.0,1.0487347015825407e-05,-1.0487347015825407e-05
sonicwall sonicos enhanced,Hard Skill,0,1,0.0,1.0487347015825407e-05,-1.0487347015825407e-05
sonoma wire works riffworks,Hard Skill,0,1,0.0,1.0487347015825407e-05,-1.0487347015825407e-05
sony creative software vegas movie studio,Hard Skill,0,1,0.0,1.0487347015825407e-05,-1.0487347015825407e-05
sortation software,Hard Skill,0,1,0.0,1.0487347015825407e-05,-1.0487347015825407e-05
sound development software,Hard Skill,0,1,0.0,1.0487347015825407e-05,-1.0487347015825407e-05
sound pressure analysis equipment,Hard Skill,0,1,0.0,1.0487347015825407e-05,-1.0487347015825407e-05
soundplan,Hard Skill,0,1,0.0,1.0487347015825407e-05,-1.0487347015825407e-05
source code management scm software,Hard Skill,0,1,0.0,1.0487347015825407e-05,-1.0487347015825407e-05
source code migration software,Hard Skill,0,1,0.0,1.0487347015825407e-05,-1.0487347015825407e-05
gaea technologies winlog,Hard Skill,0,1,0.0,1.0487347015825407e-05,-1.0487347015825407e-05
galaxy technologies timestar enterprise,Hard Skill,0,1,0.0,1.0487347015825407e-05,-1.0487347015825407e-05
gale cengage learning associations unlimited,Hard Skill,0,1,0.0,1.0487347015825407e-05,-1.0487347015825407e-05
gale expanded academic asap plus,Hard Skill,0,1,0.0,1.0487347015825407e-05,-1.0487347015825407e-05
galilee enterprise targetpro,Hard Skill,0,1,0.0,1.0487347015825407e-05,-1.0487347015825407e-05
galileo 360 fares,Hard Skill,0,1,0.0,1.0487347015825407e-05,-1.0487347015825407e-05
galor travel booster,Hard Skill,0,1,0.0,1.0487347015825407e-05,-1.0487347015825407e-05
galorath seer,Hard Skill,0,1,0.0,1.0487347015825407e-05,-1.0487347015825407e-05
funeducation outstart trainer,Hard Skill,0,1,0.0,1.0487347015825407e-05,-1.0487347015825407e-05
funeralkiosk,Hard Skill,0,1,0.0,1.0487347015825407e-05,-1.0487347015825407e-05
funeralone life tributes,Hard Skill,0,1,0.0,1.0487347015825407e-05,-1.0487347015825407e-05
furuno navigational chart software,Hard Skill,0,1,0.0,1.0487347015825407e-05,-1.0487347015825407e-05
fused deposition modeling fdm rapid prototyping systems,Hard Skill,0,1,0.0,1.0487347015825407e-05,-1.0487347015825407e-05
futura international o.p.s.,Hard Skill,0,1,0.0,1.0487347015825407e-05,-1.0487347015825407e-05
future information research management confirmit,Hard Skill,0,1,0.0,1.0487347015825407e-05,-1.0487347015825407e-05
fuze cloud communications and collaboration software,Hard Skill,0,1,0.0,1.0487347015825407e-05,-1.0487347015825407e-05
gamess-us,Hard Skill,0,1,0.0,1.0487347015825407e-05,-1.0487347015825407e-05
gamma associates mtab,Hard Skill,0,1,0.0,1.0487347015825407e-05,-1.0487347015825407e-05
gamma camera software,Hard Skill,0,1,0.0,1.0487347015825407e-05,-1.0487347015825407e-05
gamma remote sensing software,Hard Skill,0,1,0.0,1.0487347015825407e-05,-1.0487347015825407e-05
gamma technologies gt-suite,Hard Skill,0,1,0.0,1.0487347015825407e-05,-1.0487347015825407e-05
gamma waste assay system gwas,Hard Skill,0,1,0.0,1.0487347015825407e-05,-1.0487347015825407e-05
ganttproject,Hard Skill,0,1,0.0,1.0487347015825407e-05,-1.0487347015825407e-05
garment design software,Hard Skill,0,1,0.0,1.0487347015825407e-05,-1.0487347015825407e-05
garment tracking software,Hard Skill,0,1,0.0,1.0487347015825407e-05,-1.0487347015825407e-05
garmin city select,Hard Skill,0,1,0.0,1.0487347015825407e-05,-1.0487347015825407e-05
gas chromatograph gs software,Hard Skill,0,1,0.0,1.0487347015825407e-05,-1.0487347015825407e-05
gas field monitoring system software,Hard Skill,0,1,0.0,1.0487347015825407e-05,-1.0487347015825407e-05
gateway to logic,Hard Skill,0,1,0.0,1.0487347015825407e-05,-1.0487347015825407e-05
g2x agility:insurance,Hard Skill,0,1,0.0,1.0487347015825407e-05,-1.0487347015825407e-05
gac international orthoplex,Hard Skill,0,1,0.0,1.0487347015825407e-05,-1.0487347015825407e-05
gaea technologies packet esa,Hard Skill,0,1,0.0,1.0487347015825407e-05,-1.0487347015825407e-05
solutions technology & software hr premier,Hard Skill,0,1,0.0,1.0487347015825407e-05,-1.0487347015825407e-05
solvcalv,Hard Skill,0,1,0.0,1.0487347015825407e-05,-1.0487347015825407e-05
somat edaq,Hard Skill,0,1,0.0,1.0487347015825407e-05,-1.0487347015825407e-05
sona systems experiment management system,Hard Skill,0,1,0.0,1.0487347015825407e-05,-1.0487347015825407e-05
sonarqube,Hard Skill,0,1,0.0,1.0487347015825407e-05,-1.0487347015825407e-05
gators anywhere,Hard Skill,0,1,0.0,1.0487347015825407e-05,-1.0487347015825407e-05
gaussian gaussview,Hard Skill,0,1,0.0,1.0487347015825407e-05,-1.0487347015825407e-05
gavel & gown software amicus attorney,Hard Skill,0,1,0.0,1.0487347015825407e-05,-1.0487347015825407e-05
gazebo,Hard Skill,0,1,0.0,1.0487347015825407e-05,-1.0487347015825407e-05
gbs agency expert,Hard Skill,0,1,0.0,1.0487347015825407e-05,-1.0487347015825407e-05
gcs property assessment and tax billing,Hard Skill,0,1,0.0,1.0487347015825407e-05,-1.0487347015825407e-05
ge energy positive sequence load flow software pslf,Hard Skill,0,1,0.0,1.0487347015825407e-05,-1.0487347015825407e-05
ge fanuc automation versapro,Hard Skill,0,1,0.0,1.0487347015825407e-05,-1.0487347015825407e-05
ge fanuc proficy machine edition,Hard Skill,0,1,0.0,1.0487347015825407e-05,-1.0487347015825407e-05
ge healthcare centricity laboratory anatomic pathology/cytology,Hard Skill,0,1,0.0,1.0487347015825407e-05,-1.0487347015825407e-05
ge healthcare centricity laboratory transfusion medicine,Hard Skill,0,1,0.0,1.0487347015825407e-05,-1.0487347015825407e-05
geant4,Hard Skill,0,1,0.0,1.0487347015825407e-05,-1.0487347015825407e-05
geda,Hard Skill,0,1,0.0,1.0487347015825407e-05,-1.0487347015825407e-05
gel documentation software,Hard Skill,0,1,0.0,1.0487347015825407e-05,-1.0487347015825407e-05
gem identification databases,Hard Skill,0,1,0.0,1.0487347015825407e-05,-1.0487347015825407e-05
gemcad,Hard Skill,0,1,0.0,1.0487347015825407e-05,-1.0487347015825407e-05
gemcom gems,Hard Skill,0,1,0.0,1.0487347015825407e-05,-1.0487347015825407e-05
gemcom pcbc,Hard Skill,0,1,0.0,1.0487347015825407e-05,-1.0487347015825407e-05
gemcom whittle,Hard Skill,0,1,0.0,1.0487347015825407e-05,-1.0487347015825407e-05
solera audatex estimating,Hard Skill,0,1,0.0,1.0487347015825407e-05,-1.0487347015825407e-05
solidcam imachining,Hard Skill,0,1,0.0,1.0487347015825407e-05,-1.0487347015825407e-05
solidity,Hard Skill,0,1,0.0,1.0487347015825407e-05,-1.0487347015825407e-05
solidthinking,Hard Skill,0,1,0.0,1.0487347015825407e-05,-1.0487347015825407e-05
solidworks enterprise pdm,Hard Skill,0,1,0.0,1.0487347015825407e-05,-1.0487347015825407e-05
soltrace,Hard Skill,0,1,0.0,1.0487347015825407e-05,-1.0487347015825407e-05
solution specialties tracker,Hard Skill,0,1,0.0,1.0487347015825407e-05,-1.0487347015825407e-05
solutions by design screenplay,Hard Skill,0,1,0.0,1.0487347015825407e-05,-1.0487347015825407e-05
gendex dental systems vixwin pro,Hard Skill,0,1,0.0,1.0487347015825407e-05,-1.0487347015825407e-05
gene finder,Hard Skill,0,1,0.0,1.0487347015825407e-05,-1.0487347015825407e-05
gene recognition and assembly internet link grail,Hard Skill,0,1,0.0,1.0487347015825407e-05,-1.0487347015825407e-05
gene recognition software,Hard Skill,0,1,0.0,1.0487347015825407e-05,-1.0487347015825407e-05
gene runner,Hard Skill,0,1,0.0,1.0487347015825407e-05,-1.0487347015825407e-05
genealogy software,Hard Skill,0,1,0.0,1.0487347015825407e-05,-1.0487347015825407e-05
genedata expressionist,Hard Skill,0,1,0.0,1.0487347015825407e-05,-1.0487347015825407e-05
genepattern,Hard Skill,0,1,0.0,1.0487347015825407e-05,-1.0487347015825407e-05
general atomic and molecular electronic structure system gamess,Hard Skill,0,1,0.0,1.0487347015825407e-05,-1.0487347015825407e-05
general electric mark vi distributed control system dcs,Hard Skill,0,1,0.0,1.0487347015825407e-05,-1.0487347015825407e-05
general electric mark vi integrated control system ics,Hard Skill,0,1,0.0,1.0487347015825407e-05,-1.0487347015825407e-05
general examination system genesys,Hard Skill,0,1,0.0,1.0487347015825407e-05,-1.0487347015825407e-05
ge healthcare viewpoint for radiology,Hard Skill,0,1,0.0,1.0487347015825407e-05,-1.0487347015825407e-05
ge healthcare viewpoint solutions,Hard Skill,0,1,0.0,1.0487347015825407e-05,-1.0487347015825407e-05
ge intelligent platforms proficy hmi/scada ifix,Hard Skill,0,1,0.0,1.0487347015825407e-05,-1.0487347015825407e-05
ge sensing & inspection technologies rhythm ut,Hard Skill,0,1,0.0,1.0487347015825407e-05,-1.0487347015825407e-05
geocue pointvue le,Hard Skill,0,1,0.0,1.0487347015825407e-05,-1.0487347015825407e-05
general magic portico,Hard Skill,0,1,0.0,1.0487347015825407e-05,-1.0487347015825407e-05
general structural analysis system gsas,Hard Skill,0,1,0.0,1.0487347015825407e-05,-1.0487347015825407e-05
genesis dental,Hard Skill,0,1,0.0,1.0487347015825407e-05,-1.0487347015825407e-05
genesys peoplecomefirst,Hard Skill,0,1,0.0,1.0487347015825407e-05,-1.0487347015825407e-05
genetic database software,Hard Skill,0,1,0.0,1.0487347015825407e-05,-1.0487347015825407e-05
genetics computer group gsg software,Hard Skill,0,1,0.0,1.0487347015825407e-05,-1.0487347015825407e-05
genetix cytovision,Hard Skill,0,1,0.0,1.0487347015825407e-05,-1.0487347015825407e-05
genial genetics ipassport qms,Hard Skill,0,1,0.0,1.0487347015825407e-05,-1.0487347015825407e-05
genial genetics shire,Hard Skill,0,1,0.0,1.0487347015825407e-05,-1.0487347015825407e-05
genie interactive,Hard Skill,0,1,0.0,1.0487347015825407e-05,-1.0487347015825407e-05
geniel genetics igene,Hard Skill,0,1,0.0,1.0487347015825407e-05,-1.0487347015825407e-05
geniesoft overture,Hard Skill,0,1,0.0,1.0487347015825407e-05,-1.0487347015825407e-05
genisys fast fixes,Hard Skill,0,1,0.0,1.0487347015825407e-05,-1.0487347015825407e-05
genbank,Hard Skill,0,1,0.0,1.0487347015825407e-05,-1.0487347015825407e-05
genbook,Hard Skill,0,1,0.0,1.0487347015825407e-05,-1.0487347015825407e-05
solar analysis software,Hard Skill,0,1,0.0,1.0487347015825407e-05,-1.0487347015825407e-05
solar and wind energy resource assessment swera,Hard Skill,0,1,0.0,1.0487347015825407e-05,-1.0487347015825407e-05
solar-2,Hard Skill,0,1,0.0,1.0487347015825407e-05,-1.0487347015825407e-05
genlex caseace,Hard Skill,0,1,0.0,1.0487347015825407e-05,-1.0487347015825407e-05
genotyping software,Hard Skill,0,1,0.0,1.0487347015825407e-05,-1.0487347015825407e-05
genscan,Hard Skill,0,1,0.0,1.0487347015825407e-05,-1.0487347015825407e-05
gensuite,Hard Skill,0,1,0.0,1.0487347015825407e-05,-1.0487347015825407e-05
geo-logic systems lithotect interpreter,Hard Skill,0,1,0.0,1.0487347015825407e-05,-1.0487347015825407e-05
geo-plus,Hard Skill,0,1,0.0,1.0487347015825407e-05,-1.0487347015825407e-05
geo-slope geostudio,Hard Skill,0,1,0.0,1.0487347015825407e-05,-1.0487347015825407e-05
geoagro gis,Hard Skill,0,1,0.0,1.0487347015825407e-05,-1.0487347015825407e-05
geocenter seisup,Hard Skill,0,1,0.0,1.0487347015825407e-05,-1.0487347015825407e-05
geocomp systems geocalc,Hard Skill,0,1,0.0,1.0487347015825407e-05,-1.0487347015825407e-05
geocomp systems geonav,Hard Skill,0,1,0.0,1.0487347015825407e-05,-1.0487347015825407e-05
geocomtms a.maze planning,Hard Skill,0,1,0.0,1.0487347015825407e-05,-1.0487347015825407e-05
geocue lidar and drone mapping software,Hard Skill,0,1,0.0,1.0487347015825407e-05,-1.0487347015825407e-05
geological mapping software,Hard Skill,0,1,0.0,1.0487347015825407e-05,-1.0487347015825407e-05
geomechanical stress analysis software,Hard Skill,0,1,0.0,1.0487347015825407e-05,-1.0487347015825407e-05
geometric dimensioning and tolerancing software,Hard Skill,0,1,0.0,1.0487347015825407e-05,-1.0487347015825407e-05
geometric technologies camworks,Hard Skill,0,1,0.0,1.0487347015825407e-05,-1.0487347015825407e-05
software technology practicemaster,Hard Skill,0,1,0.0,1.0487347015825407e-05,-1.0487347015825407e-05
software technology tabs3,Hard Skill,0,1,0.0,1.0487347015825407e-05,-1.0487347015825407e-05
softworks global pesoftone,Hard Skill,0,1,0.0,1.0487347015825407e-05,-1.0487347015825407e-05
softworx solutions chirowrite,Hard Skill,0,1,0.0,1.0487347015825407e-05,-1.0487347015825407e-05
softzymics visualenzymics,Hard Skill,0,1,0.0,1.0487347015825407e-05,-1.0487347015825407e-05
soil information databases,Hard Skill,0,1,0.0,1.0487347015825407e-05,-1.0487347015825407e-05
soil mapping software,Hard Skill,0,1,0.0,1.0487347015825407e-05,-1.0487347015825407e-05
soil survey geographic ssurgo,Hard Skill,0,1,0.0,1.0487347015825407e-05,-1.0487347015825407e-05
soilvision systems svgrainsize,Hard Skill,0,1,0.0,1.0487347015825407e-05,-1.0487347015825407e-05
sokkia imap,Hard Skill,0,1,0.0,1.0487347015825407e-05,-1.0487347015825407e-05
sokkia spectrum survey suite,Hard Skill,0,1,0.0,1.0487347015825407e-05,-1.0487347015825407e-05
solar advisor model,Hard Skill,0,1,0.0,1.0487347015825407e-05,-1.0487347015825407e-05
geoplus petra,Hard Skill,0,1,0.0,1.0487347015825407e-05,-1.0487347015825407e-05
geosoft dap server,Hard Skill,0,1,0.0,1.0487347015825407e-05,-1.0487347015825407e-05
geospatial data abstraction library gdal,Hard Skill,0,1,0.0,1.0487347015825407e-05,-1.0487347015825407e-05
geospiza genesifter,Hard Skill,0,1,0.0,1.0487347015825407e-05,-1.0487347015825407e-05
geostatistical modeling gstat software,Hard Skill,0,1,0.0,1.0487347015825407e-05,-1.0487347015825407e-05
geostatistics software gs+,Hard Skill,0,1,0.0,1.0487347015825407e-05,-1.0487347015825407e-05
geothermal properties measurement tool,Hard Skill,0,1,0.0,1.0487347015825407e-05,-1.0487347015825407e-05
gepasi,Hard Skill,0,1,0.0,1.0487347015825407e-05,-1.0487347015825407e-05
gerber technology accumark,Hard Skill,0,1,0.0,1.0487347015825407e-05,-1.0487347015825407e-05
gerber technology cutworks,Hard Skill,0,1,0.0,1.0487347015825407e-05,-1.0487347015825407e-05
geoda,Hard Skill,0,1,0.0,1.0487347015825407e-05,-1.0487347015825407e-05
geodetic software,Hard Skill,0,1,0.0,1.0487347015825407e-05,-1.0487347015825407e-05
geoeas,Hard Skill,0,1,0.0,1.0487347015825407e-05,-1.0487347015825407e-05
geographic information system gis databases,Hard Skill,0,1,0.0,1.0487347015825407e-05,-1.0487347015825407e-05
geographic information system gis marketing software,Hard Skill,0,1,0.0,1.0487347015825407e-05,-1.0487347015825407e-05
geographix aries portfolio,Hard Skill,0,1,0.0,1.0487347015825407e-05,-1.0487347015825407e-05
geriatric depression scale,Hard Skill,0,1,0.0,1.0487347015825407e-05,-1.0487347015825407e-05
gerstco aapbase,Hard Skill,0,1,0.0,1.0487347015825407e-05,-1.0487347015825407e-05
getting things done gtd software,Hard Skill,0,1,0.0,1.0487347015825407e-05,-1.0487347015825407e-05
gez bowman the o&p hub,Hard Skill,0,1,0.0,1.0487347015825407e-05,-1.0487347015825407e-05
gfa2d,Hard Skill,0,1,0.0,1.0487347015825407e-05,-1.0487347015825407e-05
ghg clockwise,Hard Skill,0,1,0.0,1.0487347015825407e-05,-1.0487347015825407e-05
ghidra,Hard Skill,0,1,0.0,1.0487347015825407e-05,-1.0487347015825407e-05
gift certificates plus giftworks,Hard Skill,0,1,0.0,1.0487347015825407e-05,-1.0487347015825407e-05
gigatron stenocat,Hard Skill,0,1,0.0,1.0487347015825407e-05,-1.0487347015825407e-05
gijimaast mining solutions international mine2-4d,Hard Skill,0,1,0.0,1.0487347015825407e-05,-1.0487347015825407e-05
gipsy-oasis,Hard Skill,0,1,0.0,1.0487347015825407e-05,-1.0487347015825407e-05
gis/solutions gis/key,Hard Skill,0,1,0.0,1.0487347015825407e-05,-1.0487347015825407e-05
geometrix,Hard Skill,0,1,0.0,1.0487347015825407e-05,-1.0487347015825407e-05
geomodel,Hard Skill,0,1,0.0,1.0487347015825407e-05,-1.0487347015825407e-05
geomview,Hard Skill,0,1,0.0,1.0487347015825407e-05,-1.0487347015825407e-05
geopath cad/cam system,Hard Skill,0,1,0.0,1.0487347015825407e-05,-1.0487347015825407e-05
softsource cadview,Hard Skill,0,1,0.0,1.0487347015825407e-05,-1.0487347015825407e-05
softtruck cargowiz,Hard Skill,0,1,0.0,1.0487347015825407e-05,-1.0487347015825407e-05
software ag underwriting solution,Hard Skill,0,1,0.0,1.0487347015825407e-05,-1.0487347015825407e-05
software bisque ccdsoft,Hard Skill,0,1,0.0,1.0487347015825407e-05,-1.0487347015825407e-05
software design associates computer fencing system cfs,Hard Skill,0,1,0.0,1.0487347015825407e-05,-1.0487347015825407e-05
software motif myemr,Hard Skill,0,1,0.0,1.0487347015825407e-05,-1.0487347015825407e-05
glasscubes,Hard Skill,0,1,0.0,1.0487347015825407e-05,-1.0487347015825407e-05
global distribution system gds software,Hard Skill,0,1,0.0,1.0487347015825407e-05,-1.0487347015825407e-05
global education technologies excent,Hard Skill,0,1,0.0,1.0487347015825407e-05,-1.0487347015825407e-05
global graphics software harlequin,Hard Skill,0,1,0.0,1.0487347015825407e-05,-1.0487347015825407e-05
global groupware solutions limited smiles erm on-demand,Hard Skill,0,1,0.0,1.0487347015825407e-05,-1.0487347015825407e-05
globalsubmit review,Hard Skill,0,1,0.0,1.0487347015825407e-05,-1.0487347015825407e-05
globalsubmit validate,Hard Skill,0,1,0.0,1.0487347015825407e-05,-1.0487347015825407e-05
globe claritas,Hard Skill,0,1,0.0,1.0487347015825407e-05,-1.0487347015825407e-05
globekey agentkey,Hard Skill,0,1,0.0,1.0487347015825407e-05,-1.0487347015825407e-05
gmi net-mr,Hard Skill,0,1,0.0,1.0487347015825407e-05,-1.0487347015825407e-05
softimage extreme,Hard Skill,0,1,0.0,1.0487347015825407e-05,-1.0487347015825407e-05
softlab phedesign,Hard Skill,0,1,0.0,1.0487347015825407e-05,-1.0487347015825407e-05
softphone software,Hard Skill,0,1,0.0,1.0487347015825407e-05,-1.0487347015825407e-05
softpro real estate closing and title software,Hard Skill,0,1,0.0,1.0487347015825407e-05,-1.0487347015825407e-05
softpsych psychiatric diagnosis,Hard Skill,0,1,0.0,1.0487347015825407e-05,-1.0487347015825407e-05
softrip travel software system,Hard Skill,0,1,0.0,1.0487347015825407e-05,-1.0487347015825407e-05
gn otometrics chartr ep,Hard Skill,0,1,0.0,1.0487347015825407e-05,-1.0487347015825407e-05
gnutrition,Hard Skill,0,1,0.0,1.0487347015825407e-05,-1.0487347015825407e-05
go2cam,Hard Skill,0,1,0.0,1.0487347015825407e-05,-1.0487347015825407e-05
gobackgrounds,Hard Skill,0,1,0.0,1.0487347015825407e-05,-1.0487347015825407e-05
golden helix chemtree,Hard Skill,0,1,0.0,1.0487347015825407e-05,-1.0487347015825407e-05
golden software grapher,Hard Skill,0,1,0.0,1.0487347015825407e-05,-1.0487347015825407e-05
golden software strater,Hard Skill,0,1,0.0,1.0487347015825407e-05,-1.0487347015825407e-05
golden software voxler,Hard Skill,0,1,0.0,1.0487347015825407e-05,-1.0487347015825407e-05
good steward software energycap,Hard Skill,0,1,0.0,1.0487347015825407e-05,-1.0487347015825407e-05
softrisk technologies softrisk sql,Hard Skill,0,1,0.0,1.0487347015825407e-05,-1.0487347015825407e-05
soft servo systems ladderworks plc,Hard Skill,0,1,0.0,1.0487347015825407e-05,-1.0487347015825407e-05
soft trac microix timesheet,Hard Skill,0,1,0.0,1.0487347015825407e-05,-1.0487347015825407e-05
softbrands fourth shift edition,Hard Skill,0,1,0.0,1.0487347015825407e-05,-1.0487347015825407e-05
softcafe schedulewriter,Hard Skill,0,1,0.0,1.0487347015825407e-05,-1.0487347015825407e-05
softcare centercare,Hard Skill,0,1,0.0,1.0487347015825407e-05,-1.0487347015825407e-05
softchalk lessonbuilder,Hard Skill,0,1,0.0,1.0487347015825407e-05,-1.0487347015825407e-05
softempire electrical calculations,Hard Skill,0,1,0.0,1.0487347015825407e-05,-1.0487347015825407e-05
softerware donorperfect,Hard Skill,0,1,0.0,1.0487347015825407e-05,-1.0487347015825407e-05
goodreader,Hard Skill,0,1,0.0,1.0487347015825407e-05,-1.0487347015825407e-05
!trak-it solutions !trak-it hr,Hard Skill,0,1,0.0,1.0487347015825407e-05,-1.0487347015825407e-05
google books ngram viewer,Hard Skill,0,1,0.0,1.0487347015825407e-05,-1.0487347015825407e-05
google checkout,Hard Skill,0,1,0.0,1.0487347015825407e-05,-1.0487347015825407e-05
google compute engine (gce),Hard Skill,0,1,0.0,1.0487347015825407e-05,-1.0487347015825407e-05
google doubleclick,Hard Skill,0,1,0.0,1.0487347015825407e-05,-1.0487347015825407e-05
softerware ez-care2,Hard Skill,0,1,0.0,1.0487347015825407e-05,-1.0487347015825407e-05
softice,Hard Skill,0,1,0.0,1.0487347015825407e-05,-1.0487347015825407e-05
social computing tools,Hard Skill,0,1,0.0,1.0487347015825407e-05,-1.0487347015825407e-05
social network analysis software,Hard Skill,0,1,0.0,1.0487347015825407e-05,-1.0487347015825407e-05
social networking platforms,Hard Skill,0,1,0.0,1.0487347015825407e-05,-1.0487347015825407e-05
google looker analytics,Hard Skill,0,1,0.0,1.0487347015825407e-05,-1.0487347015825407e-05
google scholar,Hard Skill,0,1,0.0,1.0487347015825407e-05,-1.0487347015825407e-05
google search ads 360,Hard Skill,0,1,0.0,1.0487347015825407e-05,-1.0487347015825407e-05
google tag manager,Hard Skill,0,1,0.0,1.0487347015825407e-05,-1.0487347015825407e-05
google translate client,Hard Skill,0,1,0.0,1.0487347015825407e-05,-1.0487347015825407e-05
google video,Hard Skill,0,1,0.0,1.0487347015825407e-05,-1.0487347015825407e-05
google webmaster tools,Hard Skill,0,1,0.0,1.0487347015825407e-05,-1.0487347015825407e-05
govern software govmap,Hard Skill,0,1,0.0,1.0487347015825407e-05,-1.0487347015825407e-05
social studies educational software,Hard Skill,0,1,0.0,1.0487347015825407e-05,-1.0487347015825407e-05
socorro scientific software refract2k,Hard Skill,0,1,0.0,1.0487347015825407e-05,-1.0487347015825407e-05
socrates contractor's library,Hard Skill,0,1,0.0,1.0487347015825407e-05,-1.0487347015825407e-05
soffront crm portal,Hard Skill,0,1,0.0,1.0487347015825407e-05,-1.0487347015825407e-05
soft essentials vending essentials,Hard Skill,0,1,0.0,1.0487347015825407e-05,-1.0487347015825407e-05
green cloud kleantrac,Hard Skill,0,1,0.0,1.0487347015825407e-05,-1.0487347015825407e-05
govern software land and permits management system,Hard Skill,0,1,0.0,1.0487347015825407e-05,-1.0487347015825407e-05
"governance, risk, and compliance grc software",Hard Skill,0,1,0.0,1.0487347015825407e-05,-1.0487347015825407e-05
gracesoft easy innkeeping suite,Hard Skill,0,1,0.0,1.0487347015825407e-05,-1.0487347015825407e-05
gradle,Hard Skill,0,1,0.0,1.0487347015825407e-05,-1.0487347015825407e-05
grails,Hard Skill,0,1,0.0,1.0487347015825407e-05,-1.0487347015825407e-05
graphics card driver software,Hard Skill,0,1,0.0,1.0487347015825407e-05,-1.0487347015825407e-05
graphics digitizing software,Hard Skill,0,1,0.0,1.0487347015825407e-05,-1.0487347015825407e-05
graphics editing software,Hard Skill,0,1,0.0,1.0487347015825407e-05,-1.0487347015825407e-05
graphics pipelines,Hard Skill,0,1,0.0,1.0487347015825407e-05,-1.0487347015825407e-05
sniffer investigator,Hard Skill,0,1,0.0,1.0487347015825407e-05,-1.0487347015825407e-05
snoino rcm pro,Hard Skill,0,1,0.0,1.0487347015825407e-05,-1.0487347015825407e-05
snoino ttree,Hard Skill,0,1,0.0,1.0487347015825407e-05,-1.0487347015825407e-05
snorasson holdings ccnow,Hard Skill,0,1,0.0,1.0487347015825407e-05,-1.0487347015825407e-05
100 plus hatch pattern library,Hard Skill,0,1,0.0,1.0487347015825407e-05,-1.0487347015825407e-05
snugg home snugg pro,Hard Skill,0,1,0.0,1.0487347015825407e-05,-1.0487347015825407e-05
smithmicro softwareposer,Hard Skill,0,1,0.0,1.0487347015825407e-05,-1.0487347015825407e-05
smithsonian institution digital archives,Hard Skill,0,1,0.0,1.0487347015825407e-05,-1.0487347015825407e-05
sms valet,Hard Skill,0,1,0.0,1.0487347015825407e-05,-1.0487347015825407e-05
snap survey software,Hard Skill,0,1,0.0,1.0487347015825407e-05,-1.0487347015825407e-05
snap-on shopkey,Hard Skill,0,1,0.0,1.0487347015825407e-05,-1.0487347015825407e-05
sneakers software dvmax practice,Hard Skill,0,1,0.0,1.0487347015825407e-05,-1.0487347015825407e-05
graphics programming environment grape,Hard Skill,0,1,0.0,1.0487347015825407e-05,-1.0487347015825407e-05
graphing software,Hard Skill,0,1,0.0,1.0487347015825407e-05,-1.0487347015825407e-05
graspit!,Hard Skill,0,1,0.0,1.0487347015825407e-05,-1.0487347015825407e-05
grasshopper pagestream,Hard Skill,0,1,0.0,1.0487347015825407e-05,-1.0487347015825407e-05
gravic principia remark,Hard Skill,0,1,0.0,1.0487347015825407e-05,-1.0487347015825407e-05
gravitation software,Hard Skill,0,1,0.0,1.0487347015825407e-05,-1.0487347015825407e-05
gravograph gravostyle,Hard Skill,0,1,0.0,1.0487347015825407e-05,-1.0487347015825407e-05
greatis object inspector,Hard Skill,0,1,0.0,1.0487347015825407e-05,-1.0487347015825407e-05
greatland corporation winfiler,Hard Skill,0,1,0.0,1.0487347015825407e-05,-1.0487347015825407e-05
greattax,Hard Skill,0,1,0.0,1.0487347015825407e-05,-1.0487347015825407e-05
smart service management and route tracking software,Hard Skill,0,1,0.0,1.0487347015825407e-05,-1.0487347015825407e-05
smart solutions iep anywhere,Hard Skill,0,1,0.0,1.0487347015825407e-05,-1.0487347015825407e-05
smartbear software automated build studio,Hard Skill,0,1,0.0,1.0487347015825407e-05,-1.0487347015825407e-05
greenhills ada compilers,Hard Skill,0,1,0.0,1.0487347015825407e-05,-1.0487347015825407e-05
gregg software gregg rock-it,Hard Skill,0,1,0.0,1.0487347015825407e-05,-1.0487347015825407e-05
grensoft worktracer,Hard Skill,0,1,0.0,1.0487347015825407e-05,-1.0487347015825407e-05
gresens 92,Hard Skill,0,1,0.0,1.0487347015825407e-05,-1.0487347015825407e-05
grl engineers wave equation analysis program grlweap,Hard Skill,0,1,0.0,1.0487347015825407e-05,-1.0487347015825407e-05
groom pro,Hard Skill,0,1,0.0,1.0487347015825407e-05,-1.0487347015825407e-05
groomsoft,Hard Skill,0,1,0.0,1.0487347015825407e-05,-1.0487347015825407e-05
ground transportation management system,Hard Skill,0,1,0.0,1.0487347015825407e-05,-1.0487347015825407e-05
smartdraw,Hard Skill,0,1,0.0,1.0487347015825407e-05,-1.0487347015825407e-05
smartdraw vp,Hard Skill,0,1,0.0,1.0487347015825407e-05,-1.0487347015825407e-05
smesource billingorchard,Hard Skill,0,1,0.0,1.0487347015825407e-05,-1.0487347015825407e-05
smithmicro anime studio,Hard Skill,0,1,0.0,1.0487347015825407e-05,-1.0487347015825407e-05
smithmicro manga studio,Hard Skill,0,1,0.0,1.0487347015825407e-05,-1.0487347015825407e-05
grz software meshcam,Hard Skill,0,1,0.0,1.0487347015825407e-05,-1.0487347015825407e-05
gslib,Hard Skill,0,1,0.0,1.0487347015825407e-05,-1.0487347015825407e-05
gstat,Hard Skill,0,1,0.0,1.0487347015825407e-05,-1.0487347015825407e-05
gt strudl,Hard Skill,0,1,0.0,1.0487347015825407e-05,-1.0487347015825407e-05
gtx rastorcad,Hard Skill,0,1,0.0,1.0487347015825407e-05,-1.0487347015825407e-05
guardian analytics fraudmap,Hard Skill,0,1,0.0,1.0487347015825407e-05,-1.0487347015825407e-05
guestbridge reserve,Hard Skill,0,1,0.0,1.0487347015825407e-05,-1.0487347015825407e-05
guestserve,Hard Skill,0,1,0.0,1.0487347015825407e-05,-1.0487347015825407e-05
skywire software policyware,Hard Skill,0,1,0.0,1.0487347015825407e-05,-1.0487347015825407e-05
sleep analysis software,Hard Skill,0,1,0.0,1.0487347015825407e-05,-1.0487347015825407e-05
small business computers of new england ap easy,Hard Skill,0,1,0.0,1.0487347015825407e-05,-1.0487347015825407e-05
smart card management software,Hard Skill,0,1,0.0,1.0487347015825407e-05,-1.0487347015825407e-05
smart data solutions rs solutions,Hard Skill,0,1,0.0,1.0487347015825407e-05,-1.0487347015825407e-05
smart digital holter monitor,Hard Skill,0,1,0.0,1.0487347015825407e-05,-1.0487347015825407e-05
smart equipment repair,Hard Skill,0,1,0.0,1.0487347015825407e-05,-1.0487347015825407e-05
smart link corporation imtranslator,Hard Skill,0,1,0.0,1.0487347015825407e-05,-1.0487347015825407e-05
guideline risk technologies rubi,Hard Skill,0,1,0.0,1.0487347015825407e-05,-1.0487347015825407e-05
gutenberg-e,Hard Skill,0,1,0.0,1.0487347015825407e-05,-1.0487347015825407e-05
gyst,Hard Skill,0,1,0.0,1.0487347015825407e-05,-1.0487347015825407e-05
h&r block tax,Hard Skill,0,1,0.0,1.0487347015825407e-05,-1.0487347015825407e-05
haemonetics symphony suite,Hard Skill,0,1,0.0,1.0487347015825407e-05,-1.0487347015825407e-05
hagel unitime systems,Hard Skill,0,1,0.0,1.0487347015825407e-05,-1.0487347015825407e-05
haglof sweden ab tcruise forest inventory,Hard Skill,0,1,0.0,1.0487347015825407e-05,-1.0487347015825407e-05
haisen software system,Hard Skill,0,1,0.0,1.0487347015825407e-05,-1.0487347015825407e-05
halliburton landmark geoprobe,Hard Skill,0,1,0.0,1.0487347015825407e-05,-1.0487347015825407e-05
halliburton promax,Hard Skill,0,1,0.0,1.0487347015825407e-05,-1.0487347015825407e-05
halogen ecompensation,Hard Skill,0,1,0.0,1.0487347015825407e-05,-1.0487347015825407e-05
halogen elms,Hard Skill,0,1,0.0,1.0487347015825407e-05,-1.0487347015825407e-05
groundwater software quickcross/fence,Hard Skill,0,1,0.0,1.0487347015825407e-05,-1.0487347015825407e-05
groundwater software quicklog,Hard Skill,0,1,0.0,1.0487347015825407e-05,-1.0487347015825407e-05
groundwater software visual site manager,Hard Skill,0,1,0.0,1.0487347015825407e-05,-1.0487347015825407e-05
gruupmeet,Hard Skill,0,1,0.0,1.0487347015825407e-05,-1.0487347015825407e-05
skyscape 5-minute clinical consult,Hard Skill,0,1,0.0,1.0487347015825407e-05,-1.0487347015825407e-05
skyward school management system,Hard Skill,0,1,0.0,1.0487347015825407e-05,-1.0487347015825407e-05
skywire software insbridge,Hard Skill,0,1,0.0,1.0487347015825407e-05,-1.0487347015825407e-05
hamrick software vuescan,Hard Skill,0,1,0.0,1.0487347015825407e-05,-1.0487347015825407e-05
hands on technology therawriter.pt,Hard Skill,0,1,0.0,1.0487347015825407e-05,-1.0487347015825407e-05
handyfile find and replace text aid kit,Hard Skill,0,1,0.0,1.0487347015825407e-05,-1.0487347015825407e-05
hansen cama,Hard Skill,0,1,0.0,1.0487347015825407e-05,-1.0487347015825407e-05
hapmap,Hard Skill,0,1,0.0,1.0487347015825407e-05,-1.0487347015825407e-05
hard dollar hd project estimating,Hard Skill,0,1,0.0,1.0487347015825407e-05,-1.0487347015825407e-05
hardware description and verification language,Hard Skill,0,1,0.0,1.0487347015825407e-05,-1.0487347015825407e-05
hardware-in-the-loop hil simulation software,Hard Skill,0,1,0.0,1.0487347015825407e-05,-1.0487347015825407e-05
harland financial solutions depositpro,Hard Skill,0,1,0.0,1.0487347015825407e-05,-1.0487347015825407e-05
harland interlinq mortgageware,Hard Skill,0,1,0.0,1.0487347015825407e-05,-1.0487347015825407e-05
harmoni espri,Hard Skill,0,1,0.0,1.0487347015825407e-05,-1.0487347015825407e-05
harpers payroll services hr la carte,Hard Skill,0,1,0.0,1.0487347015825407e-05,-1.0487347015825407e-05
guidance software encase forensic,Hard Skill,0,1,0.0,1.0487347015825407e-05,-1.0487347015825407e-05
harris technologies bassbox,Hard Skill,0,1,0.0,1.0487347015825407e-05,-1.0487347015825407e-05
harrisdata human resources information system hris,Hard Skill,0,1,0.0,1.0487347015825407e-05,-1.0487347015825407e-05
harvard thermal tas,Hard Skill,0,1,0.0,1.0487347015825407e-05,-1.0487347015825407e-05
harvest,Hard Skill,0,1,0.0,1.0487347015825407e-05,-1.0487347015825407e-05
harvey software cps,Hard Skill,0,1,0.0,1.0487347015825407e-05,-1.0487347015825407e-05
hash animation:master,Hard Skill,0,1,0.0,1.0487347015825407e-05,-1.0487347015825407e-05
hatchery database systems,Hard Skill,0,1,0.0,1.0487347015825407e-05,-1.0487347015825407e-05
hatpro,Hard Skill,0,1,0.0,1.0487347015825407e-05,-1.0487347015825407e-05
hazard assessment software,Hard Skill,0,1,0.0,1.0487347015825407e-05,-1.0487347015825407e-05
hazard communication software,Hard Skill,0,1,0.0,1.0487347015825407e-05,-1.0487347015825407e-05
situation resource tracking software,Hard Skill,0,1,0.0,1.0487347015825407e-05,-1.0487347015825407e-05
sk1,Hard Skill,0,1,0.0,1.0487347015825407e-05,-1.0487347015825407e-05
skencil,Hard Skill,0,1,0.0,1.0487347015825407e-05,-1.0487347015825407e-05
skill fmea software,Hard Skill,0,1,0.0,1.0487347015825407e-05,-1.0487347015825407e-05
skilltran job browser pro,Hard Skill,0,1,0.0,1.0487347015825407e-05,-1.0487347015825407e-05
skilltran oasys,Hard Skill,0,1,0.0,1.0487347015825407e-05,-1.0487347015825407e-05
sisense prism,Hard Skill,0,1,0.0,1.0487347015825407e-05,-1.0487347015825407e-05
site manager,Hard Skill,0,1,0.0,1.0487347015825407e-05,-1.0487347015825407e-05
site mapping software,Hard Skill,0,1,0.0,1.0487347015825407e-05,-1.0487347015825407e-05
sitemaster sitesmart,Hard Skill,0,1,0.0,1.0487347015825407e-05,-1.0487347015825407e-05
hazardous waste operations and emergency response standard hazwoper training software,Hard Skill,0,1,0.0,1.0487347015825407e-05,-1.0487347015825407e-05
health and safety training software,Hard Skill,0,1,0.0,1.0487347015825407e-05,-1.0487347015825407e-05
health care software hcs interactant,Hard Skill,0,1,0.0,1.0487347015825407e-05,-1.0487347015825407e-05
health information database software,Hard Skill,0,1,0.0,1.0487347015825407e-05,-1.0487347015825407e-05
healthcare management system,Hard Skill,0,1,0.0,1.0487347015825407e-05,-1.0487347015825407e-05
healthpac medical billing,Hard Skill,0,1,0.0,1.0487347015825407e-05,-1.0487347015825407e-05
healthprolink medatlas,Hard Skill,0,1,0.0,1.0487347015825407e-05,-1.0487347015825407e-05
healthvision mediar,Hard Skill,0,1,0.0,1.0487347015825407e-05,-1.0487347015825407e-05
healthvision tdsynergy anatomic pathology,Hard Skill,0,1,0.0,1.0487347015825407e-05,-1.0487347015825407e-05
harrington group caweb,Hard Skill,0,1,0.0,1.0487347015825407e-05,-1.0487347015825407e-05
harrington group hqms,Hard Skill,0,1,0.0,1.0487347015825407e-05,-1.0487347015825407e-05
harris tech x.over pro,Hard Skill,0,1,0.0,1.0487347015825407e-05,-1.0487347015825407e-05
simsol for adjusters,Hard Skill,0,1,0.0,1.0487347015825407e-05,-1.0487347015825407e-05
simulation and modeling software,Hard Skill,0,1,0.0,1.0487347015825407e-05,-1.0487347015825407e-05
simulation of fires in enclosures sofie software,Hard Skill,0,1,0.0,1.0487347015825407e-05,-1.0487347015825407e-05
hearform software hearform,Hard Skill,0,1,0.0,1.0487347015825407e-05,-1.0487347015825407e-05
hearing aid fitting software,Hard Skill,0,1,0.0,1.0487347015825407e-05,-1.0487347015825407e-05
heat loss calculation software,Hard Skill,0,1,0.0,1.0487347015825407e-05,-1.0487347015825407e-05
hec-2,Hard Skill,0,1,0.0,1.0487347015825407e-05,-1.0487347015825407e-05
hec-georas,Hard Skill,0,1,0.0,1.0487347015825407e-05,-1.0487347015825407e-05
heliconsoft helicon focus,Hard Skill,0,1,0.0,1.0487347015825407e-05,-1.0487347015825407e-05
helios textpad,Hard Skill,0,1,0.0,1.0487347015825407e-05,-1.0487347015825407e-05
hellman & schofield mp3,Hard Skill,0,1,0.0,1.0487347015825407e-05,-1.0487347015825407e-05
helpit systems addressit,Hard Skill,0,1,0.0,1.0487347015825407e-05,-1.0487347015825407e-05
simwindows,Hard Skill,0,1,0.0,1.0487347015825407e-05,-1.0487347015825407e-05
sirona sidexis xg,Hard Skill,0,1,0.0,1.0487347015825407e-05,-1.0487347015825407e-05
sirus gt construction accounting,Hard Skill,0,1,0.0,1.0487347015825407e-05,-1.0487347015825407e-05
sis semci partner,Hard Skill,0,1,0.0,1.0487347015825407e-05,-1.0487347015825407e-05
henry schein medical systems micromd urology emr,Hard Skill,0,1,0.0,1.0487347015825407e-05,-1.0487347015825407e-05
henry schein periovision,Hard Skill,0,1,0.0,1.0487347015825407e-05,-1.0487347015825407e-05
herbert software solutions hecsalv,Hard Skill,0,1,0.0,1.0487347015825407e-05,-1.0487347015825407e-05
hewlett packard exstream dialogue,Hard Skill,0,1,0.0,1.0487347015825407e-05,-1.0487347015825407e-05
hewlett packard hp project portfolio management solution,Hard Skill,0,1,0.0,1.0487347015825407e-05,-1.0487347015825407e-05
hewlett-packard hp graphics language hpgl,Hard Skill,0,1,0.0,1.0487347015825407e-05,-1.0487347015825407e-05
silver peak,Hard Skill,0,1,0.0,1.0487347015825407e-05,-1.0487347015825407e-05
silverbyte systems optima property management system pms,Hard Skill,0,1,0.0,1.0487347015825407e-05,-1.0487347015825407e-05
sim4,Hard Skill,0,1,0.0,1.0487347015825407e-05,-1.0487347015825407e-05
simple directmedia layer sdl,Hard Skill,0,1,0.0,1.0487347015825407e-05,-1.0487347015825407e-05
simple mail transfer protocol smtp,Hard Skill,0,1,0.0,1.0487347015825407e-05,-1.0487347015825407e-05
simple model of the atmospheric radiative transfer of sunshine smarts,Hard Skill,0,1,0.0,1.0487347015825407e-05,-1.0487347015825407e-05
simpleclinic practice management software,Hard Skill,0,1,0.0,1.0487347015825407e-05,-1.0487347015825407e-05
simplifi pixifi,Hard Skill,0,1,0.0,1.0487347015825407e-05,-1.0487347015825407e-05
simply hearing software simply hearing oms,Hard Skill,0,1,0.0,1.0487347015825407e-05,-1.0487347015825407e-05
simply studio system,Hard Skill,0,1,0.0,1.0487347015825407e-05,-1.0487347015825407e-05
signal synthesizers,Hard Skill,0,1,0.0,1.0487347015825407e-05,-1.0487347015825407e-05
signcad systems signcad,Hard Skill,0,1,0.0,1.0487347015825407e-05,-1.0487347015825407e-05
signet nobeltec catch,Hard Skill,0,1,0.0,1.0487347015825407e-05,-1.0487347015825407e-05
sil international the linguist's shoebox,Hard Skill,0,1,0.0,1.0487347015825407e-05,-1.0487347015825407e-05
silk road technology openhire,Hard Skill,0,1,0.0,1.0487347015825407e-05,-1.0487347015825407e-05
hewlett-packard hp quicktest professional,Hard Skill,0,1,0.0,1.0487347015825407e-05,-1.0487347015825407e-05
hewlett-packard hp semiconductor parameter analyzer,Hard Skill,0,1,0.0,1.0487347015825407e-05,-1.0487347015825407e-05
hewlett-packard hp soliddesigner,Hard Skill,0,1,0.0,1.0487347015825407e-05,-1.0487347015825407e-05
hewlett-packard hp testdirector for quality center,Hard Skill,0,1,0.0,1.0487347015825407e-05,-1.0487347015825407e-05
hewlett-packard hp winrunner,Hard Skill,0,1,0.0,1.0487347015825407e-05,-1.0487347015825407e-05
hex laboratory systems billing and cash management,Hard Skill,0,1,0.0,1.0487347015825407e-05,-1.0487347015825407e-05
hex-rays ida pro,Hard Skill,0,1,0.0,1.0487347015825407e-05,-1.0487347015825407e-05
hexagon geospatial imagine photogrammetry,Hard Skill,0,1,0.0,1.0487347015825407e-05,-1.0487347015825407e-05
hendrich falls risk model,Hard Skill,0,1,0.0,1.0487347015825407e-05,-1.0487347015825407e-05
henry schein endovision,Hard Skill,0,1,0.0,1.0487347015825407e-05,-1.0487347015825407e-05
henry schein impromed,Hard Skill,0,1,0.0,1.0487347015825407e-05,-1.0487347015825407e-05
himsa noah,Hard Skill,0,1,0.0,1.0487347015825407e-05,-1.0487347015825407e-05
hindsight inview,Hard Skill,0,1,0.0,1.0487347015825407e-05,-1.0487347015825407e-05
hiperpav,Hard Skill,0,1,0.0,1.0487347015825407e-05,-1.0487347015825407e-05
hipersoft practice information powertool,Hard Skill,0,1,0.0,1.0487347015825407e-05,-1.0487347015825407e-05
hireability resumeparser,Hard Skill,0,1,0.0,1.0487347015825407e-05,-1.0487347015825407e-05
hirelogic powerplace,Hard Skill,0,1,0.0,1.0487347015825407e-05,-1.0487347015825407e-05
hirosoft epicure,Hard Skill,0,1,0.0,1.0487347015825407e-05,-1.0487347015825407e-05
hitachi zxlink,Hard Skill,0,1,0.0,1.0487347015825407e-05,-1.0487347015825407e-05
hodgkin-huxley model software,Hard Skill,0,1,0.0,1.0487347015825407e-05,-1.0487347015825407e-05
siemens teleperm,Hard Skill,0,1,0.0,1.0487347015825407e-05,-1.0487347015825407e-05
siemens ugs jack,Hard Skill,0,1,0.0,1.0487347015825407e-05,-1.0487347015825407e-05
siemens ugs nx,Hard Skill,0,1,0.0,1.0487347015825407e-05,-1.0487347015825407e-05
sigmatek sigmanest,Hard Skill,0,1,0.0,1.0487347015825407e-05,-1.0487347015825407e-05
sigmetrix cetol 6 sigma,Hard Skill,0,1,0.0,1.0487347015825407e-05,-1.0487347015825407e-05
signal detection software,Hard Skill,0,1,0.0,1.0487347015825407e-05,-1.0487347015825407e-05
signal integrity simulation software,Hard Skill,0,1,0.0,1.0487347015825407e-05,-1.0487347015825407e-05
hoffman computer systems amsoft,Hard Skill,0,1,0.0,1.0487347015825407e-05,-1.0487347015825407e-05
homag woodwop,Hard Skill,0,1,0.0,1.0487347015825407e-05,-1.0487347015825407e-05
home rating software,Hard Skill,0,1,0.0,1.0487347015825407e-05,-1.0487347015825407e-05
homer micropower optimization model,Hard Skill,0,1,0.0,1.0487347015825407e-05,-1.0487347015825407e-05
honeywell webs-n4,Hard Skill,0,1,0.0,1.0487347015825407e-05,-1.0487347015825407e-05
honeywell wintress pacnet,Hard Skill,0,1,0.0,1.0487347015825407e-05,-1.0487347015825407e-05
hootsuite,Hard Skill,0,1,0.0,1.0487347015825407e-05,-1.0487347015825407e-05
horizon engineering sigma plumbing calculator,Hard Skill,0,1,0.0,1.0487347015825407e-05,-1.0487347015825407e-05
horizon software mrp plus,Hard Skill,0,1,0.0,1.0487347015825407e-05,-1.0487347015825407e-05
horwath software magique,Hard Skill,0,1,0.0,1.0487347015825407e-05,-1.0487347015825407e-05
host analytics host budget,Hard Skill,0,1,0.0,1.0487347015825407e-05,-1.0487347015825407e-05
hosted pacs solutions,Hard Skill,0,1,0.0,1.0487347015825407e-05,-1.0487347015825407e-05
high-performance software libraries,Hard Skill,0,1,0.0,1.0487347015825407e-05,-1.0487347015825407e-05
highjump software supply chain advantage,Hard Skill,0,1,0.0,1.0487347015825407e-05,-1.0487347015825407e-05
highjump software warehouse advantage,Hard Skill,0,1,0.0,1.0487347015825407e-05,-1.0487347015825407e-05
highjump warehouse advantage,Hard Skill,0,1,0.0,1.0487347015825407e-05,-1.0487347015825407e-05
siemens sienet sky,Hard Skill,0,1,0.0,1.0487347015825407e-05,-1.0487347015825407e-05
siemens simatic hmi,Hard Skill,0,1,0.0,1.0487347015825407e-05,-1.0487347015825407e-05
siemens sinumerik cnc,Hard Skill,0,1,0.0,1.0487347015825407e-05,-1.0487347015825407e-05
siemens spectrum power tg,Hard Skill,0,1,0.0,1.0487347015825407e-05,-1.0487347015825407e-05
siemens spectrum powercc distribution management,Hard Skill,0,1,0.0,1.0487347015825407e-05,-1.0487347015825407e-05
hosted support ezsupport pro,Hard Skill,0,1,0.0,1.0487347015825407e-05,-1.0487347015825407e-05
hotel management system software,Hard Skill,0,1,0.0,1.0487347015825407e-05,-1.0487347015825407e-05
hotflo! die-shot monitor,Hard Skill,0,1,0.0,1.0487347015825407e-05,-1.0487347015825407e-05
hotspot,Hard Skill,0,1,0.0,1.0487347015825407e-05,-1.0487347015825407e-05
houchen bindery library automated retrieval system lars,Hard Skill,0,1,0.0,1.0487347015825407e-05,-1.0487347015825407e-05
housekeeping management software,Hard Skill,0,1,0.0,1.0487347015825407e-05,-1.0487347015825407e-05
howard and friends computer cma plus,Hard Skill,0,1,0.0,1.0487347015825407e-05,-1.0487347015825407e-05
hp fortify,Hard Skill,0,1,0.0,1.0487347015825407e-05,-1.0487347015825407e-05
hp infotech codevisionavr,Hard Skill,0,1,0.0,1.0487347015825407e-05,-1.0487347015825407e-05
hr-ease,Hard Skill,0,1,0.0,1.0487347015825407e-05,-1.0487347015825407e-05
hrm direct,Hard Skill,0,1,0.0,1.0487347015825407e-05,-1.0487347015825407e-05
hrms solutions ivantage,Hard Skill,0,1,0.0,1.0487347015825407e-05,-1.0487347015825407e-05
hrs quickscore,Hard Skill,0,1,0.0,1.0487347015825407e-05,-1.0487347015825407e-05
hs virtual piano,Hard Skill,0,1,0.0,1.0487347015825407e-05,-1.0487347015825407e-05
hsenid business solutions hrm enterprise,Hard Skill,0,1,0.0,1.0487347015825407e-05,-1.0487347015825407e-05
ht systems patientsecure,Hard Skill,0,1,0.0,1.0487347015825407e-05,-1.0487347015825407e-05
hth engineering start-stop powerplay,Hard Skill,0,1,0.0,1.0487347015825407e-05,-1.0487347015825407e-05
hts vision cvs2,Hard Skill,0,1,0.0,1.0487347015825407e-05,-1.0487347015825407e-05
hts vision hts2 computerized binocular home eye exercise system,Hard Skill,0,1,0.0,1.0487347015825407e-05,-1.0487347015825407e-05
httrack,Hard Skill,0,1,0.0,1.0487347015825407e-05,-1.0487347015825407e-05
hud-1 software,Hard Skill,0,1,0.0,1.0487347015825407e-05,-1.0487347015825407e-05
hugging face,Hard Skill,0,1,0.0,1.0487347015825407e-05,-1.0487347015825407e-05
siemens patient identification check,Hard Skill,0,1,0.0,1.0487347015825407e-05,-1.0487347015825407e-05
siemens plm software,Hard Skill,0,1,0.0,1.0487347015825407e-05,-1.0487347015825407e-05
siemens power plant automation sppa,Hard Skill,0,1,0.0,1.0487347015825407e-05,-1.0487347015825407e-05
siemens pss product suite,Hard Skill,0,1,0.0,1.0487347015825407e-05,-1.0487347015825407e-05
siemens shelxtl,Hard Skill,0,1,0.0,1.0487347015825407e-05,-1.0487347015825407e-05
sidefx houdini,Hard Skill,0,1,0.0,1.0487347015825407e-05,-1.0487347015825407e-05
sidra intersection,Hard Skill,0,1,0.0,1.0487347015825407e-05,-1.0487347015825407e-05
siemens apogee building automation software,Hard Skill,0,1,0.0,1.0487347015825407e-05,-1.0487347015825407e-05
siemens energy and automation,Hard Skill,0,1,0.0,1.0487347015825407e-05,-1.0487347015825407e-05
siemens hearing instruments practice navigator,Hard Skill,0,1,0.0,1.0487347015825407e-05,-1.0487347015825407e-05
human resource microsystems hr entre,Hard Skill,0,1,0.0,1.0487347015825407e-05,-1.0487347015825407e-05
human resources software,Hard Skill,0,1,0.0,1.0487347015825407e-05,-1.0487347015825407e-05
humanic design employmee self-service,Hard Skill,0,1,0.0,1.0487347015825407e-05,-1.0487347015825407e-05
hummingbird legal bill review,Hard Skill,0,1,0.0,1.0487347015825407e-05,-1.0487347015825407e-05
hunter winalign,Hard Skill,0,1,0.0,1.0487347015825407e-05,-1.0487347015825407e-05
huntersoft business translator,Hard Skill,0,1,0.0,1.0487347015825407e-05,-1.0487347015825407e-05
hunterstone thesis,Hard Skill,0,1,0.0,1.0487347015825407e-05,-1.0487347015825407e-05
husky injection molding systems shotscope nx,Hard Skill,0,1,0.0,1.0487347015825407e-05,-1.0487347015825407e-05
hydesoft computing dplot,Hard Skill,0,1,0.0,1.0487347015825407e-05,-1.0487347015825407e-05
hydranet,Hard Skill,0,1,0.0,1.0487347015825407e-05,-1.0487347015825407e-05
hydraulic analysis software,Hard Skill,0,1,0.0,1.0487347015825407e-05,-1.0487347015825407e-05
hydrological modeling software,Hard Skill,0,1,0.0,1.0487347015825407e-05,-1.0487347015825407e-05
hydrus-2d,Hard Skill,0,1,0.0,1.0487347015825407e-05,-1.0487347015825407e-05
hypack dredgepack,Hard Skill,0,1,0.0,1.0487347015825407e-05,-1.0487347015825407e-05
hypack hysweep,Hard Skill,0,1,0.0,1.0487347015825407e-05,-1.0487347015825407e-05
hypack max,Hard Skill,0,1,0.0,1.0487347015825407e-05,-1.0487347015825407e-05
hypercube hyperchem,Hard Skill,0,1,0.0,1.0487347015825407e-05,-1.0487347015825407e-05
hyperion solutions hyperion intelligence,Hard Skill,0,1,0.0,1.0487347015825407e-05,-1.0487347015825407e-05
hyperion solutions hyperion system 9 bi+,Hard Skill,0,1,0.0,1.0487347015825407e-05,-1.0487347015825407e-05
shoretel,Hard Skill,0,1,0.0,1.0487347015825407e-05,-1.0487347015825407e-05
shortcuts software shortcuts spa,Hard Skill,0,1,0.0,1.0487347015825407e-05,-1.0487347015825407e-05
showing suite homefeedback,Hard Skill,0,1,0.0,1.0487347015825407e-05,-1.0487347015825407e-05
showing suite homefollowup,Hard Skill,0,1,0.0,1.0487347015825407e-05,-1.0487347015825407e-05
showing suite showing calendar,Hard Skill,0,1,0.0,1.0487347015825407e-05,-1.0487347015825407e-05
shrodinger jaguar,Hard Skill,0,1,0.0,1.0487347015825407e-05,-1.0487347015825407e-05
side effects houdini,Hard Skill,0,1,0.0,1.0487347015825407e-05,-1.0487347015825407e-05
side effects software houdini,Hard Skill,0,1,0.0,1.0487347015825407e-05,-1.0487347015825407e-05
ibm clarity systems clarity,Hard Skill,0,1,0.0,1.0487347015825407e-05,-1.0487347015825407e-05
ibm cloud,Hard Skill,0,1,0.0,1.0487347015825407e-05,-1.0487347015825407e-05
hyperion solutions system 9 planning,Hard Skill,0,1,0.0,1.0487347015825407e-05,-1.0487347015825407e-05
hyperoffice collaboration suite,Hard Skill,0,1,0.0,1.0487347015825407e-05,-1.0487347015825407e-05
hyperscore,Hard Skill,0,1,0.0,1.0487347015825407e-05,-1.0487347015825407e-05
hyperspace,Hard Skill,0,1,0.0,1.0487347015825407e-05,-1.0487347015825407e-05
hypertherm pronest,Hard Skill,0,1,0.0,1.0487347015825407e-05,-1.0487347015825407e-05
i-lign,Hard Skill,0,1,0.0,1.0487347015825407e-05,-1.0487347015825407e-05
i-many contract management,Hard Skill,0,1,0.0,1.0487347015825407e-05,-1.0487347015825407e-05
i.agri landmark farm,Hard Skill,0,1,0.0,1.0487347015825407e-05,-1.0487347015825407e-05
i2 collaborative supply execution,Hard Skill,0,1,0.0,1.0487347015825407e-05,-1.0487347015825407e-05
i2 intelligence,Hard Skill,0,1,0.0,1.0487347015825407e-05,-1.0487347015825407e-05
i2 supply chain visibility,Hard Skill,0,1,0.0,1.0487347015825407e-05,-1.0487347015825407e-05
i2 transportation modeler,Hard Skill,0,1,0.0,1.0487347015825407e-05,-1.0487347015825407e-05
hydrocomp navcad,Hard Skill,0,1,0.0,1.0487347015825407e-05,-1.0487347015825407e-05
hydrogeology basin2,Hard Skill,0,1,0.0,1.0487347015825407e-05,-1.0487347015825407e-05
shipment processing software,Hard Skill,0,1,0.0,1.0487347015825407e-05,-1.0487347015825407e-05
shipnext,Hard Skill,0,1,0.0,1.0487347015825407e-05,-1.0487347015825407e-05
shipping and freight management software,Hard Skill,0,1,0.0,1.0487347015825407e-05,-1.0487347015825407e-05
shipping software,Hard Skill,0,1,0.0,1.0487347015825407e-05,-1.0487347015825407e-05
shipping solutions,Hard Skill,0,1,0.0,1.0487347015825407e-05,-1.0487347015825407e-05
shipworks,Hard Skill,0,1,0.0,1.0487347015825407e-05,-1.0487347015825407e-05
shootq photography studio management software,Hard Skill,0,1,0.0,1.0487347015825407e-05,-1.0487347015825407e-05
shootzilla,Hard Skill,0,1,0.0,1.0487347015825407e-05,-1.0487347015825407e-05
shop management software,Hard Skill,0,1,0.0,1.0487347015825407e-05,-1.0487347015825407e-05
shopify software,Hard Skill,0,1,0.0,1.0487347015825407e-05,-1.0487347015825407e-05
ia systems streamlend,Hard Skill,0,1,0.0,1.0487347015825407e-05,-1.0487347015825407e-05
iad audit leverage,Hard Skill,0,1,0.0,1.0487347015825407e-05,-1.0487347015825407e-05
iannotate,Hard Skill,0,1,0.0,1.0487347015825407e-05,-1.0487347015825407e-05
ibbotson analyst,Hard Skill,0,1,0.0,1.0487347015825407e-05,-1.0487347015825407e-05
ibbotson portfolio strategist,Hard Skill,0,1,0.0,1.0487347015825407e-05,-1.0487347015825407e-05
ibm bpm blueprint,Hard Skill,0,1,0.0,1.0487347015825407e-05,-1.0487347015825407e-05
ibm cognos planning,Hard Skill,0,1,0.0,1.0487347015825407e-05,-1.0487347015825407e-05
ibm cognos reportnet,Hard Skill,0,1,0.0,1.0487347015825407e-05,-1.0487347015825407e-05
ibm content manager,Hard Skill,0,1,0.0,1.0487347015825407e-05,-1.0487347015825407e-05
ibm director,Hard Skill,0,1,0.0,1.0487347015825407e-05,-1.0487347015825407e-05
ibm federated records management,Hard Skill,0,1,0.0,1.0487347015825407e-05,-1.0487347015825407e-05
ibm fraud and abuse management system,Hard Skill,0,1,0.0,1.0487347015825407e-05,-1.0487347015825407e-05
ibm i2 analyst's notebook,Hard Skill,0,1,0.0,1.0487347015825407e-05,-1.0487347015825407e-05
ibm i2 transportation manager,Hard Skill,0,1,0.0,1.0487347015825407e-05,-1.0487347015825407e-05
ibm ilog,Hard Skill,0,1,0.0,1.0487347015825407e-05,-1.0487347015825407e-05
ibm ilog cplex optimization studio,Hard Skill,0,1,0.0,1.0487347015825407e-05,-1.0487347015825407e-05
ibm ilog inventory analyst,Hard Skill,0,1,0.0,1.0487347015825407e-05,-1.0487347015825407e-05
sharetech tabs plus,Hard Skill,0,1,0.0,1.0487347015825407e-05,-1.0487347015825407e-05
sharpcam ltd. sharpcam,Hard Skill,0,1,0.0,1.0487347015825407e-05,-1.0487347015825407e-05
shilstone seemix,Hard Skill,0,1,0.0,1.0487347015825407e-05,-1.0487347015825407e-05
shiny,Hard Skill,0,1,0.0,1.0487347015825407e-05,-1.0487347015825407e-05
shipconstructor,Hard Skill,0,1,0.0,1.0487347015825407e-05,-1.0487347015825407e-05
serenic navigator communitycare,Hard Skill,0,1,0.0,1.0487347015825407e-05,-1.0487347015825407e-05
serenity software editor,Hard Skill,0,1,0.0,1.0487347015825407e-05,-1.0487347015825407e-05
serif pageplus,Hard Skill,0,1,0.0,1.0487347015825407e-05,-1.0487347015825407e-05
session initiation protocol sip,Hard Skill,0,1,0.0,1.0487347015825407e-05,-1.0487347015825407e-05
sgems,Hard Skill,0,1,0.0,1.0487347015825407e-05,-1.0487347015825407e-05
shafer service systems,Hard Skill,0,1,0.0,1.0487347015825407e-05,-1.0487347015825407e-05
shape software,Hard Skill,0,1,0.0,1.0487347015825407e-05,-1.0487347015825407e-05
sharedplan software sharedplan pro,Hard Skill,0,1,0.0,1.0487347015825407e-05,-1.0487347015825407e-05
ibm ilog logicnet plus xe,Hard Skill,0,1,0.0,1.0487347015825407e-05,-1.0487347015825407e-05
ibm information management system (ims),Hard Skill,0,1,0.0,1.0487347015825407e-05,-1.0487347015825407e-05
ibm infosphere information server,Hard Skill,0,1,0.0,1.0487347015825407e-05,-1.0487347015825407e-05
ibm infosphere warehouse,Hard Skill,0,1,0.0,1.0487347015825407e-05,-1.0487347015825407e-05
ibm intelligent miner,Hard Skill,0,1,0.0,1.0487347015825407e-05,-1.0487347015825407e-05
ibm judicial enforcement management system jems,Hard Skill,0,1,0.0,1.0487347015825407e-05,-1.0487347015825407e-05
ibm lotus learningspace,Hard Skill,0,1,0.0,1.0487347015825407e-05,-1.0487347015825407e-05
ibm lotus sametime,Hard Skill,0,1,0.0,1.0487347015825407e-05,-1.0487347015825407e-05
sendgrid,Hard Skill,0,1,0.0,1.0487347015825407e-05,-1.0487347015825407e-05
sendouts recruiting,Hard Skill,0,1,0.0,1.0487347015825407e-05,-1.0487347015825407e-05
sensory computer systems sims,Hard Skill,0,1,0.0,1.0487347015825407e-05,-1.0487347015825407e-05
sentai pinpoint,Hard Skill,0,1,0.0,1.0487347015825407e-05,-1.0487347015825407e-05
sentient online marketprice,Hard Skill,0,1,0.0,1.0487347015825407e-05,-1.0487347015825407e-05
ibm mvs,Hard Skill,0,1,0.0,1.0487347015825407e-05,-1.0487347015825407e-05
ibm netezza twinfin,Hard Skill,0,1,0.0,1.0487347015825407e-05,-1.0487347015825407e-05
ibm netview,Hard Skill,0,1,0.0,1.0487347015825407e-05,-1.0487347015825407e-05
ibm rational,Hard Skill,0,1,0.0,1.0487347015825407e-05,-1.0487347015825407e-05
ibm rational apex,Hard Skill,0,1,0.0,1.0487347015825407e-05,-1.0487347015825407e-05
ibm rational application developer,Hard Skill,0,1,0.0,1.0487347015825407e-05,-1.0487347015825407e-05
ibm rational doors,Hard Skill,0,1,0.0,1.0487347015825407e-05,-1.0487347015825407e-05
ibm rational functional tester,Hard Skill,0,1,0.0,1.0487347015825407e-05,-1.0487347015825407e-05
seoclarity,Hard Skill,0,1,0.0,1.0487347015825407e-05,-1.0487347015825407e-05
sequence database software,Hard Skill,0,1,0.0,1.0487347015825407e-05,-1.0487347015825407e-05
sequentix treeme,Hard Skill,0,1,0.0,1.0487347015825407e-05,-1.0487347015825407e-05
ibm rational system architect,Hard Skill,0,1,0.0,1.0487347015825407e-05,-1.0487347015825407e-05
ibm resource access control facility racf,Hard Skill,0,1,0.0,1.0487347015825407e-05,-1.0487347015825407e-05
ibm security network intrusion prevention system,Hard Skill,0,1,0.0,1.0487347015825407e-05,-1.0487347015825407e-05
ibm software configuration and library manager sclm,Hard Skill,0,1,0.0,1.0487347015825407e-05,-1.0487347015825407e-05
ibm spss answertree,Hard Skill,0,1,0.0,1.0487347015825407e-05,-1.0487347015825407e-05
"ibm sterling configure, price, quote",Hard Skill,0,1,0.0,1.0487347015825407e-05,-1.0487347015825407e-05
ibm tivoli access management tam,Hard Skill,0,1,0.0,1.0487347015825407e-05,-1.0487347015825407e-05
ibm tivoli identity management tim,Hard Skill,0,1,0.0,1.0487347015825407e-05,-1.0487347015825407e-05
segue silkperformer,Hard Skill,0,1,0.0,1.0487347015825407e-05,-1.0487347015825407e-05
seimens healthineers,Hard Skill,0,1,0.0,1.0487347015825407e-05,-1.0487347015825407e-05
seismic interpretation software,Hard Skill,0,1,0.0,1.0487347015825407e-05,-1.0487347015825407e-05
seismic visualization software,Hard Skill,0,1,0.0,1.0487347015825407e-05,-1.0487347015825407e-05
selectica contract performance management,Hard Skill,0,1,0.0,1.0487347015825407e-05,-1.0487347015825407e-05
semc-2d,Hard Skill,0,1,0.0,1.0487347015825407e-05,-1.0487347015825407e-05
semichem ampac,Hard Skill,0,1,0.0,1.0487347015825407e-05,-1.0487347015825407e-05
semrush,Hard Skill,0,1,0.0,1.0487347015825407e-05,-1.0487347015825407e-05
secure web gateway software,Hard Skill,0,1,0.0,1.0487347015825407e-05,-1.0487347015825407e-05
security risk assessment software,Hard Skill,0,1,0.0,1.0487347015825407e-05,-1.0487347015825407e-05
sedcad,Hard Skill,0,1,0.0,1.0487347015825407e-05,-1.0487347015825407e-05
seebyte seetrack,Hard Skill,0,1,0.0,1.0487347015825407e-05,-1.0487347015825407e-05
seeing machines facelab,Hard Skill,0,1,0.0,1.0487347015825407e-05,-1.0487347015825407e-05
seerite flash and match,Hard Skill,0,1,0.0,1.0487347015825407e-05,-1.0487347015825407e-05
ibm tivoli netview distribution manager,Hard Skill,0,1,0.0,1.0487347015825407e-05,-1.0487347015825407e-05
ibm unica enterprise,Hard Skill,0,1,0.0,1.0487347015825407e-05,-1.0487347015825407e-05
ibs mrp,Hard Skill,0,1,0.0,1.0487347015825407e-05,-1.0487347015825407e-05
ibs software services tour partner,Hard Skill,0,1,0.0,1.0487347015825407e-05,-1.0487347015825407e-05
ibs supply chain management,Hard Skill,0,1,0.0,1.0487347015825407e-05,-1.0487347015825407e-05
icam cam-post,Hard Skill,0,1,0.0,1.0487347015825407e-05,-1.0487347015825407e-05
icco creditsoft,Hard Skill,0,1,0.0,1.0487347015825407e-05,-1.0487347015825407e-05
ice dental systems,Hard Skill,0,1,0.0,1.0487347015825407e-05,-1.0487347015825407e-05
icims,Hard Skill,0,1,0.0,1.0487347015825407e-05,-1.0487347015825407e-05
ibm rational requirements composer,Hard Skill,0,1,0.0,1.0487347015825407e-05,-1.0487347015825407e-05
ikorb real estate,Hard Skill,0,1,0.0,1.0487347015825407e-05,-1.0487347015825407e-05
ilinc communications learnlinc,Hard Skill,0,1,0.0,1.0487347015825407e-05,-1.0487347015825407e-05
icode everest,Hard Skill,0,1,0.0,1.0487347015825407e-05,-1.0487347015825407e-05
ics software sammyusa,Hard Skill,0,1,0.0,1.0487347015825407e-05,-1.0487347015825407e-05
ictraining,Hard Skill,0,1,0.0,1.0487347015825407e-05,-1.0487347015825407e-05
idea trialpro,Hard Skill,0,1,0.0,1.0487347015825407e-05,-1.0487347015825407e-05
ideal computer systems ideal ope,Hard Skill,0,1,0.0,1.0487347015825407e-05,-1.0487347015825407e-05
ideas software & training ideas property clerk,Hard Skill,0,1,0.0,1.0487347015825407e-05,-1.0487347015825407e-05
idexx laboratories idexx vpm,Hard Skill,0,1,0.0,1.0487347015825407e-05,-1.0487347015825407e-05
idm computer solutions ultraedit,Hard Skill,0,1,0.0,1.0487347015825407e-05,-1.0487347015825407e-05
idms account ability,Hard Skill,0,1,0.0,1.0487347015825407e-05,-1.0487347015825407e-05
idx groupcast,Hard Skill,0,1,0.0,1.0487347015825407e-05,-1.0487347015825407e-05
seaworthy systems shipboard automated maintenance management samm,Hard Skill,0,1,0.0,1.0487347015825407e-05,-1.0487347015825407e-05
seco tools seco point,Hard Skill,0,1,0.0,1.0487347015825407e-05,-1.0487347015825407e-05
second foundation navimeat,Hard Skill,0,1,0.0,1.0487347015825407e-05,-1.0487347015825407e-05
secure internet filtering software,Hard Skill,0,1,0.0,1.0487347015825407e-05,-1.0487347015825407e-05
searchable online catalogs,Hard Skill,0,1,0.0,1.0487347015825407e-05,-1.0487347015825407e-05
searchmetrics suite,Hard Skill,0,1,0.0,1.0487347015825407e-05,-1.0487347015825407e-05
seasafe marine software seasafe,Hard Skill,0,1,0.0,1.0487347015825407e-05,-1.0487347015825407e-05
seasia consulting school wizard,Hard Skill,0,1,0.0,1.0487347015825407e-05,-1.0487347015825407e-05
iemployee,Hard Skill,0,1,0.0,1.0487347015825407e-05,-1.0487347015825407e-05
ies ecellerate,Hard Skill,0,1,0.0,1.0487347015825407e-05,-1.0487347015825407e-05
ifconfig,Hard Skill,0,1,0.0,1.0487347015825407e-05,-1.0487347015825407e-05
ifs applications for supply chain management,Hard Skill,0,1,0.0,1.0487347015825407e-05,-1.0487347015825407e-05
ift-pro,Hard Skill,0,1,0.0,1.0487347015825407e-05,-1.0487347015825407e-05
igrafx,Hard Skill,0,1,0.0,1.0487347015825407e-05,-1.0487347015825407e-05
ihrsr++,Hard Skill,0,1,0.0,1.0487347015825407e-05,-1.0487347015825407e-05
ihs energy powertools,Hard Skill,0,1,0.0,1.0487347015825407e-05,-1.0487347015825407e-05
ihs kingdom,Hard Skill,0,1,0.0,1.0487347015825407e-05,-1.0487347015825407e-05
ihs que$tor,Hard Skill,0,1,0.0,1.0487347015825407e-05,-1.0487347015825407e-05
ik multimedia groovemaker,Hard Skill,0,1,0.0,1.0487347015825407e-05,-1.0487347015825407e-05
ikon science rokdoc,Hard Skill,0,1,0.0,1.0487347015825407e-05,-1.0487347015825407e-05
image analysis systems,Hard Skill,0,1,0.0,1.0487347015825407e-05,-1.0487347015825407e-05
image capture and analysis software,Hard Skill,0,1,0.0,1.0487347015825407e-05,-1.0487347015825407e-05
image capture software,Hard Skill,0,1,0.0,1.0487347015825407e-05,-1.0487347015825407e-05
image databases,Hard Skill,0,1,0.0,1.0487347015825407e-05,-1.0487347015825407e-05
image deposit exchange check station,Hard Skill,0,1,0.0,1.0487347015825407e-05,-1.0487347015825407e-05
image exchange networks,Hard Skill,0,1,0.0,1.0487347015825407e-05,-1.0487347015825407e-05
image management software,Hard Skill,0,1,0.0,1.0487347015825407e-05,-1.0487347015825407e-05
scripting software,Hard Skill,0,1,0.0,1.0487347015825407e-05,-1.0487347015825407e-05
scriptperfection power writer,Hard Skill,0,1,0.0,1.0487347015825407e-05,-1.0487347015825407e-05
sda survey,Hard Skill,0,1,0.0,1.0487347015825407e-05,-1.0487347015825407e-05
sds software solutions daycare information systems pro,Hard Skill,0,1,0.0,1.0487347015825407e-05,-1.0487347015825407e-05
sea.artificial intelligence offshore one,Hard Skill,0,1,0.0,1.0487347015825407e-05,-1.0487347015825407e-05
seacoast laboratory data systems surroundlab ar,Hard Skill,0,1,0.0,1.0487347015825407e-05,-1.0487347015825407e-05
search engine marketing sem software,Hard Skill,0,1,0.0,1.0487347015825407e-05,-1.0487347015825407e-05
search engine optimization seo software,Hard Skill,0,1,0.0,1.0487347015825407e-05,-1.0487347015825407e-05
search engine results pages serp software,Hard Skill,0,1,0.0,1.0487347015825407e-05,-1.0487347015825407e-05
image processors,Hard Skill,0,1,0.0,1.0487347015825407e-05,-1.0487347015825407e-05
image replacement document ird printing software,Hard Skill,0,1,0.0,1.0487347015825407e-05,-1.0487347015825407e-05
image solutions ectdxpress,Hard Skill,0,1,0.0,1.0487347015825407e-05,-1.0487347015825407e-05
image solutions isipublisher,Hard Skill,0,1,0.0,1.0487347015825407e-05,-1.0487347015825407e-05
image-line fl studio,Hard Skill,0,1,0.0,1.0487347015825407e-05,-1.0487347015825407e-05
imagej,Hard Skill,0,1,0.0,1.0487347015825407e-05,-1.0487347015825407e-05
imagewave msdsfinder,Hard Skill,0,1,0.0,1.0487347015825407e-05,-1.0487347015825407e-05
imagine orthobase,Hard Skill,0,1,0.0,1.0487347015825407e-05,-1.0487347015825407e-05
imagine software imagine trading system,Hard Skill,0,1,0.0,1.0487347015825407e-05,-1.0487347015825407e-05
imagine that extend or,Hard Skill,0,1,0.0,1.0487347015825407e-05,-1.0487347015825407e-05
imaging software,Hard Skill,0,1,0.0,1.0487347015825407e-05,-1.0487347015825407e-05
imanage document management software,Hard Skill,0,1,0.0,1.0487347015825407e-05,-1.0487347015825407e-05
illusions online illusions ondemand,Hard Skill,0,1,0.0,1.0487347015825407e-05,-1.0487347015825407e-05
ilog cplex,Hard Skill,0,1,0.0,1.0487347015825407e-05,-1.0487347015825407e-05
ilog opl-cplex development system,Hard Skill,0,1,0.0,1.0487347015825407e-05,-1.0487347015825407e-05
ima technologies casetrakker,Hard Skill,0,1,0.0,1.0487347015825407e-05,-1.0487347015825407e-05
indysoft gage insite enterprise,Hard Skill,0,1,0.0,1.0487347015825407e-05,-1.0487347015825407e-05
immigrant software immigrant professional,Hard Skill,0,1,0.0,1.0487347015825407e-05,-1.0487347015825407e-05
impact applications impact,Hard Skill,0,1,0.0,1.0487347015825407e-05,-1.0487347015825407e-05
impact planlabx3,Hard Skill,0,1,0.0,1.0487347015825407e-05,-1.0487347015825407e-05
impact software,Hard Skill,0,1,0.0,1.0487347015825407e-05,-1.0487347015825407e-05
impact wealth distribution analysis,Hard Skill,0,1,0.0,1.0487347015825407e-05,-1.0487347015825407e-05
imperva securesphere,Hard Skill,0,1,0.0,1.0487347015825407e-05,-1.0487347015825407e-05
impro-visor,Hard Skill,0,1,0.0,1.0487347015825407e-05,-1.0487347015825407e-05
impromed infinity,Hard Skill,0,1,0.0,1.0487347015825407e-05,-1.0487347015825407e-05
ims specialty services ims digital office,Hard Skill,0,1,0.0,1.0487347015825407e-05,-1.0487347015825407e-05
ims travel agent reservation software system,Hard Skill,0,1,0.0,1.0487347015825407e-05,-1.0487347015825407e-05
imsi design designcad,Hard Skill,0,1,0.0,1.0487347015825407e-05,-1.0487347015825407e-05
imsure solutions shipflex,Hard Skill,0,1,0.0,1.0487347015825407e-05,-1.0487347015825407e-05
in-hand pocket apod,Hard Skill,0,1,0.0,1.0487347015825407e-05,-1.0487347015825407e-05
incentive management system software,Hard Skill,0,1,0.0,1.0487347015825407e-05,-1.0487347015825407e-05
inception technologies infinitime,Hard Skill,0,1,0.0,1.0487347015825407e-05,-1.0487347015825407e-05
scilab,Hard Skill,0,1,0.0,1.0487347015825407e-05,-1.0487347015825407e-05
scipy,Hard Skill,0,1,0.0,1.0487347015825407e-05,-1.0487347015825407e-05
sciquest pe turbochrom,Hard Skill,0,1,0.0,1.0487347015825407e-05,-1.0487347015825407e-05
scott systems maxxtraxx pro,Hard Skill,0,1,0.0,1.0487347015825407e-05,-1.0487347015825407e-05
screaming frog seo spider,Hard Skill,0,1,0.0,1.0487347015825407e-05,-1.0487347015825407e-05
income tax return preparation software,Hard Skill,0,1,0.0,1.0487347015825407e-05,-1.0487347015825407e-05
incore code,Hard Skill,0,1,0.0,1.0487347015825407e-05,-1.0487347015825407e-05
incremental compiler software,Hard Skill,0,1,0.0,1.0487347015825407e-05,-1.0487347015825407e-05
indata trialdirector,Hard Skill,0,1,0.0,1.0487347015825407e-05,-1.0487347015825407e-05
indigo renderer,Hard Skill,0,1,0.0,1.0487347015825407e-05,-1.0487347015825407e-05
indus lending solutions,Hard Skill,0,1,0.0,1.0487347015825407e-05,-1.0487347015825407e-05
industrial code recruitpoint.net,Hard Skill,0,1,0.0,1.0487347015825407e-05,-1.0487347015825407e-05
industrial control systems software,Hard Skill,0,1,0.0,1.0487347015825407e-05,-1.0487347015825407e-05
industrial job assessment software,Hard Skill,0,1,0.0,1.0487347015825407e-05,-1.0487347015825407e-05
industrial production manager and stock control software,Hard Skill,0,1,0.0,1.0487347015825407e-05,-1.0487347015825407e-05
industrial scientific inet,Hard Skill,0,1,0.0,1.0487347015825407e-05,-1.0487347015825407e-05
informatik mapdraw deed mapper,Hard Skill,0,1,0.0,1.0487347015825407e-05,-1.0487347015825407e-05
information management subsystem software,Hard Skill,0,1,0.0,1.0487347015825407e-05,-1.0487347015825407e-05
infermed macro electronic data capture,Hard Skill,0,1,0.0,1.0487347015825407e-05,-1.0487347015825407e-05
infinite radiology opal-rad,Hard Skill,0,1,0.0,1.0487347015825407e-05,-1.0487347015825407e-05
infinity cad systems autosculpt,Hard Skill,0,1,0.0,1.0487347015825407e-05,-1.0487347015825407e-05
infinityhr,Hard Skill,0,1,0.0,1.0487347015825407e-05,-1.0487347015825407e-05
infoblox netmri,Hard Skill,0,1,0.0,1.0487347015825407e-05,-1.0487347015825407e-05
infoblox security and networking software,Hard Skill,0,1,0.0,1.0487347015825407e-05,-1.0487347015825407e-05
infobright community edition ice,Hard Skill,0,1,0.0,1.0487347015825407e-05,-1.0487347015825407e-05
infocom jacs,Hard Skill,0,1,0.0,1.0487347015825407e-05,-1.0487347015825407e-05
infologix healthtrax engine,Hard Skill,0,1,0.0,1.0487347015825407e-05,-1.0487347015825407e-05
infor erp visual,Hard Skill,0,1,0.0,1.0487347015825407e-05,-1.0487347015825407e-05
scientific software international ssi lisrel,Hard Skill,0,1,0.0,1.0487347015825407e-05,-1.0487347015825407e-05
scientific software international testfact,Hard Skill,0,1,0.0,1.0487347015825407e-05,-1.0487347015825407e-05
sciforma,Hard Skill,0,1,0.0,1.0487347015825407e-05,-1.0487347015825407e-05
scigraphica,Hard Skill,0,1,0.0,1.0487347015825407e-05,-1.0487347015825407e-05
scientific software group vam2d,Hard Skill,0,1,0.0,1.0487347015825407e-05,-1.0487347015825407e-05
scientific software group winflow,Hard Skill,0,1,0.0,1.0487347015825407e-05,-1.0487347015825407e-05
scientific software group wintran,Hard Skill,0,1,0.0,1.0487347015825407e-05,-1.0487347015825407e-05
scientific software groupwhi unsat suite,Hard Skill,0,1,0.0,1.0487347015825407e-05,-1.0487347015825407e-05
scientific software groupwinfence,Hard Skill,0,1,0.0,1.0487347015825407e-05,-1.0487347015825407e-05
scientific software international bilog-mg,Hard Skill,0,1,0.0,1.0487347015825407e-05,-1.0487347015825407e-05
scientific software international multilog,Hard Skill,0,1,0.0,1.0487347015825407e-05,-1.0487347015825407e-05
scientific software international parscale,Hard Skill,0,1,0.0,1.0487347015825407e-05,-1.0487347015825407e-05
scientific software international ssi hierarchical linear and non-linear modeling hlm,Hard Skill,0,1,0.0,1.0487347015825407e-05,-1.0487347015825407e-05
infor global solutions esite,Hard Skill,0,1,0.0,1.0487347015825407e-05,-1.0487347015825407e-05
infor global solutions starbuilder,Hard Skill,0,1,0.0,1.0487347015825407e-05,-1.0487347015825407e-05
infor industrial essentials,Hard Skill,0,1,0.0,1.0487347015825407e-05,-1.0487347015825407e-05
infor scm,Hard Skill,0,1,0.0,1.0487347015825407e-05,-1.0487347015825407e-05
infor supply chain management,Hard Skill,0,1,0.0,1.0487347015825407e-05,-1.0487347015825407e-05
infor xa,Hard Skill,0,1,0.0,1.0487347015825407e-05,-1.0487347015825407e-05
informatica data explorer,Hard Skill,0,1,0.0,1.0487347015825407e-05,-1.0487347015825407e-05
inn-client server systems icss atrium,Hard Skill,0,1,0.0,1.0487347015825407e-05,-1.0487347015825407e-05
information services inc. ccc pathways appraisal solution,Hard Skill,0,1,0.0,1.0487347015825407e-05,-1.0487347015825407e-05
information technology incorporated premier teller,Hard Skill,0,1,0.0,1.0487347015825407e-05,-1.0487347015825407e-05
informationactive activedata for excel,Hard Skill,0,1,0.0,1.0487347015825407e-05,-1.0487347015825407e-05
informavet alis-vet,Hard Skill,0,1,0.0,1.0487347015825407e-05,-1.0487347015825407e-05
infosite technologies dispatch-mate,Hard Skill,0,1,0.0,1.0487347015825407e-05,-1.0487347015825407e-05
infosite technologies dm warehousing,Hard Skill,0,1,0.0,1.0487347015825407e-05,-1.0487347015825407e-05
infospectrum quick insure,Hard Skill,0,1,0.0,1.0487347015825407e-05,-1.0487347015825407e-05
infostat rimbase,Hard Skill,0,1,0.0,1.0487347015825407e-05,-1.0487347015825407e-05
infotronics attendance enterprise,Hard Skill,0,1,0.0,1.0487347015825407e-05,-1.0487347015825407e-05
infovision amlib,Hard Skill,0,1,0.0,1.0487347015825407e-05,-1.0487347015825407e-05
infusion management software,Hard Skill,0,1,0.0,1.0487347015825407e-05,-1.0487347015825407e-05
scientific software group stepmaster,Hard Skill,0,1,0.0,1.0487347015825407e-05,-1.0487347015825407e-05
scientific software group surf,Hard Skill,0,1,0.0,1.0487347015825407e-05,-1.0487347015825407e-05
scientific software group svflux,Hard Skill,0,1,0.0,1.0487347015825407e-05,-1.0487347015825407e-05
scientific software group tuflow,Hard Skill,0,1,0.0,1.0487347015825407e-05,-1.0487347015825407e-05
scientific software group slaem/mlaem,Hard Skill,0,1,0.0,1.0487347015825407e-05,-1.0487347015825407e-05
scientific software group soil vapor extraction biosve,Hard Skill,0,1,0.0,1.0487347015825407e-05,-1.0487347015825407e-05
scientific software group soilpara,Hard Skill,0,1,0.0,1.0487347015825407e-05,-1.0487347015825407e-05
scientific software group solutrans,Hard Skill,0,1,0.0,1.0487347015825407e-05,-1.0487347015825407e-05
ingenious proplan,Hard Skill,0,1,0.0,1.0487347015825407e-05,-1.0487347015825407e-05
ingenious prosched,Hard Skill,0,1,0.0,1.0487347015825407e-05,-1.0487347015825407e-05
ingenuity systems ingenuity pathways analysis,Hard Skill,0,1,0.0,1.0487347015825407e-05,-1.0487347015825407e-05
ingenuware coronerbase,Hard Skill,0,1,0.0,1.0487347015825407e-05,-1.0487347015825407e-05
inivis ac3d,Hard Skill,0,1,0.0,1.0487347015825407e-05,-1.0487347015825407e-05
injury sciences edr insight,Hard Skill,0,1,0.0,1.0487347015825407e-05,-1.0487347015825407e-05
injury tracking software,Hard Skill,0,1,0.0,1.0487347015825407e-05,-1.0487347015825407e-05
inlet technologies semaphore,Hard Skill,0,1,0.0,1.0487347015825407e-05,-1.0487347015825407e-05
inline code expander software,Hard Skill,0,1,0.0,1.0487347015825407e-05,-1.0487347015825407e-05
inloox,Hard Skill,0,1,0.0,1.0487347015825407e-05,-1.0487347015825407e-05
inmagic db/textworks,Hard Skill,0,1,0.0,1.0487347015825407e-05,-1.0487347015825407e-05
inmagic genie,Hard Skill,0,1,0.0,1.0487347015825407e-05,-1.0487347015825407e-05
insidesales.com,Hard Skill,0,1,0.0,1.0487347015825407e-05,-1.0487347015825407e-05
insightful corporation confirmit,Hard Skill,0,1,0.0,1.0487347015825407e-05,-1.0487347015825407e-05
inspection depot home guide system,Hard Skill,0,1,0.0,1.0487347015825407e-05,-1.0487347015825407e-05
inspection management system,Hard Skill,0,1,0.0,1.0487347015825407e-05,-1.0487347015825407e-05
scientific software group mohrview,Hard Skill,0,1,0.0,1.0487347015825407e-05,-1.0487347015825407e-05
scientific software group mover,Hard Skill,0,1,0.0,1.0487347015825407e-05,-1.0487347015825407e-05
scientific software group ms-vms,Hard Skill,0,1,0.0,1.0487347015825407e-05,-1.0487347015825407e-05
scientific software group mt3d99,Hard Skill,0,1,0.0,1.0487347015825407e-05,-1.0487347015825407e-05
scientific software group oilvol,Hard Skill,0,1,0.0,1.0487347015825407e-05,-1.0487347015825407e-05
scientific software group pollute,Hard Skill,0,1,0.0,1.0487347015825407e-05,-1.0487347015825407e-05
scientific software group qhm,Hard Skill,0,1,0.0,1.0487347015825407e-05,-1.0487347015825407e-05
scientific software group quicksoil,Hard Skill,0,1,0.0,1.0487347015825407e-05,-1.0487347015825407e-05
scientific software group risc workbench,Hard Skill,0,1,0.0,1.0487347015825407e-05,-1.0487347015825407e-05
scientific software group rmt,Hard Skill,0,1,0.0,1.0487347015825407e-05,-1.0487347015825407e-05
scientific software group sequence,Hard Skill,0,1,0.0,1.0487347015825407e-05,-1.0487347015825407e-05
scientific software group sesoil,Hard Skill,0,1,0.0,1.0487347015825407e-05,-1.0487347015825407e-05
inspection selection system iss,Hard Skill,0,1,0.0,1.0487347015825407e-05,-1.0487347015825407e-05
installalogy access client,Hard Skill,0,1,0.0,1.0487347015825407e-05,-1.0487347015825407e-05
1003 uniform residential loan application,Hard Skill,0,1,0.0,1.0487347015825407e-05,-1.0487347015825407e-05
installshield,Hard Skill,0,1,0.0,1.0487347015825407e-05,-1.0487347015825407e-05
instar orion,Hard Skill,0,1,0.0,1.0487347015825407e-05,-1.0487347015825407e-05
instrument control software,Hard Skill,0,1,0.0,1.0487347015825407e-05,-1.0487347015825407e-05
instrument validation software,Hard Skill,0,1,0.0,1.0487347015825407e-05,-1.0487347015825407e-05
insurance analysis software,Hard Skill,0,1,0.0,1.0487347015825407e-05,-1.0487347015825407e-05
insurance claim processing software,Hard Skill,0,1,0.0,1.0487347015825407e-05,-1.0487347015825407e-05
innovative business computer solutions spa/salon manager,Hard Skill,0,1,0.0,1.0487347015825407e-05,-1.0487347015825407e-05
innovative software inn-soft office manager,Hard Skill,0,1,0.0,1.0487347015825407e-05,-1.0487347015825407e-05
innovative software solutions picas,Hard Skill,0,1,0.0,1.0487347015825407e-05,-1.0487347015825407e-05
innovmetric polyworks,Hard Skill,0,1,0.0,1.0487347015825407e-05,-1.0487347015825407e-05
innquest roommaster,Hard Skill,0,1,0.0,1.0487347015825407e-05,-1.0487347015825407e-05
innquest software roommaster,Hard Skill,0,1,0.0,1.0487347015825407e-05,-1.0487347015825407e-05
inphase technologies group inphase concept,Hard Skill,0,1,0.0,1.0487347015825407e-05,-1.0487347015825407e-05
integrated parking solutions mapp,Hard Skill,0,1,0.0,1.0487347015825407e-05,-1.0487347015825407e-05
integrity verification software,Hard Skill,0,1,0.0,1.0487347015825407e-05,-1.0487347015825407e-05
insurance claims fraud detection software,Hard Skill,0,1,0.0,1.0487347015825407e-05,-1.0487347015825407e-05
insurance systems webwriter backoffice,Hard Skill,0,1,0.0,1.0487347015825407e-05,-1.0487347015825407e-05
insurance technologies corporation insurancepro,Hard Skill,0,1,0.0,1.0487347015825407e-05,-1.0487347015825407e-05
insurance technologies foresight enterprise,Hard Skill,0,1,0.0,1.0487347015825407e-05,-1.0487347015825407e-05
insurance technology consultants wow,Hard Skill,0,1,0.0,1.0487347015825407e-05,-1.0487347015825407e-05
insureware icrfs-elrf,Hard Skill,0,1,0.0,1.0487347015825407e-05,-1.0487347015825407e-05
insystems calligo document management system,Hard Skill,0,1,0.0,1.0487347015825407e-05,-1.0487347015825407e-05
insystems calligo enterprise,Hard Skill,0,1,0.0,1.0487347015825407e-05,-1.0487347015825407e-05
intac international wintac,Hard Skill,0,1,0.0,1.0487347015825407e-05,-1.0487347015825407e-05
intacct erp,Hard Skill,0,1,0.0,1.0487347015825407e-05,-1.0487347015825407e-05
integra destiny loan origination,Hard Skill,0,1,0.0,1.0487347015825407e-05,-1.0487347015825407e-05
integrant debtlogic,Hard Skill,0,1,0.0,1.0487347015825407e-05,-1.0487347015825407e-05
integrated circuit simulation software,Hard Skill,0,1,0.0,1.0487347015825407e-05,-1.0487347015825407e-05
inspection marking systems,Hard Skill,0,1,0.0,1.0487347015825407e-05,-1.0487347015825407e-05
scientific software group modflowt,Hard Skill,0,1,0.0,1.0487347015825407e-05,-1.0487347015825407e-05
scientific software group modpump,Hard Skill,0,1,0.0,1.0487347015825407e-05,-1.0487347015825407e-05
scientific software group modret,Hard Skill,0,1,0.0,1.0487347015825407e-05,-1.0487347015825407e-05
scientific software group modtech,Hard Skill,0,1,0.0,1.0487347015825407e-05,-1.0487347015825407e-05
scientific software group mofat,Hard Skill,0,1,0.0,1.0487347015825407e-05,-1.0487347015825407e-05
integrated construction management software,Hard Skill,0,1,0.0,1.0487347015825407e-05,-1.0487347015825407e-05
integrated decision support corporation expert fuel,Hard Skill,0,1,0.0,1.0487347015825407e-05,-1.0487347015825407e-05
integrated decision support corporation netwise supply chain,Hard Skill,0,1,0.0,1.0487347015825407e-05,-1.0487347015825407e-05
integrated decision support corporation route advice,Hard Skill,0,1,0.0,1.0487347015825407e-05,-1.0487347015825407e-05
integrated decision support corporation swap advice,Hard Skill,0,1,0.0,1.0487347015825407e-05,-1.0487347015825407e-05
integrated decision support match advice,Hard Skill,0,1,0.0,1.0487347015825407e-05,-1.0487347015825407e-05
integrated decision support netwise enterprise,Hard Skill,0,1,0.0,1.0487347015825407e-05,-1.0487347015825407e-05
integrated decision support netwise frontline,Hard Skill,0,1,0.0,1.0487347015825407e-05,-1.0487347015825407e-05
integrated environmental services 3d master,Hard Skill,0,1,0.0,1.0487347015825407e-05,-1.0487347015825407e-05
integrated management systems food connex cloud,Hard Skill,0,1,0.0,1.0487347015825407e-05,-1.0487347015825407e-05
integrated materials management systems,Hard Skill,0,1,0.0,1.0487347015825407e-05,-1.0487347015825407e-05
intelitek spectracam turning,Hard Skill,0,1,0.0,1.0487347015825407e-05,-1.0487347015825407e-05
intelius,Hard Skill,0,1,0.0,1.0487347015825407e-05,-1.0487347015825407e-05
intellicad,Hard Skill,0,1,0.0,1.0487347015825407e-05,-1.0487347015825407e-05
intelligen superpro designer,Hard Skill,0,1,0.0,1.0487347015825407e-05,-1.0487347015825407e-05
intelligent algorithms infogist platinum recruiter,Hard Skill,0,1,0.0,1.0487347015825407e-05,-1.0487347015825407e-05
intelligent editing perfectit,Hard Skill,0,1,0.0,1.0487347015825407e-05,-1.0487347015825407e-05
intelligent imaging innovations slidebook,Hard Skill,0,1,0.0,1.0487347015825407e-05,-1.0487347015825407e-05
intelligenz solutions intellispa,Hard Skill,0,1,0.0,1.0487347015825407e-05,-1.0487347015825407e-05
intelligrated incontrolware,Hard Skill,0,1,0.0,1.0487347015825407e-05,-1.0487347015825407e-05
scientific software group gflow,Hard Skill,0,1,0.0,1.0487347015825407e-05,-1.0487347015825407e-05
scientific software group hydrogeo analyst,Hard Skill,0,1,0.0,1.0487347015825407e-05,-1.0487347015825407e-05
scientific software group hydrogeochem,Hard Skill,0,1,0.0,1.0487347015825407e-05,-1.0487347015825407e-05
scientific software group mars 2-d/3-d,Hard Skill,0,1,0.0,1.0487347015825407e-05,-1.0487347015825407e-05
scientific software group miduss,Hard Skill,0,1,0.0,1.0487347015825407e-05,-1.0487347015825407e-05
scientific software group minteqa2,Hard Skill,0,1,0.0,1.0487347015825407e-05,-1.0487347015825407e-05
scientific software group mocdense,Hard Skill,0,1,0.0,1.0487347015825407e-05,-1.0487347015825407e-05
intellimed,Hard Skill,0,1,0.0,1.0487347015825407e-05,-1.0487347015825407e-05
intellipdf curves,Hard Skill,0,1,0.0,1.0487347015825407e-05,-1.0487347015825407e-05
intellisense intellisuite,Hard Skill,0,1,0.0,1.0487347015825407e-05,-1.0487347015825407e-05
intellisys project desktop,Hard Skill,0,1,0.0,1.0487347015825407e-05,-1.0487347015825407e-05
intellitrack dms check in-out,Hard Skill,0,1,0.0,1.0487347015825407e-05,-1.0487347015825407e-05
inteproc material requirements planning,Hard Skill,0,1,0.0,1.0487347015825407e-05,-1.0487347015825407e-05
intera systems hawk-i,Hard Skill,0,1,0.0,1.0487347015825407e-05,-1.0487347015825407e-05
interactelsevier netter's 3d interactive anatomy,Hard Skill,0,1,0.0,1.0487347015825407e-05,-1.0487347015825407e-05
interactive learning software,Hard Skill,0,1,0.0,1.0487347015825407e-05,-1.0487347015825407e-05
interactive mathematical proof system imps,Hard Skill,0,1,0.0,1.0487347015825407e-05,-1.0487347015825407e-05
interactive personnel electronic records management system iperms,Hard Skill,0,1,0.0,1.0487347015825407e-05,-1.0487347015825407e-05
intel data migration software,Hard Skill,0,1,0.0,1.0487347015825407e-05,-1.0487347015825407e-05
intel integrated performance primitives,Hard Skill,0,1,0.0,1.0487347015825407e-05,-1.0487347015825407e-05
intel math kernel library,Hard Skill,0,1,0.0,1.0487347015825407e-05,-1.0487347015825407e-05
intelext past masters,Hard Skill,0,1,0.0,1.0487347015825407e-05,-1.0487347015825407e-05
intelitek spectracam milling,Hard Skill,0,1,0.0,1.0487347015825407e-05,-1.0487347015825407e-05
scientific software group chasm,Hard Skill,0,1,0.0,1.0487347015825407e-05,-1.0487347015825407e-05
scientific software group chemgraph,Hard Skill,0,1,0.0,1.0487347015825407e-05,-1.0487347015825407e-05
scientific software group dtm,Hard Skill,0,1,0.0,1.0487347015825407e-05,-1.0487347015825407e-05
scientific software group enviro-base pro,Hard Skill,0,1,0.0,1.0487347015825407e-05,-1.0487347015825407e-05
scientific software group enviroscape,Hard Skill,0,1,0.0,1.0487347015825407e-05,-1.0487347015825407e-05
scientific software group evs,Hard Skill,0,1,0.0,1.0487347015825407e-05,-1.0487347015825407e-05
interactive radar analysis software iras,Hard Skill,0,1,0.0,1.0487347015825407e-05,-1.0487347015825407e-05
interconsult brann g-jet,Hard Skill,0,1,0.0,1.0487347015825407e-05,-1.0487347015825407e-05
interface computers data loader,Hard Skill,0,1,0.0,1.0487347015825407e-05,-1.0487347015825407e-05
intergraph geomedia transportation manager,Hard Skill,0,1,0.0,1.0487347015825407e-05,-1.0487347015825407e-05
intergraph image analyst,Hard Skill,0,1,0.0,1.0487347015825407e-05,-1.0487347015825407e-05
intergraph intools,Hard Skill,0,1,0.0,1.0487347015825407e-05,-1.0487347015825407e-05
intergraph plant design system pds,Hard Skill,0,1,0.0,1.0487347015825407e-05,-1.0487347015825407e-05
intergraph smartmarine 3d,Hard Skill,0,1,0.0,1.0487347015825407e-05,-1.0487347015825407e-05
interlinkone,Hard Skill,0,1,0.0,1.0487347015825407e-05,-1.0487347015825407e-05
intermediate system to intermediate system is-is,Hard Skill,0,1,0.0,1.0487347015825407e-05,-1.0487347015825407e-05
internet grievance system igs,Hard Skill,0,1,0.0,1.0487347015825407e-05,-1.0487347015825407e-05
internet protocol security ipsec,Hard Skill,0,1,0.0,1.0487347015825407e-05,-1.0487347015825407e-05
internet protocol television systems,Hard Skill,0,1,0.0,1.0487347015825407e-05,-1.0487347015825407e-05
internet search engine software,Hard Skill,0,1,0.0,1.0487347015825407e-05,-1.0487347015825407e-05
interpex ixid,Hard Skill,0,1,0.0,1.0487347015825407e-05,-1.0487347015825407e-05
interpreter software,Hard Skill,0,1,0.0,1.0487347015825407e-05,-1.0487347015825407e-05
scientific software group aqua3d,Hard Skill,0,1,0.0,1.0487347015825407e-05,-1.0487347015825407e-05
scientific software group aquadyn,Hard Skill,0,1,0.0,1.0487347015825407e-05,-1.0487347015825407e-05
scientific software group aquasea,Hard Skill,0,1,0.0,1.0487347015825407e-05,-1.0487347015825407e-05
scientific software group aquifer win32,Hard Skill,0,1,0.0,1.0487347015825407e-05,-1.0487347015825407e-05
scientific software group aquipack,Hard Skill,0,1,0.0,1.0487347015825407e-05,-1.0487347015825407e-05
scientific software group at123d,Hard Skill,0,1,0.0,1.0487347015825407e-05,-1.0487347015825407e-05
scientific software group bio1d,Hard Skill,0,1,0.0,1.0487347015825407e-05,-1.0487347015825407e-05
scientific software group biof&t,Hard Skill,0,1,0.0,1.0487347015825407e-05,-1.0487347015825407e-05
scientific software group bioslurp,Hard Skill,0,1,0.0,1.0487347015825407e-05,-1.0487347015825407e-05
scientific software group biotrends,Hard Skill,0,1,0.0,1.0487347015825407e-05,-1.0487347015825407e-05
interstudio geo-tec b,Hard Skill,0,1,0.0,1.0487347015825407e-05,-1.0487347015825407e-05
interuniversity consortium for political and social research (icpsr) database,Hard Skill,0,1,0.0,1.0487347015825407e-05,-1.0487347015825407e-05
interviewer software,Hard Skill,0,1,0.0,1.0487347015825407e-05,-1.0487347015825407e-05
interwave technology rs bizware scheduler,Hard Skill,0,1,0.0,1.0487347015825407e-05,-1.0487347015825407e-05
interwoven recordsmanager,Hard Skill,0,1,0.0,1.0487347015825407e-05,-1.0487347015825407e-05
intland software codebeamer,Hard Skill,0,1,0.0,1.0487347015825407e-05,-1.0487347015825407e-05
intravet,Hard Skill,0,1,0.0,1.0487347015825407e-05,-1.0487347015825407e-05
intuit lacerte,Hard Skill,0,1,0.0,1.0487347015825407e-05,-1.0487347015825407e-05
intuit mri residential,Hard Skill,0,1,0.0,1.0487347015825407e-05,-1.0487347015825407e-05
intermine,Hard Skill,0,1,0.0,1.0487347015825407e-05,-1.0487347015825407e-05
internal audit software,Hard Skill,0,1,0.0,1.0487347015825407e-05,-1.0487347015825407e-05
international centre for diffraction data icdd ddview,Hard Skill,0,1,0.0,1.0487347015825407e-05,-1.0487347015825407e-05
international material data system imds,Hard Skill,0,1,0.0,1.0487347015825407e-05,-1.0487347015825407e-05
international response technologies cowchip - ranch house,Hard Skill,0,1,0.0,1.0487347015825407e-05,-1.0487347015825407e-05
international technegroup igesworks,Hard Skill,0,1,0.0,1.0487347015825407e-05,-1.0487347015825407e-05
internet based mls database software,Hard Skill,0,1,0.0,1.0487347015825407e-05,-1.0487347015825407e-05
scholarcare,Hard Skill,0,1,0.0,1.0487347015825407e-05,-1.0487347015825407e-05
school attendance keeper,Hard Skill,0,1,0.0,1.0487347015825407e-05,-1.0487347015825407e-05
schooldesx,Hard Skill,0,1,0.0,1.0487347015825407e-05,-1.0487347015825407e-05
zephyr extra! terminal emulation,Hard Skill,0,1,0.0,1.0487347015825407e-05,-1.0487347015825407e-05
science educational software,Hard Skill,0,1,0.0,1.0487347015825407e-05,-1.0487347015825407e-05
scientech safety monitor,Hard Skill,0,1,0.0,1.0487347015825407e-05,-1.0487347015825407e-05
scientech winnupra,Hard Skill,0,1,0.0,1.0487347015825407e-05,-1.0487347015825407e-05
scientific analysis software,Hard Skill,0,1,0.0,1.0487347015825407e-05,-1.0487347015825407e-05
scientific software group 3dfatmic,Hard Skill,0,1,0.0,1.0487347015825407e-05,-1.0487347015825407e-05
scientific software group 3dfemfat,Hard Skill,0,1,0.0,1.0487347015825407e-05,-1.0487347015825407e-05
intuit quickboooks payments,Hard Skill,0,1,0.0,1.0487347015825407e-05,-1.0487347015825407e-05
intusoft icap,Hard Skill,0,1,0.0,1.0487347015825407e-05,-1.0487347015825407e-05
inventrix labtrac,Hard Skill,0,1,0.0,1.0487347015825407e-05,-1.0487347015825407e-05
investigation management software,Hard Skill,0,1,0.0,1.0487347015825407e-05,-1.0487347015825407e-05
investigo,Hard Skill,0,1,0.0,1.0487347015825407e-05,-1.0487347015825407e-05
investment and business valuation template software,Hard Skill,0,1,0.0,1.0487347015825407e-05,-1.0487347015825407e-05
schlumberger geoframe,Hard Skill,0,1,0.0,1.0487347015825407e-05,-1.0487347015825407e-05
schlumberger inside reality,Hard Skill,0,1,0.0,1.0487347015825407e-05,-1.0487347015825407e-05
schlumberger pipesim,Hard Skill,0,1,0.0,1.0487347015825407e-05,-1.0487347015825407e-05
investment tracking software,Hard Skill,0,1,0.0,1.0487347015825407e-05,-1.0487347015825407e-05
invicti acunetix,Hard Skill,0,1,0.0,1.0487347015825407e-05,-1.0487347015825407e-05
invoice software,Hard Skill,0,1,0.0,1.0487347015825407e-05,-1.0487347015825407e-05
iona orbix,Hard Skill,0,1,0.0,1.0487347015825407e-05,-1.0487347015825407e-05
ipconfig,Hard Skill,0,1,0.0,1.0487347015825407e-05,-1.0487347015825407e-05
ipfilter,Hard Skill,0,1,0.0,1.0487347015825407e-05,-1.0487347015825407e-05
iphotomeasure,Hard Skill,0,1,0.0,1.0487347015825407e-05,-1.0487347015825407e-05
ips of boston doublecheck,Hard Skill,0,1,0.0,1.0487347015825407e-05,-1.0487347015825407e-05
ips-sendero relationship profitability manager catalyst,Hard Skill,0,1,0.0,1.0487347015825407e-05,-1.0487347015825407e-05
ipswitch whatsup gold,Hard Skill,0,1,0.0,1.0487347015825407e-05,-1.0487347015825407e-05
schlumberger pvti,Hard Skill,0,1,0.0,1.0487347015825407e-05,-1.0487347015825407e-05
schneider electric citectscada,Hard Skill,0,1,0.0,1.0487347015825407e-05,-1.0487347015825407e-05
schneider electric direct coordination,Hard Skill,0,1,0.0,1.0487347015825407e-05,-1.0487347015825407e-05
ironcad,Hard Skill,0,1,0.0,1.0487347015825407e-05,-1.0487347015825407e-05
irs-aims mars,Hard Skill,0,1,0.0,1.0487347015825407e-05,-1.0487347015825407e-05
irsim,Hard Skill,0,1,0.0,1.0487347015825407e-05,-1.0487347015825407e-05
iseemedia photovista panorama,Hard Skill,0,1,0.0,1.0487347015825407e-05,-1.0487347015825407e-05
iship,Hard Skill,0,1,0.0,1.0487347015825407e-05,-1.0487347015825407e-05
iso claimsearch,Hard Skill,0,1,0.0,1.0487347015825407e-05,-1.0487347015825407e-05
iso netmap for claims,Hard Skill,0,1,0.0,1.0487347015825407e-05,-1.0487347015825407e-05
isograph faulttree,Hard Skill,0,1,0.0,1.0487347015825407e-05,-1.0487347015825407e-05
scc soft computer softdonor,Hard Skill,0,1,0.0,1.0487347015825407e-05,-1.0487347015825407e-05
scc soft computer softpath,Hard Skill,0,1,0.0,1.0487347015825407e-05,-1.0487347015825407e-05
scenarionow retirenow,Hard Skill,0,1,0.0,1.0487347015825407e-05,-1.0487347015825407e-05
scheduleview,Hard Skill,0,1,0.0,1.0487347015825407e-05,-1.0487347015825407e-05
scheduling databases,Hard Skill,0,1,0.0,1.0487347015825407e-05,-1.0487347015825407e-05
schematic capture software,Hard Skill,0,1,0.0,1.0487347015825407e-05,-1.0487347015825407e-05
schematic editors,Hard Skill,0,1,0.0,1.0487347015825407e-05,-1.0487347015825407e-05
schlumberger eclipse,Hard Skill,0,1,0.0,1.0487347015825407e-05,-1.0487347015825407e-05
iss realsecure,Hard Skill,0,1,0.0,1.0487347015825407e-05,-1.0487347015825407e-05
issue tracking system software,Hard Skill,0,1,0.0,1.0487347015825407e-05,-1.0487347015825407e-05
isystems evolution payroll and tax management,Hard Skill,0,1,0.0,1.0487347015825407e-05,-1.0487347015825407e-05
itc integrated land and water information system ilwis,Hard Skill,0,1,0.0,1.0487347015825407e-05,-1.0487347015825407e-05
item software item toolkit,Hard Skill,0,1,0.0,1.0487347015825407e-05,-1.0487347015825407e-05
item software spare cost,Hard Skill,0,1,0.0,1.0487347015825407e-05,-1.0487347015825407e-05
iteris turbo architecture,Hard Skill,0,1,0.0,1.0487347015825407e-05,-1.0487347015825407e-05
ithaka jstor,Hard Skill,0,1,0.0,1.0487347015825407e-05,-1.0487347015825407e-05
itspatial interscope,Hard Skill,0,1,0.0,1.0487347015825407e-05,-1.0487347015825407e-05
iptables,Hard Skill,0,1,0.0,1.0487347015825407e-05,-1.0487347015825407e-05
iptor supply chain,Hard Skill,0,1,0.0,1.0487347015825407e-05,-1.0487347015825407e-05
iqmetrix rq4 retail management system,Hard Skill,0,1,0.0,1.0487347015825407e-05,-1.0487347015825407e-05
irealty manager,Hard Skill,0,1,0.0,1.0487347015825407e-05,-1.0487347015825407e-05
irez systems rezware xp7,Hard Skill,0,1,0.0,1.0487347015825407e-05,-1.0487347015825407e-05
iris,Hard Skill,0,1,0.0,1.0487347015825407e-05,-1.0487347015825407e-05
iris seismic processing workshop,Hard Skill,0,1,0.0,1.0487347015825407e-05,-1.0487347015825407e-05
jda software group assortment planning by arthur,Hard Skill,0,1,0.0,1.0487347015825407e-05,-1.0487347015825407e-05
iview systems,Hard Skill,0,1,0.0,1.0487347015825407e-05,-1.0487347015825407e-05
iwr-plan,Hard Skill,0,1,0.0,1.0487347015825407e-05,-1.0487347015825407e-05
ixl learning quia web,Hard Skill,0,1,0.0,1.0487347015825407e-05,-1.0487347015825407e-05
izotope ozone,Hard Skill,0,1,0.0,1.0487347015825407e-05,-1.0487347015825407e-05
zemax optical design program,Hard Skill,0,1,0.0,1.0487347015825407e-05,-1.0487347015825407e-05
j&l financial planner,Hard Skill,0,1,0.0,1.0487347015825407e-05,-1.0487347015825407e-05
j2 global communications onebox,Hard Skill,0,1,0.0,1.0487347015825407e-05,-1.0487347015825407e-05
jacal,Hard Skill,0,1,0.0,1.0487347015825407e-05,-1.0487347015825407e-05
jack henry & associates vertex,Hard Skill,0,1,0.0,1.0487347015825407e-05,-1.0487347015825407e-05
jackbeat,Hard Skill,0,1,0.0,1.0487347015825407e-05,-1.0487347015825407e-05
jackrabbit technologies jackrabbit care,Hard Skill,0,1,0.0,1.0487347015825407e-05,-1.0487347015825407e-05
jalada gmbh just translate,Hard Skill,0,1,0.0,1.0487347015825407e-05,-1.0487347015825407e-05
jamar technologies petrapro,Hard Skill,0,1,0.0,1.0487347015825407e-05,-1.0487347015825407e-05
isolved time,Hard Skill,0,1,0.0,1.0487347015825407e-05,-1.0487347015825407e-05
iss construction manager,Hard Skill,0,1,0.0,1.0487347015825407e-05,-1.0487347015825407e-05
scalable vector graphics svg,Hard Skill,0,1,0.0,1.0487347015825407e-05,-1.0487347015825407e-05
scale origen-s point depletion and decay code,Hard Skill,0,1,0.0,1.0487347015825407e-05,-1.0487347015825407e-05
scanlon associates logpak,Hard Skill,0,1,0.0,1.0487347015825407e-05,-1.0487347015825407e-05
scanner imaging software,Hard Skill,0,1,0.0,1.0487347015825407e-05,-1.0487347015825407e-05
scansoft paperport pro,Hard Skill,0,1,0.0,1.0487347015825407e-05,-1.0487347015825407e-05
scantron technologies elisten,Hard Skill,0,1,0.0,1.0487347015825407e-05,-1.0487347015825407e-05
scc soft computer softa/r,Hard Skill,0,1,0.0,1.0487347015825407e-05,-1.0487347015825407e-05
scc soft computer softbank,Hard Skill,0,1,0.0,1.0487347015825407e-05,-1.0487347015825407e-05
jambw,Hard Skill,0,1,0.0,1.0487347015825407e-05,-1.0487347015825407e-05
jantek electronics jupiter time & attendance,Hard Skill,0,1,0.0,1.0487347015825407e-05,-1.0487347015825407e-05
jantek jupiter time attendance,Hard Skill,0,1,0.0,1.0487347015825407e-05,-1.0487347015825407e-05
jaspersoft business intelligence suite,Hard Skill,0,1,0.0,1.0487347015825407e-05,-1.0487347015825407e-05
javamin composer,Hard Skill,0,1,0.0,1.0487347015825407e-05,-1.0487347015825407e-05
jda arthur knowledgebase database,Hard Skill,0,1,0.0,1.0487347015825407e-05,-1.0487347015825407e-05
jda master planning,Hard Skill,0,1,0.0,1.0487347015825407e-05,-1.0487347015825407e-05
jda software group advanced warehouse replenishment by e3,Hard Skill,0,1,0.0,1.0487347015825407e-05,-1.0487347015825407e-05
johnson controls metasys,Hard Skill,0,1,0.0,1.0487347015825407e-05,-1.0487347015825407e-05
jenark business systems,Hard Skill,0,1,0.0,1.0487347015825407e-05,-1.0487347015825407e-05
jenmar international dl-plus,Hard Skill,0,1,0.0,1.0487347015825407e-05,-1.0487347015825407e-05
jenss & associates compkeeper,Hard Skill,0,1,0.0,1.0487347015825407e-05,-1.0487347015825407e-05
jenzabar erp,Hard Skill,0,1,0.0,1.0487347015825407e-05,-1.0487347015825407e-05
jeppesen marine nobeltec admiral,Hard Skill,0,1,0.0,1.0487347015825407e-05,-1.0487347015825407e-05
jessx stock simulator software,Hard Skill,0,1,0.0,1.0487347015825407e-05,-1.0487347015825407e-05
jest,Hard Skill,0,1,0.0,1.0487347015825407e-05,-1.0487347015825407e-05
jet,Hard Skill,0,1,0.0,1.0487347015825407e-05,-1.0487347015825407e-05
jetbrains intellij idea,Hard Skill,0,1,0.0,1.0487347015825407e-05,-1.0487347015825407e-05
jetbrains team city,Hard Skill,0,1,0.0,1.0487347015825407e-05,-1.0487347015825407e-05
jetcam expert,Hard Skill,0,1,0.0,1.0487347015825407e-05,-1.0487347015825407e-05
jewelry design software,Hard Skill,0,1,0.0,1.0487347015825407e-05,-1.0487347015825407e-05
sbc systems benefits workstation,Hard Skill,0,1,0.0,1.0487347015825407e-05,-1.0487347015825407e-05
scadex technologies maestro,Hard Skill,0,1,0.0,1.0487347015825407e-05,-1.0487347015825407e-05
zedx agfleet,Hard Skill,0,1,0.0,1.0487347015825407e-05,-1.0487347015825407e-05
savingface,Hard Skill,0,1,0.0,1.0487347015825407e-05,-1.0487347015825407e-05
savitr recruitx,Hard Skill,0,1,0.0,1.0487347015825407e-05,-1.0487347015825407e-05
sawhney execplan,Hard Skill,0,1,0.0,1.0487347015825407e-05,-1.0487347015825407e-05
sawtooth choice-base conjoint cbs,Hard Skill,0,1,0.0,1.0487347015825407e-05,-1.0487347015825407e-05
sawtooth composite product mapping cpm,Hard Skill,0,1,0.0,1.0487347015825407e-05,-1.0487347015825407e-05
jewelry store point of sale pos software,Hard Skill,0,1,0.0,1.0487347015825407e-05,-1.0487347015825407e-05
jfrog artifactory,Hard Skill,0,1,0.0,1.0487347015825407e-05,-1.0487347015825407e-05
jhdl,Hard Skill,0,1,0.0,1.0487347015825407e-05,-1.0487347015825407e-05
jms software rcm worksaver,Hard Skill,0,1,0.0,1.0487347015825407e-05,-1.0487347015825407e-05
job posting software,Hard Skill,0,1,0.0,1.0487347015825407e-05,-1.0487347015825407e-05
job scheduling software,Hard Skill,0,1,0.0,1.0487347015825407e-05,-1.0487347015825407e-05
job tracking software,Hard Skill,0,1,0.0,1.0487347015825407e-05,-1.0487347015825407e-05
jobber computer plus,Hard Skill,0,1,0.0,1.0487347015825407e-05,-1.0487347015825407e-05
jobboss,Hard Skill,0,1,0.0,1.0487347015825407e-05,-1.0487347015825407e-05
jobpack mes scheduler,Hard Skill,0,1,0.0,1.0487347015825407e-05,-1.0487347015825407e-05
john hesselberth and ron roy glazemaster,Hard Skill,0,1,0.0,1.0487347015825407e-05,-1.0487347015825407e-05
jstor database,Hard Skill,0,1,0.0,1.0487347015825407e-05,-1.0487347015825407e-05
jtl enterprises medintake,Hard Skill,0,1,0.0,1.0487347015825407e-05,-1.0487347015825407e-05
judgeit ii,Hard Skill,0,1,0.0,1.0487347015825407e-05,-1.0487347015825407e-05
julia,Hard Skill,0,1,0.0,1.0487347015825407e-05,-1.0487347015825407e-05
juniper systems landmark mobile,Hard Skill,0,1,0.0,1.0487347015825407e-05,-1.0487347015825407e-05
junxure crm software,Hard Skill,0,1,0.0,1.0487347015825407e-05,-1.0487347015825407e-05
sas/connect,Hard Skill,0,1,0.0,1.0487347015825407e-05,-1.0487347015825407e-05
sas/genetics,Hard Skill,0,1,0.0,1.0487347015825407e-05,-1.0487347015825407e-05
sas/stat,Hard Skill,0,1,0.0,1.0487347015825407e-05,-1.0487347015825407e-05
satellite database software,Hard Skill,0,1,0.0,1.0487347015825407e-05,-1.0487347015825407e-05
satellite image databases,Hard Skill,0,1,0.0,1.0487347015825407e-05,-1.0487347015825407e-05
satori group procube,Hard Skill,0,1,0.0,1.0487347015825407e-05,-1.0487347015825407e-05
satori paint,Hard Skill,0,1,0.0,1.0487347015825407e-05,-1.0487347015825407e-05
satscan,Hard Skill,0,1,0.0,1.0487347015825407e-05,-1.0487347015825407e-05
satview,Hard Skill,0,1,0.0,1.0487347015825407e-05,-1.0487347015825407e-05
savant mobileranger,Hard Skill,0,1,0.0,1.0487347015825407e-05,-1.0487347015825407e-05
juris,Hard Skill,0,1,0.0,1.0487347015825407e-05,-1.0487347015825407e-05
just so software the property manager,Hard Skill,0,1,0.0,1.0487347015825407e-05,-1.0487347015825407e-05
just-in-time compiler,Hard Skill,0,1,0.0,1.0487347015825407e-05,-1.0487347015825407e-05
justbio seqpainter,Hard Skill,0,1,0.0,1.0487347015825407e-05,-1.0487347015825407e-05
justsystems xmetal,Hard Skill,0,1,0.0,1.0487347015825407e-05,-1.0487347015825407e-05
k&k associates thermal analysis kit tak,Hard Skill,0,1,0.0,1.0487347015825407e-05,-1.0487347015825407e-05
k2 business process automation,Hard Skill,0,1,0.0,1.0487347015825407e-05,-1.0487347015825407e-05
k9 bytes k9 koordinator,Hard Skill,0,1,0.0,1.0487347015825407e-05,-1.0487347015825407e-05
kalido information engine,Hard Skill,0,1,0.0,1.0487347015825407e-05,-1.0487347015825407e-05
kanoodle,Hard Skill,0,1,0.0,1.0487347015825407e-05,-1.0487347015825407e-05
kant,Hard Skill,0,1,0.0,1.0487347015825407e-05,-1.0487347015825407e-05
joint prediction of operons jpop,Hard Skill,0,1,0.0,1.0487347015825407e-05,-1.0487347015825407e-05
joomla,Hard Skill,0,1,0.0,1.0487347015825407e-05,-1.0487347015825407e-05
jrc navigation software,Hard Skill,0,1,0.0,1.0487347015825407e-05,-1.0487347015825407e-05
jrp consulting plant wizard,Hard Skill,0,1,0.0,1.0487347015825407e-05,-1.0487347015825407e-05
jrp consulting survey wizard,Hard Skill,0,1,0.0,1.0487347015825407e-05,-1.0487347015825407e-05
sas data integration server,Hard Skill,0,1,0.0,1.0487347015825407e-05,-1.0487347015825407e-05
sas data integration studio,Hard Skill,0,1,0.0,1.0487347015825407e-05,-1.0487347015825407e-05
sas enterprise miner,Hard Skill,0,1,0.0,1.0487347015825407e-05,-1.0487347015825407e-05
kario,Hard Skill,0,1,0.0,1.0487347015825407e-05,-1.0487347015825407e-05
katchitek corporation orthomanager,Hard Skill,0,1,0.0,1.0487347015825407e-05,-1.0487347015825407e-05
katsura shareware ks strobe tuner,Hard Skill,0,1,0.0,1.0487347015825407e-05,-1.0487347015825407e-05
katsura shareware prolevel,Hard Skill,0,1,0.0,1.0487347015825407e-05,-1.0487347015825407e-05
katsura shareware soundframes,Hard Skill,0,1,0.0,1.0487347015825407e-05,-1.0487347015825407e-05
kaypentax nasometer,Hard Skill,0,1,0.0,1.0487347015825407e-05,-1.0487347015825407e-05
kcd cabinet design software,Hard Skill,0,1,0.0,1.0487347015825407e-05,-1.0487347015825407e-05
ke software emu,Hard Skill,0,1,0.0,1.0487347015825407e-05,-1.0487347015825407e-05
kea software impdat,Hard Skill,0,1,0.0,1.0487347015825407e-05,-1.0487347015825407e-05
keane score,Hard Skill,0,1,0.0,1.0487347015825407e-05,-1.0487347015825407e-05
keffer development services athletic trainer system ats,Hard Skill,0,1,0.0,1.0487347015825407e-05,-1.0487347015825407e-05
jupyter software,Hard Skill,0,1,0.0,1.0487347015825407e-05,-1.0487347015825407e-05
jurek software pedigree-draw,Hard Skill,0,1,0.0,1.0487347015825407e-05,-1.0487347015825407e-05
kentech kipware m cnc,Hard Skill,0,1,0.0,1.0487347015825407e-05,-1.0487347015825407e-05
kentech kipware t cnc,Hard Skill,0,1,0.0,1.0487347015825407e-05,-1.0487347015825407e-05
kentech kipware x cnc,Hard Skill,0,1,0.0,1.0487347015825407e-05,-1.0487347015825407e-05
kentech protalk,Hard Skill,0,1,0.0,1.0487347015825407e-05,-1.0487347015825407e-05
keras,Hard Skill,0,1,0.0,1.0487347015825407e-05,-1.0487347015825407e-05
ketogenic planning software,Hard Skill,0,1,0.0,1.0487347015825407e-05,-1.0487347015825407e-05
kewill clippership,Hard Skill,0,1,0.0,1.0487347015825407e-05,-1.0487347015825407e-05
kewill compliance partner,Hard Skill,0,1,0.0,1.0487347015825407e-05,-1.0487347015825407e-05
kewill global trade and logistics,Hard Skill,0,1,0.0,1.0487347015825407e-05,-1.0487347015825407e-05
kewill javelin distribution ship,Hard Skill,0,1,0.0,1.0487347015825407e-05,-1.0487347015825407e-05
sap pos data management,Hard Skill,0,1,0.0,1.0487347015825407e-05,-1.0487347015825407e-05
sap scm,Hard Skill,0,1,0.0,1.0487347015825407e-05,-1.0487347015825407e-05
sap sybase sql anywhere,Hard Skill,0,1,0.0,1.0487347015825407e-05,-1.0487347015825407e-05
saperion ecm,Hard Skill,0,1,0.0,1.0487347015825407e-05,-1.0487347015825407e-05
sapro systems paymee,Hard Skill,0,1,0.0,1.0487347015825407e-05,-1.0487347015825407e-05
point of sale pos payment software,Hard Skill,0,1,0.0,1.0487347015825407e-05,-1.0487347015825407e-05
kongsberg maritime k-log electronic logbooks,Hard Skill,0,1,0.0,1.0487347015825407e-05,-1.0487347015825407e-05
keyence plc ladder logic,Hard Skill,0,1,0.0,1.0487347015825407e-05,-1.0487347015825407e-05
keysight intuilink connectivity software,Hard Skill,0,1,0.0,1.0487347015825407e-05,-1.0487347015825407e-05
keystroke monitoring software,Hard Skill,0,1,0.0,1.0487347015825407e-05,-1.0487347015825407e-05
kforge,Hard Skill,0,1,0.0,1.0487347015825407e-05,-1.0487347015825407e-05
khameleon,Hard Skill,0,1,0.0,1.0487347015825407e-05,-1.0487347015825407e-05
kicad,Hard Skill,0,1,0.0,1.0487347015825407e-05,-1.0487347015825407e-05
kidasa milestones professional,Hard Skill,0,1,0.0,1.0487347015825407e-05,-1.0487347015825407e-05
kinematic engineering micromeasure iv,Hard Skill,0,1,0.0,1.0487347015825407e-05,-1.0487347015825407e-05
kintraks,Hard Skill,0,1,0.0,1.0487347015825407e-05,-1.0487347015825407e-05
kirix proffipoint,Hard Skill,0,1,0.0,1.0487347015825407e-05,-1.0487347015825407e-05
kismet,Hard Skill,0,1,0.0,1.0487347015825407e-05,-1.0487347015825407e-05
kla-tencor prolith,Hard Skill,0,1,0.0,1.0487347015825407e-05,-1.0487347015825407e-05
kelowna software l4u,Hard Skill,0,1,0.0,1.0487347015825407e-05,-1.0487347015825407e-05
keltec systems herdmaster,Hard Skill,0,1,0.0,1.0487347015825407e-05,-1.0487347015825407e-05
kennel link,Hard Skill,0,1,0.0,1.0487347015825407e-05,-1.0487347015825407e-05
sap erp financials,Hard Skill,0,1,0.0,1.0487347015825407e-05,-1.0487347015825407e-05
sap erp operations,Hard Skill,0,1,0.0,1.0487347015825407e-05,-1.0487347015825407e-05
sap iq,Hard Skill,0,1,0.0,1.0487347015825407e-05,-1.0487347015825407e-05
sap master data management mdm,Hard Skill,0,1,0.0,1.0487347015825407e-05,-1.0487347015825407e-05
klear estimator,Hard Skill,0,1,0.0,1.0487347015825407e-05,-1.0487347015825407e-05
kleinrock publishing,Hard Skill,0,1,0.0,1.0487347015825407e-05,-1.0487347015825407e-05
kliger-weiss infosystems,Hard Skill,0,1,0.0,1.0487347015825407e-05,-1.0487347015825407e-05
kmr software,Hard Skill,0,1,0.0,1.0487347015825407e-05,-1.0487347015825407e-05
knees software pt doctools,Hard Skill,0,1,0.0,1.0487347015825407e-05,-1.0487347015825407e-05
knight bondpoint,Hard Skill,0,1,0.0,1.0487347015825407e-05,-1.0487347015825407e-05
kodak dental systems kodak cosmetic imaging module,Hard Skill,0,1,0.0,1.0487347015825407e-05,-1.0487347015825407e-05
kodak dental systems kodak orthoware,Hard Skill,0,1,0.0,1.0487347015825407e-05,-1.0487347015825407e-05
koffice.org kplato,Hard Skill,0,1,0.0,1.0487347015825407e-05,-1.0487347015825407e-05
kommandcore,Hard Skill,0,1,0.0,1.0487347015825407e-05,-1.0487347015825407e-05
komplete kontrol,Hard Skill,0,1,0.0,1.0487347015825407e-05,-1.0487347015825407e-05
kongsberg maritime k-log deck logbook,Hard Skill,0,1,0.0,1.0487347015825407e-05,-1.0487347015825407e-05
labone net,Hard Skill,0,1,0.0,1.0487347015825407e-05,-1.0487347015825407e-05
laboratory automated quality control systems laqc,Hard Skill,0,1,0.0,1.0487347015825407e-05,-1.0487347015825407e-05
kookaburra studios knowledge presenter,Hard Skill,0,1,0.0,1.0487347015825407e-05,-1.0487347015825407e-05
korchek technologies carechek,Hard Skill,0,1,0.0,1.0487347015825407e-05,-1.0487347015825407e-05
korg em-1 editor,Hard Skill,0,1,0.0,1.0487347015825407e-05,-1.0487347015825407e-05
kpb associates taxstream,Hard Skill,0,1,0.0,1.0487347015825407e-05,-1.0487347015825407e-05
kressa software schoolleader,Hard Skill,0,1,0.0,1.0487347015825407e-05,-1.0487347015825407e-05
kronos workforce hr,Hard Skill,0,1,0.0,1.0487347015825407e-05,-1.0487347015825407e-05
krs enterprises service first!,Hard Skill,0,1,0.0,1.0487347015825407e-05,-1.0487347015825407e-05
kseg,Hard Skill,0,1,0.0,1.0487347015825407e-05,-1.0487347015825407e-05
kubeflow,Hard Skill,0,1,0.0,1.0487347015825407e-05,-1.0487347015825407e-05
kubotek cadkey wireframe,Hard Skill,0,1,0.0,1.0487347015825407e-05,-1.0487347015825407e-05
sap crystal xcelsius,Hard Skill,0,1,0.0,1.0487347015825407e-05,-1.0487347015825407e-05
sap customs management,Hard Skill,0,1,0.0,1.0487347015825407e-05,-1.0487347015825407e-05
sap dms,Hard Skill,0,1,0.0,1.0487347015825407e-05,-1.0487347015825407e-05
sap ehs management,Hard Skill,0,1,0.0,1.0487347015825407e-05,-1.0487347015825407e-05
saora keepoint,Hard Skill,0,1,0.0,1.0487347015825407e-05,-1.0487347015825407e-05
sap americas mysap erp human capital management hcm,Hard Skill,0,1,0.0,1.0487347015825407e-05,-1.0487347015825407e-05
sap apo,Hard Skill,0,1,0.0,1.0487347015825407e-05,-1.0487347015825407e-05
sap ariba,Hard Skill,0,1,0.0,1.0487347015825407e-05,-1.0487347015825407e-05
sap bex report designer,Hard Skill,0,1,0.0,1.0487347015825407e-05,-1.0487347015825407e-05
kubotek keycreator machinist,Hard Skill,0,1,0.0,1.0487347015825407e-05,-1.0487347015825407e-05
kubotek usa keycreator,Hard Skill,0,1,0.0,1.0487347015825407e-05,-1.0487347015825407e-05
kuder navigator,Hard Skill,0,1,0.0,1.0487347015825407e-05,-1.0487347015825407e-05
kypipe,Hard Skill,0,1,0.0,1.0487347015825407e-05,-1.0487347015825407e-05
l-systems x-one,Hard Skill,0,1,0.0,1.0487347015825407e-05,-1.0487347015825407e-05
la pro loan administrator pro,Hard Skill,0,1,0.0,1.0487347015825407e-05,-1.0487347015825407e-05
lab sum3d,Hard Skill,0,1,0.0,1.0487347015825407e-05,-1.0487347015825407e-05
label inspection systems,Hard Skill,0,1,0.0,1.0487347015825407e-05,-1.0487347015825407e-05
labelmaster software reg-trieve,Hard Skill,0,1,0.0,1.0487347015825407e-05,-1.0487347015825407e-05
lablite laboratory information management systems lims,Hard Skill,0,1,0.0,1.0487347015825407e-05,-1.0487347015825407e-05
labmagic,Hard Skill,0,1,0.0,1.0487347015825407e-05,-1.0487347015825407e-05
laborsoft laborforce discipline manager module,Hard Skill,0,1,0.0,1.0487347015825407e-05,-1.0487347015825407e-05
laborsoft laborforce eeo claims manager module,Hard Skill,0,1,0.0,1.0487347015825407e-05,-1.0487347015825407e-05
laborsoft laborforce grievance manager module,Hard Skill,0,1,0.0,1.0487347015825407e-05,-1.0487347015825407e-05
laborsoft laborforce incident tracking module,Hard Skill,0,1,0.0,1.0487347015825407e-05,-1.0487347015825407e-05
laborsoft laborforce personnel manager module,Hard Skill,0,1,0.0,1.0487347015825407e-05,-1.0487347015825407e-05
laborsoft laborforce reporting/dashboard manager module,Hard Skill,0,1,0.0,1.0487347015825407e-05,-1.0487347015825407e-05
labtrack electronic lab notebook,Hard Skill,0,1,0.0,1.0487347015825407e-05,-1.0487347015825407e-05
labvantage solutions lims,Hard Skill,0,1,0.0,1.0487347015825407e-05,-1.0487347015825407e-05
labware lims,Hard Skill,0,1,0.0,1.0487347015825407e-05,-1.0487347015825407e-05
lacerte 1040 tax analyzer,Hard Skill,0,1,0.0,1.0487347015825407e-05,-1.0487347015825407e-05
samepage studiocrm,Hard Skill,0,1,0.0,1.0487347015825407e-05,-1.0487347015825407e-05
sampson data pattern index software,Hard Skill,0,1,0.0,1.0487347015825407e-05,-1.0487347015825407e-05
sand,Hard Skill,0,1,0.0,1.0487347015825407e-05,-1.0487347015825407e-05
sanders software consulting farmbooks,Hard Skill,0,1,0.0,1.0487347015825407e-05,-1.0487347015825407e-05
saner software shrinkrapt,Hard Skill,0,1,0.0,1.0487347015825407e-05,-1.0487347015825407e-05
santa maria software counterman pro,Hard Skill,0,1,0.0,1.0487347015825407e-05,-1.0487347015825407e-05
lakes environmental ecorisk view,Hard Skill,0,1,0.0,1.0487347015825407e-05,-1.0487347015825407e-05
lakes environmental emissions view,Hard Skill,0,1,0.0,1.0487347015825407e-05,-1.0487347015825407e-05
lakes environmental isc-aermod view,Hard Skill,0,1,0.0,1.0487347015825407e-05,-1.0487347015825407e-05
lakes environmental slab view,Hard Skill,0,1,0.0,1.0487347015825407e-05,-1.0487347015825407e-05
lakes environmental software wrplot view,Hard Skill,0,1,0.0,1.0487347015825407e-05,-1.0487347015825407e-05
lamar info net,Hard Skill,0,1,0.0,1.0487347015825407e-05,-1.0487347015825407e-05
lambda research oslo,Hard Skill,0,1,0.0,1.0487347015825407e-05,-1.0487347015825407e-05
lammps molecular dynamics simulator,Hard Skill,0,1,0.0,1.0487347015825407e-05,-1.0487347015825407e-05
lancaster dhia pcdart,Hard Skill,0,1,0.0,1.0487347015825407e-05,-1.0487347015825407e-05
land & sea dyno-max,Hard Skill,0,1,0.0,1.0487347015825407e-05,-1.0487347015825407e-05
land management databases,Hard Skill,0,1,0.0,1.0487347015825407e-05,-1.0487347015825407e-05
land software customer pro-file,Hard Skill,0,1,0.0,1.0487347015825407e-05,-1.0487347015825407e-05
landlord software pro flipper,Hard Skill,0,1,0.0,1.0487347015825407e-05,-1.0487347015825407e-05
landlordmax,Hard Skill,0,1,0.0,1.0487347015825407e-05,-1.0487347015825407e-05
laboratory systems group lab manager,Hard Skill,0,1,0.0,1.0487347015825407e-05,-1.0487347015825407e-05
laborsoft laborforce arbitration/appeals manager module,Hard Skill,0,1,0.0,1.0487347015825407e-05,-1.0487347015825407e-05
salesinsync,Hard Skill,0,1,0.0,1.0487347015825407e-05,-1.0487347015825407e-05
salford systems cart,Hard Skill,0,1,0.0,1.0487347015825407e-05,-1.0487347015825407e-05
salford systems treenet,Hard Skill,0,1,0.0,1.0487347015825407e-05,-1.0487347015825407e-05
samarind rms,Hard Skill,0,1,0.0,1.0487347015825407e-05,-1.0487347015825407e-05
landmark graphics tow/cs,Hard Skill,0,1,0.0,1.0487347015825407e-05,-1.0487347015825407e-05
landmark sales log-istics,Hard Skill,0,1,0.0,1.0487347015825407e-05,-1.0487347015825407e-05
landmark seisworks,Hard Skill,0,1,0.0,1.0487347015825407e-05,-1.0487347015825407e-05
landmark vip,Hard Skill,0,1,0.0,1.0487347015825407e-05,-1.0487347015825407e-05
landport systems landport,Hard Skill,0,1,0.0,1.0487347015825407e-05,-1.0487347015825407e-05
landscape management system lms,Hard Skill,0,1,0.0,1.0487347015825407e-05,-1.0487347015825407e-05
landscape modeling software,Hard Skill,0,1,0.0,1.0487347015825407e-05,-1.0487347015825407e-05
landserf,Hard Skill,0,1,0.0,1.0487347015825407e-05,-1.0487347015825407e-05
landtitle usa,Hard Skill,0,1,0.0,1.0487347015825407e-05,-1.0487347015825407e-05
langlais computer consultants calman,Hard Skill,0,1,0.0,1.0487347015825407e-05,-1.0487347015825407e-05
language engineering corporation translate pro,Hard Skill,0,1,0.0,1.0487347015825407e-05,-1.0487347015825407e-05
lapack,Hard Skill,0,1,0.0,1.0487347015825407e-05,-1.0487347015825407e-05
large eddy simulation les software,Hard Skill,0,1,0.0,1.0487347015825407e-05,-1.0487347015825407e-05
laser substrates postalxport,Hard Skill,0,1,0.0,1.0487347015825407e-05,-1.0487347015825407e-05
laserfiche rio,Hard Skill,0,1,0.0,1.0487347015825407e-05,-1.0487347015825407e-05
lasersoft imaging silverfast artificial intelligence studio,Hard Skill,0,1,0.0,1.0487347015825407e-05,-1.0487347015825407e-05
lathem time payclock ez,Hard Skill,0,1,0.0,1.0487347015825407e-05,-1.0487347015825407e-05
latitude software,Hard Skill,0,1,0.0,1.0487347015825407e-05,-1.0487347015825407e-05
lattice medicopia,Hard Skill,0,1,0.0,1.0487347015825407e-05,-1.0487347015825407e-05
lauriso software music publisher,Hard Skill,0,1,0.0,1.0487347015825407e-05,-1.0487347015825407e-05
lavalys everest,Hard Skill,0,1,0.0,1.0487347015825407e-05,-1.0487347015825407e-05
law enforcement database software,Hard Skill,0,1,0.0,1.0487347015825407e-05,-1.0487347015825407e-05
lawex trialworks,Hard Skill,0,1,0.0,1.0487347015825407e-05,-1.0487347015825407e-05
sales automation software,Hard Skill,0,1,0.0,1.0487347015825407e-05,-1.0487347015825407e-05
sales management software,Hard Skill,0,1,0.0,1.0487347015825407e-05,-1.0487347015825407e-05
sales processing software,Hard Skill,0,1,0.0,1.0487347015825407e-05,-1.0487347015825407e-05
sales software,Hard Skill,0,1,0.0,1.0487347015825407e-05,-1.0487347015825407e-05
sales tax tools sales tax researcher,Hard Skill,0,1,0.0,1.0487347015825407e-05,-1.0487347015825407e-05
sage reference online,Hard Skill,0,1,0.0,1.0487347015825407e-05,-1.0487347015825407e-05
sage simply accounting,Hard Skill,0,1,0.0,1.0487347015825407e-05,-1.0487347015825407e-05
sage software sage50,Hard Skill,0,1,0.0,1.0487347015825407e-05,-1.0487347015825407e-05
sageworks profitcents,Hard Skill,0,1,0.0,1.0487347015825407e-05,-1.0487347015825407e-05
saic government services and it support software,Hard Skill,0,1,0.0,1.0487347015825407e-05,-1.0487347015825407e-05
saigun technologies empxtrack,Hard Skill,0,1,0.0,1.0487347015825407e-05,-1.0487347015825407e-05
salary.com,Hard Skill,0,1,0.0,1.0487347015825407e-05,-1.0487347015825407e-05
lawlogix edge,Hard Skill,0,1,0.0,1.0487347015825407e-05,-1.0487347015825407e-05
lawmanager,Hard Skill,0,1,0.0,1.0487347015825407e-05,-1.0487347015825407e-05
lawson human resources suite,Hard Skill,0,1,0.0,1.0487347015825407e-05,-1.0487347015825407e-05
lawson s3 supply chain management,Hard Skill,0,1,0.0,1.0487347015825407e-05,-1.0487347015825407e-05
lead activity analyzer,Hard Skill,0,1,0.0,1.0487347015825407e-05,-1.0487347015825407e-05
lead business analyzer,Hard Skill,0,1,0.0,1.0487347015825407e-05,-1.0487347015825407e-05
leanforward learnpoint,Hard Skill,0,1,0.0,1.0487347015825407e-05,-1.0487347015825407e-05
learn.com coursemaker studio,Hard Skill,0,1,0.0,1.0487347015825407e-05,-1.0487347015825407e-05
learn.com learncenter talent management suite,Hard Skill,0,1,0.0,1.0487347015825407e-05,-1.0487347015825407e-05
lease cost solutions lsemod,Hard Skill,0,1,0.0,1.0487347015825407e-05,-1.0487347015825407e-05
lectra prima vision print repeat,Hard Skill,0,1,0.0,1.0487347015825407e-05,-1.0487347015825407e-05
legacyusa bakesmart,Hard Skill,0,1,0.0,1.0487347015825407e-05,-1.0487347015825407e-05
legal document software,Hard Skill,0,1,0.0,1.0487347015825407e-05,-1.0487347015825407e-05
legal research software,Hard Skill,0,1,0.0,1.0487347015825407e-05,-1.0487347015825407e-05
legal software,Hard Skill,0,1,0.0,1.0487347015825407e-05,-1.0487347015825407e-05
legaledge law firm suite,Hard Skill,0,1,0.0,1.0487347015825407e-05,-1.0487347015825407e-05
legislative automative workflow system laws,Hard Skill,0,1,0.0,1.0487347015825407e-05,-1.0487347015825407e-05
leica aeroplan lidar,Hard Skill,0,1,0.0,1.0487347015825407e-05,-1.0487347015825407e-05
leica geosystems fms,Hard Skill,0,1,0.0,1.0487347015825407e-05,-1.0487347015825407e-05
lemkesoft graphicconverter,Hard Skill,0,1,0.0,1.0487347015825407e-05,-1.0487347015825407e-05
lending software systems,Hard Skill,0,1,0.0,1.0487347015825407e-05,-1.0487347015825407e-05
lenos marketing automation software,Hard Skill,0,1,0.0,1.0487347015825407e-05,-1.0487347015825407e-05
sage medical manager,Hard Skill,0,1,0.0,1.0487347015825407e-05,-1.0487347015825407e-05
sage mip fund accounting,Hard Skill,0,1,0.0,1.0487347015825407e-05,-1.0487347015825407e-05
sage platinum for windows pfw,Hard Skill,0,1,0.0,1.0487347015825407e-05,-1.0487347015825407e-05
sage cpaclient checkbook,Hard Skill,0,1,0.0,1.0487347015825407e-05,-1.0487347015825407e-05
sage cpadocument manager,Hard Skill,0,1,0.0,1.0487347015825407e-05,-1.0487347015825407e-05
sage fixed asset solution fas,Hard Skill,0,1,0.0,1.0487347015825407e-05,-1.0487347015825407e-05
sage handisoft handiledger,Hard Skill,0,1,0.0,1.0487347015825407e-05,-1.0487347015825407e-05
lenox softworks videopoint,Hard Skill,0,1,0.0,1.0487347015825407e-05,-1.0487347015825407e-05
leprechaun spa and salon software,Hard Skill,0,1,0.0,1.0487347015825407e-05,-1.0487347015825407e-05
lewis & ellis leapps,Hard Skill,0,1,0.0,1.0487347015825407e-05,-1.0487347015825407e-05
lexisnexis accurint,Hard Skill,0,1,0.0,1.0487347015825407e-05,-1.0487347015825407e-05
lexisnexis applied discovery,Hard Skill,0,1,0.0,1.0487347015825407e-05,-1.0487347015825407e-05
lexisnexis banko,Hard Skill,0,1,0.0,1.0487347015825407e-05,-1.0487347015825407e-05
lexisnexis checkcite,Hard Skill,0,1,0.0,1.0487347015825407e-05,-1.0487347015825407e-05
lexisnexis codemaster,Hard Skill,0,1,0.0,1.0487347015825407e-05,-1.0487347015825407e-05
lexisnexis company analyzer,Hard Skill,0,1,0.0,1.0487347015825407e-05,-1.0487347015825407e-05
lexisnexis concordance,Hard Skill,0,1,0.0,1.0487347015825407e-05,-1.0487347015825407e-05
lexisnexis file and serve,Hard Skill,0,1,0.0,1.0487347015825407e-05,-1.0487347015825407e-05
learning technology research institute glo maker,Hard Skill,0,1,0.0,1.0487347015825407e-05,-1.0487347015825407e-05
lexisnexis lexis back office,Hard Skill,0,1,0.0,1.0487347015825407e-05,-1.0487347015825407e-05
lexisnexis lexis front office,Hard Skill,0,1,0.0,1.0487347015825407e-05,-1.0487347015825407e-05
lexisnexis pclaw,Hard Skill,0,1,0.0,1.0487347015825407e-05,-1.0487347015825407e-05
lexisnexis riskwise,Hard Skill,0,1,0.0,1.0487347015825407e-05,-1.0487347015825407e-05
lexisnexis shepard's citations service,Hard Skill,0,1,0.0,1.0487347015825407e-05,-1.0487347015825407e-05
lexisnexis total search,Hard Skill,0,1,0.0,1.0487347015825407e-05,-1.0487347015825407e-05
lexrotech lxpediatric,Hard Skill,0,1,0.0,1.0487347015825407e-05,-1.0487347015825407e-05
libera system7,Hard Skill,0,1,0.0,1.0487347015825407e-05,-1.0487347015825407e-05
library of congress digital collections,Hard Skill,0,1,0.0,1.0487347015825407e-05,-1.0487347015825407e-05
library of congress e-resources online catalog,Hard Skill,0,1,0.0,1.0487347015825407e-05,-1.0487347015825407e-05
library of congress online databases,Hard Skill,0,1,0.0,1.0487347015825407e-05,-1.0487347015825407e-05
libreoffice draw,Hard Skill,0,1,0.0,1.0487347015825407e-05,-1.0487347015825407e-05
sage active planner,Hard Skill,0,1,0.0,1.0487347015825407e-05,-1.0487347015825407e-05
sage businessworks,Hard Skill,0,1,0.0,1.0487347015825407e-05,-1.0487347015825407e-05
sage cpaaccounts payable,Hard Skill,0,1,0.0,1.0487347015825407e-05,-1.0487347015825407e-05
sage cpaaccounts receivable,Hard Skill,0,1,0.0,1.0487347015825407e-05,-1.0487347015825407e-05
linux virtual server,Hard Skill,0,1,0.0,1.0487347015825407e-05,-1.0487347015825407e-05
liquidplanner,Hard Skill,0,1,0.0,1.0487347015825407e-05,-1.0487347015825407e-05
lidp consulting services the administrator,Hard Skill,0,1,0.0,1.0487347015825407e-05,-1.0487347015825407e-05
life cycle assessment lca software,Hard Skill,0,1,0.0,1.0487347015825407e-05,-1.0487347015825407e-05
life systems software chirosuite ehr,Hard Skill,0,1,0.0,1.0487347015825407e-05,-1.0487347015825407e-05
life technologies solid,Hard Skill,0,1,0.0,1.0487347015825407e-05,-1.0487347015825407e-05
life technologies vector nti,Hard Skill,0,1,0.0,1.0487347015825407e-05,-1.0487347015825407e-05
lifeline software radcalc,Hard Skill,0,1,0.0,1.0487347015825407e-05,-1.0487347015825407e-05
lifestyles technologies dietmaster pro,Hard Skill,0,1,0.0,1.0487347015825407e-05,-1.0487347015825407e-05
light blue software light blue,Hard Skill,0,1,0.0,1.0487347015825407e-05,-1.0487347015825407e-05
lighting calculation software,Hard Skill,0,1,0.0,1.0487347015825407e-05,-1.0487347015825407e-05
lilly software associates visual dcms,Hard Skill,0,1,0.0,1.0487347015825407e-05,-1.0487347015825407e-05
lilly software associates visual enterprise,Hard Skill,0,1,0.0,1.0487347015825407e-05,-1.0487347015825407e-05
lindo systems lindo api,Hard Skill,0,1,0.0,1.0487347015825407e-05,-1.0487347015825407e-05
lindo systems lingo,Hard Skill,0,1,0.0,1.0487347015825407e-05,-1.0487347015825407e-05
lexisnexis lexis advance,Hard Skill,0,1,0.0,1.0487347015825407e-05,-1.0487347015825407e-05
safari software products safari,Hard Skill,0,1,0.0,1.0487347015825407e-05,-1.0487347015825407e-05
safari video networks ezediaqti,Hard Skill,0,1,0.0,1.0487347015825407e-05,-1.0487347015825407e-05
safety instrumented system sis software,Hard Skill,0,1,0.0,1.0487347015825407e-05,-1.0487347015825407e-05
safety integrity level sil software,Hard Skill,0,1,0.0,1.0487347015825407e-05,-1.0487347015825407e-05
safety software oshalog 300,Hard Skill,0,1,0.0,1.0487347015825407e-05,-1.0487347015825407e-05
safety status measurement system safestat,Hard Skill,0,1,0.0,1.0487347015825407e-05,-1.0487347015825407e-05
"safety, health, and environmental management software",Hard Skill,0,1,0.0,1.0487347015825407e-05,-1.0487347015825407e-05
linear technology ltspice,Hard Skill,0,1,0.0,1.0487347015825407e-05,-1.0487347015825407e-05
linearteam winisd,Hard Skill,0,1,0.0,1.0487347015825407e-05,-1.0487347015825407e-05
lingoes,Hard Skill,0,1,0.0,1.0487347015825407e-05,-1.0487347015825407e-05
link actuated vents lavent software,Hard Skill,0,1,0.0,1.0487347015825407e-05,-1.0487347015825407e-05
link analysis software,Hard Skill,0,1,0.0,1.0487347015825407e-05,-1.0487347015825407e-05
link encryption software,Hard Skill,0,1,0.0,1.0487347015825407e-05,-1.0487347015825407e-05
link microtek,Hard Skill,0,1,0.0,1.0487347015825407e-05,-1.0487347015825407e-05
linkcad,Hard Skill,0,1,0.0,1.0487347015825407e-05,-1.0487347015825407e-05
linspire nvu,Hard Skill,0,1,0.0,1.0487347015825407e-05,-1.0487347015825407e-05
logical partition lpar software,Hard Skill,0,1,0.0,1.0487347015825407e-05,-1.0487347015825407e-05
logicalbit eimas,Hard Skill,0,1,0.0,1.0487347015825407e-05,-1.0487347015825407e-05
listserv software,Hard Skill,0,1,0.0,1.0487347015825407e-05,-1.0487347015825407e-05
literature & latte scrivener,Hard Skill,0,1,0.0,1.0487347015825407e-05,-1.0487347015825407e-05
litigation management software,Hard Skill,0,1,0.0,1.0487347015825407e-05,-1.0487347015825407e-05
litigation support software,Hard Skill,0,1,0.0,1.0487347015825407e-05,-1.0487347015825407e-05
little piano,Hard Skill,0,1,0.0,1.0487347015825407e-05,-1.0487347015825407e-05
live streaming software,Hard Skill,0,1,0.0,1.0487347015825407e-05,-1.0487347015825407e-05
lji technologies lumberjack,Hard Skill,0,1,0.0,1.0487347015825407e-05,-1.0487347015825407e-05
lms imagine.lab amesim,Hard Skill,0,1,0.0,1.0487347015825407e-05,-1.0487347015825407e-05
load optimization software,Hard Skill,0,1,0.0,1.0487347015825407e-05,-1.0487347015825407e-05
load-bearing analysis software,Hard Skill,0,1,0.0,1.0487347015825407e-05,-1.0487347015825407e-05
loan origination software,Hard Skill,0,1,0.0,1.0487347015825407e-05,-1.0487347015825407e-05
loan tracking software,Hard Skill,0,1,0.0,1.0487347015825407e-05,-1.0487347015825407e-05
sabre travel agent software,Hard Skill,0,1,0.0,1.0487347015825407e-05,-1.0487347015825407e-05
saclantcen,Hard Skill,0,1,0.0,1.0487347015825407e-05,-1.0487347015825407e-05
s-plus software,Hard Skill,0,1,0.0,1.0487347015825407e-05,-1.0487347015825407e-05
saas surveymonkey,Hard Skill,0,1,0.0,1.0487347015825407e-05,-1.0487347015825407e-05
saba centra,Hard Skill,0,1,0.0,1.0487347015825407e-05,-1.0487347015825407e-05
sabre airline solutions sabresonic customer sales & service,Hard Skill,0,1,0.0,1.0487347015825407e-05,-1.0487347015825407e-05
sabre airline solutions sabresonic ticket,Hard Skill,0,1,0.0,1.0487347015825407e-05,-1.0487347015825407e-05
sabre central command,Hard Skill,0,1,0.0,1.0487347015825407e-05,-1.0487347015825407e-05
location allocation decision support system ladss,Hard Skill,0,1,0.0,1.0487347015825407e-05,-1.0487347015825407e-05
location mapping software,Hard Skill,0,1,0.0,1.0487347015825407e-05,-1.0487347015825407e-05
locomotive distribution software,Hard Skill,0,1,0.0,1.0487347015825407e-05,-1.0487347015825407e-05
logger data manager ldm,Hard Skill,0,1,0.0,1.0487347015825407e-05,-1.0487347015825407e-05
logger software,Hard Skill,0,1,0.0,1.0487347015825407e-05,-1.0487347015825407e-05
loggerpc software,Hard Skill,0,1,0.0,1.0487347015825407e-05,-1.0487347015825407e-05
logic design robologix,Hard Skill,0,1,0.0,1.0487347015825407e-05,-1.0487347015825407e-05
logic group scanner digitizing software,Hard Skill,0,1,0.0,1.0487347015825407e-05,-1.0487347015825407e-05
logic programming software,Hard Skill,0,1,0.0,1.0487347015825407e-05,-1.0487347015825407e-05
logic simulators,Hard Skill,0,1,0.0,1.0487347015825407e-05,-1.0487347015825407e-05
logicsphere firstmix,Hard Skill,0,1,0.0,1.0487347015825407e-05,-1.0487347015825407e-05
logicvision icbist,Hard Skill,0,1,0.0,1.0487347015825407e-05,-1.0487347015825407e-05
logility voyager warehousepro,Hard Skill,0,1,0.0,1.0487347015825407e-05,-1.0487347015825407e-05
logisim,Hard Skill,0,1,0.0,1.0487347015825407e-05,-1.0487347015825407e-05
logistics cost estimating tool,Hard Skill,0,1,0.0,1.0487347015825407e-05,-1.0487347015825407e-05
logistics management information lmi database software,Hard Skill,0,1,0.0,1.0487347015825407e-05,-1.0487347015825407e-05
logistics support analysts smartlogic,Hard Skill,0,1,0.0,1.0487347015825407e-05,-1.0487347015825407e-05
logitech 3d pro,Hard Skill,0,1,0.0,1.0487347015825407e-05,-1.0487347015825407e-05
logixml ad-hoc,Hard Skill,0,1,0.0,1.0487347015825407e-05,-1.0487347015825407e-05
rungepincockminarco xeras,Hard Skill,0,1,0.0,1.0487347015825407e-05,-1.0487347015825407e-05
rungepincockminarco xpac,Hard Skill,0,1,0.0,1.0487347015825407e-05,-1.0487347015825407e-05
rv damage repair estimator,Hard Skill,0,1,0.0,1.0487347015825407e-05,-1.0487347015825407e-05
rvr systems compliance,Hard Skill,0,1,0.0,1.0487347015825407e-05,-1.0487347015825407e-05
rxkinetics ud labels for windows,Hard Skill,0,1,0.0,1.0487347015825407e-05,-1.0487347015825407e-05
rytech software small business inventory control,Hard Skill,0,1,0.0,1.0487347015825407e-05,-1.0487347015825407e-05
s&p capital iq,Hard Skill,0,1,0.0,1.0487347015825407e-05,-1.0487347015825407e-05
rsac riparian mapping tool,Hard Skill,0,1,0.0,1.0487347015825407e-05,-1.0487347015825407e-05
rsm mcgladrey clear pay,Hard Skill,0,1,0.0,1.0487347015825407e-05,-1.0487347015825407e-05
rss,Hard Skill,0,1,0.0,1.0487347015825407e-05,-1.0487347015825407e-05
rss solutions naview,Hard Skill,0,1,0.0,1.0487347015825407e-05,-1.0487347015825407e-05
rta fleet management,Hard Skill,0,1,0.0,1.0487347015825407e-05,-1.0487347015825407e-05
logopress,Hard Skill,0,1,0.0,1.0487347015825407e-05,-1.0487347015825407e-05
logplot software,Hard Skill,0,1,0.0,1.0487347015825407e-05,-1.0487347015825407e-05
logrhythm,Hard Skill,0,1,0.0,1.0487347015825407e-05,-1.0487347015825407e-05
logsa compass,Hard Skill,0,1,0.0,1.0487347015825407e-05,-1.0487347015825407e-05
logsa syspars,Hard Skill,0,1,0.0,1.0487347015825407e-05,-1.0487347015825407e-05
lombardi teamworks,Hard Skill,0,1,0.0,1.0487347015825407e-05,-1.0487347015825407e-05
lorenz docubridge,Hard Skill,0,1,0.0,1.0487347015825407e-05,-1.0487347015825407e-05
lorenz evalidator,Hard Skill,0,1,0.0,1.0487347015825407e-05,-1.0487347015825407e-05
lorenz labelbridge,Hard Skill,0,1,0.0,1.0487347015825407e-05,-1.0487347015825407e-05
low-level debugger software,Hard Skill,0,1,0.0,1.0487347015825407e-05,-1.0487347015825407e-05
low-level driver lld software,Hard Skill,0,1,0.0,1.0487347015825407e-05,-1.0487347015825407e-05
lt online corporation lawtrac,Hard Skill,0,1,0.0,1.0487347015825407e-05,-1.0487347015825407e-05
lua,Hard Skill,0,1,0.0,1.0487347015825407e-05,-1.0487347015825407e-05
lucent vitalsuite,Hard Skill,0,1,0.0,1.0487347015825407e-05,-1.0487347015825407e-05
lucero system office management,Hard Skill,0,1,0.0,1.0487347015825407e-05,-1.0487347015825407e-05
lucia cgh,Hard Skill,0,1,0.0,1.0487347015825407e-05,-1.0487347015825407e-05
lucia comet assay,Hard Skill,0,1,0.0,1.0487347015825407e-05,-1.0487347015825407e-05
lucia fish,Hard Skill,0,1,0.0,1.0487347015825407e-05,-1.0487347015825407e-05
lucia karyo,Hard Skill,0,1,0.0,1.0487347015825407e-05,-1.0487347015825407e-05
lucia metaphase finder,Hard Skill,0,1,0.0,1.0487347015825407e-05,-1.0487347015825407e-05
lucia mfish,Hard Skill,0,1,0.0,1.0487347015825407e-05,-1.0487347015825407e-05
routing software,Hard Skill,0,1,0.0,1.0487347015825407e-05,-1.0487347015825407e-05
roxio retrospect,Hard Skill,0,1,0.0,1.0487347015825407e-05,-1.0487347015825407e-05
royal alliance vision2020 core,Hard Skill,0,1,0.0,1.0487347015825407e-05,-1.0487347015825407e-05
rpis silent cma,Hard Skill,0,1,0.0,1.0487347015825407e-05,-1.0487347015825407e-05
rpis silent flyer,Hard Skill,0,1,0.0,1.0487347015825407e-05,-1.0487347015825407e-05
rsa radcalc,Hard Skill,0,1,0.0,1.0487347015825407e-05,-1.0487347015825407e-05
made2manage supply chain management,Hard Skill,0,1,0.0,1.0487347015825407e-05,-1.0487347015825407e-05
made2manage systems m2m erp,Hard Skill,0,1,0.0,1.0487347015825407e-05,-1.0487347015825407e-05
lumigent entegra,Hard Skill,0,1,0.0,1.0487347015825407e-05,-1.0487347015825407e-05
lumion,Hard Skill,0,1,0.0,1.0487347015825407e-05,-1.0487347015825407e-05
lunchbyte systems nutrikids,Hard Skill,0,1,0.0,1.0487347015825407e-05,-1.0487347015825407e-05
luntbuild,Hard Skill,0,1,0.0,1.0487347015825407e-05,-1.0487347015825407e-05
luxology modo,Hard Skill,0,1,0.0,1.0487347015825407e-05,-1.0487347015825407e-05
luxrender,Hard Skill,0,1,0.0,1.0487347015825407e-05,-1.0487347015825407e-05
lynchval systems lvadmin,Hard Skill,0,1,0.0,1.0487347015825407e-05,-1.0487347015825407e-05
lynchval systems lvval,Hard Skill,0,1,0.0,1.0487347015825407e-05,-1.0487347015825407e-05
lynchval systems lvxact,Hard Skill,0,1,0.0,1.0487347015825407e-05,-1.0487347015825407e-05
lynk everest,Hard Skill,0,1,0.0,1.0487347015825407e-05,-1.0487347015825407e-05
m-sim,Hard Skill,0,1,0.0,1.0487347015825407e-05,-1.0487347015825407e-05
m8 client billing,Hard Skill,0,1,0.0,1.0487347015825407e-05,-1.0487347015825407e-05
lrn ethics and compliance alliance,Hard Skill,0,1,0.0,1.0487347015825407e-05,-1.0487347015825407e-05
lsa visual dbr,Hard Skill,0,1,0.0,1.0487347015825407e-05,-1.0487347015825407e-05
roundabout delay rodel,Hard Skill,0,1,0.0,1.0487347015825407e-05,-1.0487347015825407e-05
route,Hard Skill,0,1,0.0,1.0487347015825407e-05,-1.0487347015825407e-05
route planning software,Hard Skill,0,1,0.0,1.0487347015825407e-05,-1.0487347015825407e-05
router software,Hard Skill,0,1,0.0,1.0487347015825407e-05,-1.0487347015825407e-05
routeware software,Hard Skill,0,1,0.0,1.0487347015825407e-05,-1.0487347015825407e-05
machine control specialists coilpro,Hard Skill,0,1,0.0,1.0487347015825407e-05,-1.0487347015825407e-05
machine control systems,Hard Skill,0,1,0.0,1.0487347015825407e-05,-1.0487347015825407e-05
machine monitoring software,Hard Skill,0,1,0.0,1.0487347015825407e-05,-1.0487347015825407e-05
machineworks ltd. machineworks,Hard Skill,0,1,0.0,1.0487347015825407e-05,-1.0487347015825407e-05
mackichan software scientific notebook,Hard Skill,0,1,0.0,1.0487347015825407e-05,-1.0487347015825407e-05
mackichan software scientific workplace,Hard Skill,0,1,0.0,1.0487347015825407e-05,-1.0487347015825407e-05
macromedia cold fusion,Hard Skill,0,1,0.0,1.0487347015825407e-05,-1.0487347015825407e-05
macropool web research,Hard Skill,0,1,0.0,1.0487347015825407e-05,-1.0487347015825407e-05
macroscopic diffusion software,Hard Skill,0,1,0.0,1.0487347015825407e-05,-1.0487347015825407e-05
macvector,Hard Skill,0,1,0.0,1.0487347015825407e-05,-1.0487347015825407e-05
madcap software madcap flare,Hard Skill,0,1,0.0,1.0487347015825407e-05,-1.0487347015825407e-05
madrigal soft tools delegator,Hard Skill,0,1,0.0,1.0487347015825407e-05,-1.0487347015825407e-05
madtracker,Hard Skill,0,1,0.0,1.0487347015825407e-05,-1.0487347015825407e-05
maestro music software magicscore,Hard Skill,0,1,0.0,1.0487347015825407e-05,-1.0487347015825407e-05
mag+,Hard Skill,0,1,0.0,1.0487347015825407e-05,-1.0487347015825407e-05
magenta multimedia tools magenta ii,Hard Skill,0,1,0.0,1.0487347015825407e-05,-1.0487347015825407e-05
magento analytics,Hard Skill,0,1,0.0,1.0487347015825407e-05,-1.0487347015825407e-05
maggey child care management software,Hard Skill,0,1,0.0,1.0487347015825407e-05,-1.0487347015825407e-05
magic,Hard Skill,0,1,0.0,1.0487347015825407e-05,-1.0487347015825407e-05
magiclogic optimization cube-iq,Hard Skill,0,1,0.0,1.0487347015825407e-05,-1.0487347015825407e-05
magictracer,Hard Skill,0,1,0.0,1.0487347015825407e-05,-1.0487347015825407e-05
magix music maker,Hard Skill,0,1,0.0,1.0487347015825407e-05,-1.0487347015825407e-05
root systems sps process management,Hard Skill,0,1,0.0,1.0487347015825407e-05,-1.0487347015825407e-05
rosch visionary systems visionary allergy tracker,Hard Skill,0,1,0.0,1.0487347015825407e-05,-1.0487347015825407e-05
roserush services shelter pro,Hard Skill,0,1,0.0,1.0487347015825407e-05,-1.0487347015825407e-05
ross video xpression,Hard Skill,0,1,0.0,1.0487347015825407e-05,-1.0487347015825407e-05
roughdraft,Hard Skill,0,1,0.0,1.0487347015825407e-05,-1.0487347015825407e-05
magix vegas pro,Hard Skill,0,1,0.0,1.0487347015825407e-05,-1.0487347015825407e-05
magma design automation blast create,Hard Skill,0,1,0.0,1.0487347015825407e-05,-1.0487347015825407e-05
magma design automation blast fpga,Hard Skill,0,1,0.0,1.0487347015825407e-05,-1.0487347015825407e-05
magma magmasoft,Hard Skill,0,1,0.0,1.0487347015825407e-05,-1.0487347015825407e-05
magnify predictive targeting system,Hard Skill,0,1,0.0,1.0487347015825407e-05,-1.0487347015825407e-05
mahle powertrain,Hard Skill,0,1,0.0,1.0487347015825407e-05,-1.0487347015825407e-05
main injector neutrino oscillation search minos software,Hard Skill,0,1,0.0,1.0487347015825407e-05,-1.0487347015825407e-05
main sequence technologies pcrecruiter,Hard Skill,0,1,0.0,1.0487347015825407e-05,-1.0487347015825407e-05
main sequence technologies pcrecruiter resume inhaler,Hard Skill,0,1,0.0,1.0487347015825407e-05,-1.0487347015825407e-05
main street softworks monetra,Hard Skill,0,1,0.0,1.0487347015825407e-05,-1.0487347015825407e-05
mainsaver asset management,Hard Skill,0,1,0.0,1.0487347015825407e-05,-1.0487347015825407e-05
mainstreet systems & software dentalab/pc ii,Hard Skill,0,1,0.0,1.0487347015825407e-05,-1.0487347015825407e-05
mainstreet systems & software dentarx,Hard Skill,0,1,0.0,1.0487347015825407e-05,-1.0487347015825407e-05
madison technical software chempak plus,Hard Skill,0,1,0.0,1.0487347015825407e-05,-1.0487347015825407e-05
madison technical software enviropak,Hard Skill,0,1,0.0,1.0487347015825407e-05,-1.0487347015825407e-05
madison technical software steampak,Hard Skill,0,1,0.0,1.0487347015825407e-05,-1.0487347015825407e-05
rockwell rsview,Hard Skill,0,1,0.0,1.0487347015825407e-05,-1.0487347015825407e-05
rogers software development supersalon,Hard Skill,0,1,0.0,1.0487347015825407e-05,-1.0487347015825407e-05
rogue wave software imsl numerical libraries,Hard Skill,0,1,0.0,1.0487347015825407e-05,-1.0487347015825407e-05
roof builder tools,Hard Skill,0,1,0.0,1.0487347015825407e-05,-1.0487347015825407e-05
roof support design software,Hard Skill,0,1,0.0,1.0487347015825407e-05,-1.0487347015825407e-05
maintainability prediction software,Hard Skill,0,1,0.0,1.0487347015825407e-05,-1.0487347015825407e-05
maintenance documentation software,Hard Skill,0,1,0.0,1.0487347015825407e-05,-1.0487347015825407e-05
maintenance planning and control software,Hard Skill,0,1,0.0,1.0487347015825407e-05,-1.0487347015825407e-05
maintenance reporting software,Hard Skill,0,1,0.0,1.0487347015825407e-05,-1.0487347015825407e-05
maintenance scheduling software,Hard Skill,0,1,0.0,1.0487347015825407e-05,-1.0487347015825407e-05
maintenance software,Hard Skill,0,1,0.0,1.0487347015825407e-05,-1.0487347015825407e-05
majestic seo,Hard Skill,0,1,0.0,1.0487347015825407e-05,-1.0487347015825407e-05
maker cad/cam services diemaker,Hard Skill,0,1,0.0,1.0487347015825407e-05,-1.0487347015825407e-05
making waves audio making waves,Hard Skill,0,1,0.0,1.0487347015825407e-05,-1.0487347015825407e-05
management information base mib software,Hard Skill,0,1,0.0,1.0487347015825407e-05,-1.0487347015825407e-05
magix software sound forge,Hard Skill,0,1,0.0,1.0487347015825407e-05,-1.0487347015825407e-05
manatron mvp tax,Hard Skill,0,1,0.0,1.0487347015825407e-05,-1.0487347015825407e-05
manatron proval plus,Hard Skill,0,1,0.0,1.0487347015825407e-05,-1.0487347015825407e-05
mangold interact,Hard Skill,0,1,0.0,1.0487347015825407e-05,-1.0487347015825407e-05
mangold logsquare,Hard Skill,0,1,0.0,1.0487347015825407e-05,-1.0487347015825407e-05
mangold soundalyzer,Hard Skill,0,1,0.0,1.0487347015825407e-05,-1.0487347015825407e-05
manhattan associates pkms pickticket,Hard Skill,0,1,0.0,1.0487347015825407e-05,-1.0487347015825407e-05
manhattan cross cultural group quality interactions,Hard Skill,0,1,0.0,1.0487347015825407e-05,-1.0487347015825407e-05
manhattan scale,Hard Skill,0,1,0.0,1.0487347015825407e-05,-1.0487347015825407e-05
manhattan supply chain process platform,Hard Skill,0,1,0.0,1.0487347015825407e-05,-1.0487347015825407e-05
rockware rockpack iii,Hard Skill,0,1,0.0,1.0487347015825407e-05,-1.0487347015825407e-05
rockware sievegraph,Hard Skill,0,1,0.0,1.0487347015825407e-05,-1.0487347015825407e-05
rockware stratbugs,Hard Skill,0,1,0.0,1.0487347015825407e-05,-1.0487347015825407e-05
rockware vego,Hard Skill,0,1,0.0,1.0487347015825407e-05,-1.0487347015825407e-05
rockware visual stunt,Hard Skill,0,1,0.0,1.0487347015825407e-05,-1.0487347015825407e-05
rockware winsism,Hard Skill,0,1,0.0,1.0487347015825407e-05,-1.0487347015825407e-05
rockwell automation software,Hard Skill,0,1,0.0,1.0487347015825407e-05,-1.0487347015825407e-05
marcosoft quo vadis,Hard Skill,0,1,0.0,1.0487347015825407e-05,-1.0487347015825407e-05
marel production system mps,Hard Skill,0,1,0.0,1.0487347015825407e-05,-1.0487347015825407e-05
manitoba hvdc research centre pscad,Hard Skill,0,1,0.0,1.0487347015825407e-05,-1.0487347015825407e-05
mannus compliance: ehs,Hard Skill,0,1,0.0,1.0487347015825407e-05,-1.0487347015825407e-05
mantisbt,Hard Skill,0,1,0.0,1.0487347015825407e-05,-1.0487347015825407e-05
manufacturing execution system mes,Hard Skill,0,1,0.0,1.0487347015825407e-05,-1.0487347015825407e-05
manufacturing reporting system,Hard Skill,0,1,0.0,1.0487347015825407e-05,-1.0487347015825407e-05
manufacturing technology costimater,Hard Skill,0,1,0.0,1.0487347015825407e-05,-1.0487347015825407e-05
manusoft technologies imold,Hard Skill,0,1,0.0,1.0487347015825407e-05,-1.0487347015825407e-05
map building software,Hard Skill,0,1,0.0,1.0487347015825407e-05,-1.0487347015825407e-05
map maker,Hard Skill,0,1,0.0,1.0487347015825407e-05,-1.0487347015825407e-05
mapcom systems m4,Hard Skill,0,1,0.0,1.0487347015825407e-05,-1.0487347015825407e-05
mapinfo streetpro,Hard Skill,0,1,0.0,1.0487347015825407e-05,-1.0487347015825407e-05
managemyspa,Hard Skill,0,1,0.0,1.0487347015825407e-05,-1.0487347015825407e-05
managerplus,Hard Skill,0,1,0.0,1.0487347015825407e-05,-1.0487347015825407e-05
manatron customcama,Hard Skill,0,1,0.0,1.0487347015825407e-05,-1.0487347015825407e-05
rockware geotrig,Hard Skill,0,1,0.0,1.0487347015825407e-05,-1.0487347015825407e-05
rockware gradix,Hard Skill,0,1,0.0,1.0487347015825407e-05,-1.0487347015825407e-05
rockware grav2dc,Hard Skill,0,1,0.0,1.0487347015825407e-05,-1.0487347015825407e-05
rockware jlog,Hard Skill,0,1,0.0,1.0487347015825407e-05,-1.0487347015825407e-05
rockware micromodel,Hard Skill,0,1,0.0,1.0487347015825407e-05,-1.0487347015825407e-05
rockware plan,Hard Skill,0,1,0.0,1.0487347015825407e-05,-1.0487347015825407e-05
rockware potent,Hard Skill,0,1,0.0,1.0487347015825407e-05,-1.0487347015825407e-05
rockware quicksyn,Hard Skill,0,1,0.0,1.0487347015825407e-05,-1.0487347015825407e-05
maplesoft maplesim,Hard Skill,0,1,0.0,1.0487347015825407e-05,-1.0487347015825407e-05
maplewood software staffready,Hard Skill,0,1,0.0,1.0487347015825407e-05,-1.0487347015825407e-05
mapscenes evidence recorder,Hard Skill,0,1,0.0,1.0487347015825407e-05,-1.0487347015825407e-05
mapscenes pro,Hard Skill,0,1,0.0,1.0487347015825407e-05,-1.0487347015825407e-05
maptech the capn,Hard Skill,0,1,0.0,1.0487347015825407e-05,-1.0487347015825407e-05
mapthematics geocart,Hard Skill,0,1,0.0,1.0487347015825407e-05,-1.0487347015825407e-05
marathon data systems pestpac,Hard Skill,0,1,0.0,1.0487347015825407e-05,-1.0487347015825407e-05
marathon data systems serviceceo,Hard Skill,0,1,0.0,1.0487347015825407e-05,-1.0487347015825407e-05
roche 454 life sciences gs data analysis,Hard Skill,0,1,0.0,1.0487347015825407e-05,-1.0487347015825407e-05
rocket/folio nxt,Hard Skill,0,1,0.0,1.0487347015825407e-05,-1.0487347015825407e-05
rockport integrated excel underwriting,Hard Skill,0,1,0.0,1.0487347015825407e-05,-1.0487347015825407e-05
marine software marine planned maintenance,Hard Skill,0,1,0.0,1.0487347015825407e-05,-1.0487347015825407e-05
marine software marine safety manager,Hard Skill,0,1,0.0,1.0487347015825407e-05,-1.0487347015825407e-05
martens farms farm site mate,Hard Skill,0,1,0.0,1.0487347015825407e-05,-1.0487347015825407e-05
martens farms farm trac,Hard Skill,0,1,0.0,1.0487347015825407e-05,-1.0487347015825407e-05
mass flux toolkit,Hard Skill,0,1,0.0,1.0487347015825407e-05,-1.0487347015825407e-05
mass group factorylink scada hmi,Hard Skill,0,1,0.0,1.0487347015825407e-05,-1.0487347015825407e-05
massage suite,Hard Skill,0,1,0.0,1.0487347015825407e-05,-1.0487347015825407e-05
massive jet,Hard Skill,0,1,0.0,1.0487347015825407e-05,-1.0487347015825407e-05
master cook deluxe professional cook,Hard Skill,0,1,0.0,1.0487347015825407e-05,-1.0487347015825407e-05
rockware crosslog,Hard Skill,0,1,0.0,1.0487347015825407e-05,-1.0487347015825407e-05
rockware depthcon2000,Hard Skill,0,1,0.0,1.0487347015825407e-05,-1.0487347015825407e-05
rockware erupt,Hard Skill,0,1,0.0,1.0487347015825407e-05,-1.0487347015825407e-05
rockware firstpix,Hard Skill,0,1,0.0,1.0487347015825407e-05,-1.0487347015825407e-05
masterplan,Hard Skill,0,1,0.0,1.0487347015825407e-05,-1.0487347015825407e-05
masters software cakeboss,Hard Skill,0,1,0.0,1.0487347015825407e-05,-1.0487347015825407e-05
masterwriter,Hard Skill,0,1,0.0,1.0487347015825407e-05,-1.0487347015825407e-05
matchware mindview,Hard Skill,0,1,0.0,1.0487347015825407e-05,-1.0487347015825407e-05
materialise dental simplant,Hard Skill,0,1,0.0,1.0487347015825407e-05,-1.0487347015825407e-05
materialise dental surgiguide,Hard Skill,0,1,0.0,1.0487347015825407e-05,-1.0487347015825407e-05
rna sequencing software,Hard Skill,0,1,0.0,1.0487347015825407e-05,-1.0487347015825407e-05
road design software,Hard Skill,0,1,0.0,1.0487347015825407e-05,-1.0487347015825407e-05
roam devices roam marine monitor hub,Hard Skill,0,1,0.0,1.0487347015825407e-05,-1.0487347015825407e-05
robot framework,Hard Skill,0,1,0.0,1.0487347015825407e-05,-1.0487347015825407e-05
robotic painting software,Hard Skill,0,1,0.0,1.0487347015825407e-05,-1.0487347015825407e-05
robotic simulation software,Hard Skill,0,1,0.0,1.0487347015825407e-05,-1.0487347015825407e-05
robotic workstation software,Hard Skill,0,1,0.0,1.0487347015825407e-05,-1.0487347015825407e-05
robotics academy robotc,Hard Skill,0,1,0.0,1.0487347015825407e-05,-1.0487347015825407e-05
robotware diecast,Hard Skill,0,1,0.0,1.0487347015825407e-05,-1.0487347015825407e-05
robust software overseer suite,Hard Skill,0,1,0.0,1.0487347015825407e-05,-1.0487347015825407e-05
maxwell systems quest estimator,Hard Skill,0,1,0.0,1.0487347015825407e-05,-1.0487347015825407e-05
maya embedded language mel,Hard Skill,0,1,0.0,1.0487347015825407e-05,-1.0487347015825407e-05
materials data incorporated jade,Hard Skill,0,1,0.0,1.0487347015825407e-05,-1.0487347015825407e-05
materials inventory software,Hard Skill,0,1,0.0,1.0487347015825407e-05,-1.0487347015825407e-05
materials requirements planning logistics and supply chain software,Hard Skill,0,1,0.0,1.0487347015825407e-05,-1.0487347015825407e-05
materials testing software,Hard Skill,0,1,0.0,1.0487347015825407e-05,-1.0487347015825407e-05
materilise magics,Hard Skill,0,1,0.0,1.0487347015825407e-05,-1.0487347015825407e-05
mathematical simulation software,Hard Skill,0,1,0.0,1.0487347015825407e-05,-1.0487347015825407e-05
mathworks simulink dsp blockset,Hard Skill,0,1,0.0,1.0487347015825407e-05,-1.0487347015825407e-05
master ration calculator,Hard Skill,0,1,0.0,1.0487347015825407e-05,-1.0487347015825407e-05
master scheduling software,Hard Skill,0,1,0.0,1.0487347015825407e-05,-1.0487347015825407e-05
master seafloor digital database,Hard Skill,0,1,0.0,1.0487347015825407e-05,-1.0487347015825407e-05
mastercam design,Hard Skill,0,1,0.0,1.0487347015825407e-05,-1.0487347015825407e-05
mastercontrol md,Hard Skill,0,1,0.0,1.0487347015825407e-05,-1.0487347015825407e-05
mastercontrol totalpharma,Hard Skill,0,1,0.0,1.0487347015825407e-05,-1.0487347015825407e-05
mastermind,Hard Skill,0,1,0.0,1.0487347015825407e-05,-1.0487347015825407e-05
river lake altimetry product,Hard Skill,0,1,0.0,1.0487347015825407e-05,-1.0487347015825407e-05
riverbed technology,Hard Skill,0,1,0.0,1.0487347015825407e-05,-1.0487347015825407e-05
rivs automated interview software,Hard Skill,0,1,0.0,1.0487347015825407e-05,-1.0487347015825407e-05
rl solutions feedback monitorpro,Hard Skill,0,1,0.0,1.0487347015825407e-05,-1.0487347015825407e-05
mathworks simulink fixed-point blockset,Hard Skill,0,1,0.0,1.0487347015825407e-05,-1.0487347015825407e-05
matrix calculation software,Hard Skill,0,1,0.0,1.0487347015825407e-05,-1.0487347015825407e-05
mavenlink,Hard Skill,0,1,0.0,1.0487347015825407e-05,-1.0487347015825407e-05
max systems max-gold medical clinic software,Hard Skill,0,1,0.0,1.0487347015825407e-05,-1.0487347015825407e-05
max systems max-gold7,Hard Skill,0,1,0.0,1.0487347015825407e-05,-1.0487347015825407e-05
maxima software,Hard Skill,0,1,0.0,1.0487347015825407e-05,-1.0487347015825407e-05
maximal software mpl modeling system,Hard Skill,0,1,0.0,1.0487347015825407e-05,-1.0487347015825407e-05
maxon bodypaint 3d,Hard Skill,0,1,0.0,1.0487347015825407e-05,-1.0487347015825407e-05
maxscript,Hard Skill,0,1,0.0,1.0487347015825407e-05,-1.0487347015825407e-05
maxsea time zero navigator noaa,Hard Skill,0,1,0.0,1.0487347015825407e-05,-1.0487347015825407e-05
maxsea timezero,Hard Skill,0,1,0.0,1.0487347015825407e-05,-1.0487347015825407e-05
maxwell systems american contractor,Hard Skill,0,1,0.0,1.0487347015825407e-05,-1.0487347015825407e-05
mdofficemanager medivoxx,Hard Skill,0,1,0.0,1.0487347015825407e-05,-1.0487347015825407e-05
mds analytical technologies genepix pro,Hard Skill,0,1,0.0,1.0487347015825407e-05,-1.0487347015825407e-05
maya htt i-deas,Hard Skill,0,1,0.0,1.0487347015825407e-05,-1.0487347015825407e-05
mayer-johnson boardmaker,Hard Skill,0,1,0.0,1.0487347015825407e-05,-1.0487347015825407e-05
mc2 systems auto librarian,Hard Skill,0,1,0.0,1.0487347015825407e-05,-1.0487347015825407e-05
mcafee enterprise security manager,Hard Skill,0,1,0.0,1.0487347015825407e-05,-1.0487347015825407e-05
mccabe software truechange,Hard Skill,0,1,0.0,1.0487347015825407e-05,-1.0487347015825407e-05
mckesson horizon ambulatory care,Hard Skill,0,1,0.0,1.0487347015825407e-05,-1.0487347015825407e-05
mckesson horizon anatomic pathology,Hard Skill,0,1,0.0,1.0487347015825407e-05,-1.0487347015825407e-05
mckesson horizon blood bank,Hard Skill,0,1,0.0,1.0487347015825407e-05,-1.0487347015825407e-05
rinda technologies diacom marine,Hard Skill,0,1,0.0,1.0487347015825407e-05,-1.0487347015825407e-05
risa technologies risamasonry,Hard Skill,0,1,0.0,1.0487347015825407e-05,-1.0487347015825407e-05
risk analysis software,Hard Skill,0,1,0.0,1.0487347015825407e-05,-1.0487347015825407e-05
risk assessment software,Hard Skill,0,1,0.0,1.0487347015825407e-05,-1.0487347015825407e-05
risk management software,Hard Skill,0,1,0.0,1.0487347015825407e-05,-1.0487347015825407e-05
risoe national laboratory wind atlas analysis and application program wasp,Hard Skill,0,1,0.0,1.0487347015825407e-05,-1.0487347015825407e-05
rfms schedule pro,Hard Skill,0,1,0.0,1.0487347015825407e-05,-1.0487347015825407e-05
rga aura,Hard Skill,0,1,0.0,1.0487347015825407e-05,-1.0487347015825407e-05
rga facultative application console,Hard Skill,0,1,0.0,1.0487347015825407e-05,-1.0487347015825407e-05
rhinosoft ftp voyager,Hard Skill,0,1,0.0,1.0487347015825407e-05,-1.0487347015825407e-05
rhythm rascal,Hard Skill,0,1,0.0,1.0487347015825407e-05,-1.0487347015825407e-05
ribbonsoft qcad,Hard Skill,0,1,0.0,1.0487347015825407e-05,-1.0487347015825407e-05
rice simulator for ilp multiprocessors rsim,Hard Skill,0,1,0.0,1.0487347015825407e-05,-1.0487347015825407e-05
riege software international procars,Hard Skill,0,1,0.0,1.0487347015825407e-05,-1.0487347015825407e-05
rietan,Hard Skill,0,1,0.0,1.0487347015825407e-05,-1.0487347015825407e-05
mckesson horizon lab financials,Hard Skill,0,1,0.0,1.0487347015825407e-05,-1.0487347015825407e-05
mckesson horizon mobilecare phlebotomy,Hard Skill,0,1,0.0,1.0487347015825407e-05,-1.0487347015825407e-05
mckesson radiology manager,Hard Skill,0,1,0.0,1.0487347015825407e-05,-1.0487347015825407e-05
mcnp dose assessment computer code,Hard Skill,0,1,0.0,1.0487347015825407e-05,-1.0487347015825407e-05
mctrans transyt-7f,Hard Skill,0,1,0.0,1.0487347015825407e-05,-1.0487347015825407e-05
mdc services dentalmate,Hard Skill,0,1,0.0,1.0487347015825407e-05,-1.0487347015825407e-05
mdeverywhere,Hard Skill,0,1,0.0,1.0487347015825407e-05,-1.0487347015825407e-05
medical billing software,Hard Skill,0,1,0.0,1.0487347015825407e-05,-1.0487347015825407e-05
mdsi opencnc,Hard Skill,0,1,0.0,1.0487347015825407e-05,-1.0487347015825407e-05
mealmaster cookbook wizard,Hard Skill,0,1,0.0,1.0487347015825407e-05,-1.0487347015825407e-05
meals plus,Hard Skill,0,1,0.0,1.0487347015825407e-05,-1.0487347015825407e-05
measure square,Hard Skill,0,1,0.0,1.0487347015825407e-05,-1.0487347015825407e-05
meat inventory software,Hard Skill,0,1,0.0,1.0487347015825407e-05,-1.0487347015825407e-05
mechanical electrical plumbing mep design software,Hard Skill,0,1,0.0,1.0487347015825407e-05,-1.0487347015825407e-05
mecsoft corporation rhinocam,Hard Skill,0,1,0.0,1.0487347015825407e-05,-1.0487347015825407e-05
mecsoft corporation visualmill,Hard Skill,0,1,0.0,1.0487347015825407e-05,-1.0487347015825407e-05
mecsoft corporation visualturn,Hard Skill,0,1,0.0,1.0487347015825407e-05,-1.0487347015825407e-05
revised universal soil loss equation rusle software,Hard Skill,0,1,0.0,1.0487347015825407e-05,-1.0487347015825407e-05
reyburn cybertuner,Hard Skill,0,1,0.0,1.0487347015825407e-05,-1.0487347015825407e-05
rezdy booking software,Hard Skill,0,1,0.0,1.0487347015825407e-05,-1.0487347015825407e-05
rezgo online booking software,Hard Skill,0,1,0.0,1.0487347015825407e-05,-1.0487347015825407e-05
rezopia,Hard Skill,0,1,0.0,1.0487347015825407e-05,-1.0487347015825407e-05
rfid software,Hard Skill,0,1,0.0,1.0487347015825407e-05,-1.0487347015825407e-05
revcad software sheet lightning,Hard Skill,0,1,0.0,1.0487347015825407e-05,-1.0487347015825407e-05
reveal systems truewire,Hard Skill,0,1,0.0,1.0487347015825407e-05,-1.0487347015825407e-05
revelwood,Hard Skill,0,1,0.0,1.0487347015825407e-05,-1.0487347015825407e-05
medepresence,Hard Skill,0,1,0.0,1.0487347015825407e-05,-1.0487347015825407e-05
medevolve eceno,Hard Skill,0,1,0.0,1.0487347015825407e-05,-1.0487347015825407e-05
medez behavioral healthcare and substance abuse software,Hard Skill,0,1,0.0,1.0487347015825407e-05,-1.0487347015825407e-05
medforce technologies workflow,Hard Skill,0,1,0.0,1.0487347015825407e-05,-1.0487347015825407e-05
medgate enterprise ehs,Hard Skill,0,1,0.0,1.0487347015825407e-05,-1.0487347015825407e-05
medgen ped,Hard Skill,0,1,0.0,1.0487347015825407e-05,-1.0487347015825407e-05
media storage management software,Hard Skill,0,1,0.0,1.0487347015825407e-05,-1.0487347015825407e-05
mediachance multimedia builder,Hard Skill,0,1,0.0,1.0487347015825407e-05,-1.0487347015825407e-05
medianet solutions e-iep pro,Hard Skill,0,1,0.0,1.0487347015825407e-05,-1.0487347015825407e-05
mediashout,Hard Skill,0,1,0.0,1.0487347015825407e-05,-1.0487347015825407e-05
mediavue,Hard Skill,0,1,0.0,1.0487347015825407e-05,-1.0487347015825407e-05
mediawiki,Hard Skill,0,1,0.0,1.0487347015825407e-05,-1.0487347015825407e-05
medicaid management information system mmis,Hard Skill,0,1,0.0,1.0487347015825407e-05,-1.0487347015825407e-05
medical imaging software,Hard Skill,0,1,0.0,1.0487347015825407e-05,-1.0487347015825407e-05
medical information databases,Hard Skill,0,1,0.0,1.0487347015825407e-05,-1.0487347015825407e-05
medical information software,Hard Skill,0,1,0.0,1.0487347015825407e-05,-1.0487347015825407e-05
medical outcome systems emini software suite,Hard Skill,0,1,0.0,1.0487347015825407e-05,-1.0487347015825407e-05
medical records software,Hard Skill,0,1,0.0,1.0487347015825407e-05,-1.0487347015825407e-05
medical scientists hybridai,Hard Skill,0,1,0.0,1.0487347015825407e-05,-1.0487347015825407e-05
resume extraction and search software,Hard Skill,0,1,0.0,1.0487347015825407e-05,-1.0487347015825407e-05
resume processing software,Hard Skill,0,1,0.0,1.0487347015825407e-05,-1.0487347015825407e-05
resumerobot,Hard Skill,0,1,0.0,1.0487347015825407e-05,-1.0487347015825407e-05
retail management software,Hard Skill,0,1,0.0,1.0487347015825407e-05,-1.0487347015825407e-05
retail sales software,Hard Skill,0,1,0.0,1.0487347015825407e-05,-1.0487347015825407e-05
retain resource planning,Hard Skill,0,1,0.0,1.0487347015825407e-05,-1.0487347015825407e-05
retargetable compiler,Hard Skill,0,1,0.0,1.0487347015825407e-05,-1.0487347015825407e-05
retirement planning software,Hard Skill,0,1,0.0,1.0487347015825407e-05,-1.0487347015825407e-05
retscreen,Hard Skill,0,1,0.0,1.0487347015825407e-05,-1.0487347015825407e-05
reudink software zooeasy,Hard Skill,0,1,0.0,1.0487347015825407e-05,-1.0487347015825407e-05
restaurant operations & management spreadsheet library,Hard Skill,0,1,0.0,1.0487347015825407e-05,-1.0487347015825407e-05
results international systems artius suite,Hard Skill,0,1,0.0,1.0487347015825407e-05,-1.0487347015825407e-05
resume converter software,Hard Skill,0,1,0.0,1.0487347015825407e-05,-1.0487347015825407e-05
medical scientists medisave,Hard Skill,0,1,0.0,1.0487347015825407e-05,-1.0487347015825407e-05
medical surveillance software,Hard Skill,0,1,0.0,1.0487347015825407e-05,-1.0487347015825407e-05
medical terminology databases,Hard Skill,0,1,0.0,1.0487347015825407e-05,-1.0487347015825407e-05
medicine rules powerseat 360,Hard Skill,0,1,0.0,1.0487347015825407e-05,-1.0487347015825407e-05
medidata rave data management,Hard Skill,0,1,0.0,1.0487347015825407e-05,-1.0487347015825407e-05
medigraph,Hard Skill,0,1,0.0,1.0487347015825407e-05,-1.0487347015825407e-05
medinotes charting plus,Hard Skill,0,1,0.0,1.0487347015825407e-05,-1.0487347015825407e-05
mediregs complytrack,Hard Skill,0,1,0.0,1.0487347015825407e-05,-1.0487347015825407e-05
mediregs e-dition compliance monitor,Hard Skill,0,1,0.0,1.0487347015825407e-05,-1.0487347015825407e-05
medical calculator software,Hard Skill,0,1,0.0,1.0487347015825407e-05,-1.0487347015825407e-05
medical decision support software,Hard Skill,0,1,0.0,1.0487347015825407e-05,-1.0487347015825407e-05
medical equipment diagnostic software,Hard Skill,0,1,0.0,1.0487347015825407e-05,-1.0487347015825407e-05
medical image processing software,Hard Skill,0,1,0.0,1.0487347015825407e-05,-1.0487347015825407e-05
meditab ims orthopedics/sports medicine,Hard Skill,0,1,0.0,1.0487347015825407e-05,-1.0487347015825407e-05
meditab software allergyehr,Hard Skill,0,1,0.0,1.0487347015825407e-05,-1.0487347015825407e-05
meditech anatomical pathology,Hard Skill,0,1,0.0,1.0487347015825407e-05,-1.0487347015825407e-05
meditech blood bank,Hard Skill,0,1,0.0,1.0487347015825407e-05,-1.0487347015825407e-05
meditech hcis,Hard Skill,0,1,0.0,1.0487347015825407e-05,-1.0487347015825407e-05
meditech laboratory and microbiology,Hard Skill,0,1,0.0,1.0487347015825407e-05,-1.0487347015825407e-05
meditech supply chain management,Hard Skill,0,1,0.0,1.0487347015825407e-05,-1.0487347015825407e-05
meditwatch portaflow advanced,Hard Skill,0,1,0.0,1.0487347015825407e-05,-1.0487347015825407e-05
mediware closedloop clinical systems,Hard Skill,0,1,0.0,1.0487347015825407e-05,-1.0487347015825407e-05
resource and patient management system rpms scheduling software,Hard Skill,0,1,0.0,1.0487347015825407e-05,-1.0487347015825407e-05
resource edge talenthook sphere,Hard Skill,0,1,0.0,1.0487347015825407e-05,-1.0487347015825407e-05
resource ordering and statusing system ross,Hard Skill,0,1,0.0,1.0487347015825407e-05,-1.0487347015825407e-05
resourcemate plus,Hard Skill,0,1,0.0,1.0487347015825407e-05,-1.0487347015825407e-05
respondus,Hard Skill,0,1,0.0,1.0487347015825407e-05,-1.0487347015825407e-05
resrad,Hard Skill,0,1,0.0,1.0487347015825407e-05,-1.0487347015825407e-05
restaurant manager,Hard Skill,0,1,0.0,1.0487347015825407e-05,-1.0487347015825407e-05
mentor graphics precision rtl,Hard Skill,0,1,0.0,1.0487347015825407e-05,-1.0487347015825407e-05
mediware information systems hcll donor,Hard Skill,0,1,0.0,1.0487347015825407e-05,-1.0487347015825407e-05
mediware information systems hcll transfusion,Hard Skill,0,1,0.0,1.0487347015825407e-05,-1.0487347015825407e-05
mediware information systems lifetrak,Hard Skill,0,1,0.0,1.0487347015825407e-05,-1.0487347015825407e-05
mediware information systems medicoe,Hard Skill,0,1,0.0,1.0487347015825407e-05,-1.0487347015825407e-05
medovation radrunner,Hard Skill,0,1,0.0,1.0487347015825407e-05,-1.0487347015825407e-05
medq q/ris,Hard Skill,0,1,0.0,1.0487347015825407e-05,-1.0487347015825407e-05
medquist docqment enterprise platform,Hard Skill,0,1,0.0,1.0487347015825407e-05,-1.0487347015825407e-05
medstat/inforum,Hard Skill,0,1,0.0,1.0487347015825407e-05,-1.0487347015825407e-05
medxview ectdauditor,Hard Skill,0,1,0.0,1.0487347015825407e-05,-1.0487347015825407e-05
meeting scheduling software,Hard Skill,0,1,0.0,1.0487347015825407e-05,-1.0487347015825407e-05
meetingmatrix international,Hard Skill,0,1,0.0,1.0487347015825407e-05,-1.0487347015825407e-05
memberclicks complete,Hard Skill,0,1,0.0,1.0487347015825407e-05,-1.0487347015825407e-05
mediregs pharmaceutical regulation suite,Hard Skill,0,1,0.0,1.0487347015825407e-05,-1.0487347015825407e-05
mediregs regulation and reimbursement suite,Hard Skill,0,1,0.0,1.0487347015825407e-05,-1.0487347015825407e-05
mediregs risk assessment manager,Hard Skill,0,1,0.0,1.0487347015825407e-05,-1.0487347015825407e-05
residential home inspection form software,Hard Skill,0,1,0.0,1.0487347015825407e-05,-1.0487347015825407e-05
resoft windfarm,Hard Skill,0,1,0.0,1.0487347015825407e-05,-1.0487347015825407e-05
resolve legislative compliance management,Hard Skill,0,1,0.0,1.0487347015825407e-05,-1.0487347015825407e-05
resolve systems service management,Hard Skill,0,1,0.0,1.0487347015825407e-05,-1.0487347015825407e-05
resort data processing,Hard Skill,0,1,0.0,1.0487347015825407e-05,-1.0487347015825407e-05
resource and patient management system rpms patient registration software,Hard Skill,0,1,0.0,1.0487347015825407e-05,-1.0487347015825407e-05
membership databases,Hard Skill,0,1,0.0,1.0487347015825407e-05,-1.0487347015825407e-05
memphis survey explorer,Hard Skill,0,1,0.0,1.0487347015825407e-05,-1.0487347015825407e-05
memscap mems pro,Hard Skill,0,1,0.0,1.0487347015825407e-05,-1.0487347015825407e-05
mensi 3dipsos,Hard Skill,0,1,0.0,1.0487347015825407e-05,-1.0487347015825407e-05
mensurix audio,Hard Skill,0,1,0.0,1.0487347015825407e-05,-1.0487347015825407e-05
mental images mental ray,Hard Skill,0,1,0.0,1.0487347015825407e-05,-1.0487347015825407e-05
mentor graphics bsdarchitect,Hard Skill,0,1,0.0,1.0487347015825407e-05,-1.0487347015825407e-05
mentor graphics calibre,Hard Skill,0,1,0.0,1.0487347015825407e-05,-1.0487347015825407e-05
mentor graphics expedition enterprise,Hard Skill,0,1,0.0,1.0487347015825407e-05,-1.0487347015825407e-05
mentor graphics flowmaster,Hard Skill,0,1,0.0,1.0487347015825407e-05,-1.0487347015825407e-05
mercure dose assessment computer codes,Hard Skill,0,1,0.0,1.0487347015825407e-05,-1.0487347015825407e-05
merge healthcare etrials,Hard Skill,0,1,0.0,1.0487347015825407e-05,-1.0487347015825407e-05
merge healthcare merge ris,Hard Skill,0,1,0.0,1.0487347015825407e-05,-1.0487347015825407e-05
meridian technologies surepoint,Hard Skill,0,1,0.0,1.0487347015825407e-05,-1.0487347015825407e-05
merlin information services databases,Hard Skill,0,1,0.0,1.0487347015825407e-05,-1.0487347015825407e-05
merlinco merlin,Hard Skill,0,1,0.0,1.0487347015825407e-05,-1.0487347015825407e-05
merry mechanization smp/is,Hard Skill,0,1,0.0,1.0487347015825407e-05,-1.0487347015825407e-05
mesh generation software,Hard Skill,0,1,0.0,1.0487347015825407e-05,-1.0487347015825407e-05
mesoscale modeling software,Hard Skill,0,1,0.0,1.0487347015825407e-05,-1.0487347015825407e-05
mesquite software csim,Hard Skill,0,1,0.0,1.0487347015825407e-05,-1.0487347015825407e-05
reporterworks,Hard Skill,0,1,0.0,1.0487347015825407e-05,-1.0487347015825407e-05
requirements analysis software,Hard Skill,0,1,0.0,1.0487347015825407e-05,-1.0487347015825407e-05
rescheck,Hard Skill,0,1,0.0,1.0487347015825407e-05,-1.0487347015825407e-05
rescueconnection software shelterconntection,Hard Skill,0,1,0.0,1.0487347015825407e-05,-1.0487347015825407e-05
research spectrum survent cati,Hard Skill,0,1,0.0,1.0487347015825407e-05,-1.0487347015825407e-05
reservation software,Hard Skill,0,1,0.0,1.0487347015825407e-05,-1.0487347015825407e-05
micro-press microstation powerdraft,Hard Skill,0,1,0.0,1.0487347015825407e-05,-1.0487347015825407e-05
meta-analysis with interactive explanations mix,Hard Skill,0,1,0.0,1.0487347015825407e-05,-1.0487347015825407e-05
metal designing software,Hard Skill,0,1,0.0,1.0487347015825407e-05,-1.0487347015825407e-05
metalcam fikus visualcam,Hard Skill,0,1,0.0,1.0487347015825407e-05,-1.0487347015825407e-05
metalix cad/cam system cnckad,Hard Skill,0,1,0.0,1.0487347015825407e-05,-1.0487347015825407e-05
metamation metacam,Hard Skill,0,1,0.0,1.0487347015825407e-05,-1.0487347015825407e-05
metasystems isis color karyotyping,Hard Skill,0,1,0.0,1.0487347015825407e-05,-1.0487347015825407e-05
meter reading software,Hard Skill,0,1,0.0,1.0487347015825407e-05,-1.0487347015825407e-05
methodware era,Hard Skill,0,1,0.0,1.0487347015825407e-05,-1.0487347015825407e-05
metricstream compliance management,Hard Skill,0,1,0.0,1.0487347015825407e-05,-1.0487347015825407e-05
metricstream enterprise compliance platform,Hard Skill,0,1,0.0,1.0487347015825407e-05,-1.0487347015825407e-05
metricstream regulatory reporting,Hard Skill,0,1,0.0,1.0487347015825407e-05,-1.0487347015825407e-05
metrix imageware surfacer,Hard Skill,0,1,0.0,1.0487347015825407e-05,-1.0487347015825407e-05
metrologic group metrolog xg,Hard Skill,0,1,0.0,1.0487347015825407e-05,-1.0487347015825407e-05
mentor graphics vesys design,Hard Skill,0,1,0.0,1.0487347015825407e-05,-1.0487347015825407e-05
menu and nutrition database software,Hard Skill,0,1,0.0,1.0487347015825407e-05,-1.0487347015825407e-05
remote sensing software,Hard Skill,0,1,0.0,1.0487347015825407e-05,-1.0487347015825407e-05
renaissance mastercarpenter,Hard Skill,0,1,0.0,1.0487347015825407e-05,-1.0487347015825407e-05
renoise,Hard Skill,0,1,0.0,1.0487347015825407e-05,-1.0487347015825407e-05
repeatmasker,Hard Skill,0,1,0.0,1.0487347015825407e-05,-1.0487347015825407e-05
report writing software,Hard Skill,0,1,0.0,1.0487347015825407e-05,-1.0487347015825407e-05
meyer instruments optimas,Hard Skill,0,1,0.0,1.0487347015825407e-05,-1.0487347015825407e-05
mghworld travel agents,Hard Skill,0,1,0.0,1.0487347015825407e-05,-1.0487347015825407e-05
mhc document express,Hard Skill,0,1,0.0,1.0487347015825407e-05,-1.0487347015825407e-05
mi-assistant mi management system,Hard Skill,0,1,0.0,1.0487347015825407e-05,-1.0487347015825407e-05
mi-co software,Hard Skill,0,1,0.0,1.0487347015825407e-05,-1.0487347015825407e-05
mica information systems mica-med practice manager,Hard Skill,0,1,0.0,1.0487347015825407e-05,-1.0487347015825407e-05
michigan state university msu proflex,Hard Skill,0,1,0.0,1.0487347015825407e-05,-1.0487347015825407e-05
micro focus testpartner,Hard Skill,0,1,0.0,1.0487347015825407e-05,-1.0487347015825407e-05
micro j systems pchunter,Hard Skill,0,1,0.0,1.0487347015825407e-05,-1.0487347015825407e-05
micro video video voice speech training system,Hard Skill,0,1,0.0,1.0487347015825407e-05,-1.0487347015825407e-05
micro video voice speech training system,Hard Skill,0,1,0.0,1.0487347015825407e-05,-1.0487347015825407e-05
microblast recipe wizard for windows,Hard Skill,0,1,0.0,1.0487347015825407e-05,-1.0487347015825407e-05
microdem,Hard Skill,0,1,0.0,1.0487347015825407e-05,-1.0487347015825407e-05
microelectromechanical systems mems simulation software,Hard Skill,0,1,0.0,1.0487347015825407e-05,-1.0487347015825407e-05
microfit healthwizard,Hard Skill,0,1,0.0,1.0487347015825407e-05,-1.0487347015825407e-05
micromuse netcool,Hard Skill,0,1,0.0,1.0487347015825407e-05,-1.0487347015825407e-05
micronetics xpert write-up,Hard Skill,0,1,0.0,1.0487347015825407e-05,-1.0487347015825407e-05
micropact entellitrak labor relations edition,Hard Skill,0,1,0.0,1.0487347015825407e-05,-1.0487347015825407e-05
micropress vtex,Hard Skill,0,1,0.0,1.0487347015825407e-05,-1.0487347015825407e-05
micros systems micros 9700 hms,Hard Skill,0,1,0.0,1.0487347015825407e-05,-1.0487347015825407e-05
remote access software,Hard Skill,0,1,0.0,1.0487347015825407e-05,-1.0487347015825407e-05
remote authentication dial-in user service radius software,Hard Skill,0,1,0.0,1.0487347015825407e-05,-1.0487347015825407e-05
remote deposit capture software,Hard Skill,0,1,0.0,1.0487347015825407e-05,-1.0487347015825407e-05
remote desktop control software,Hard Skill,0,1,0.0,1.0487347015825407e-05,-1.0487347015825407e-05
remote install server software,Hard Skill,0,1,0.0,1.0487347015825407e-05,-1.0487347015825407e-05
remote monitoring software,Hard Skill,0,1,0.0,1.0487347015825407e-05,-1.0487347015825407e-05
remote operated vehicle rov dive log software,Hard Skill,0,1,0.0,1.0487347015825407e-05,-1.0487347015825407e-05
reliability information software,Hard Skill,0,1,0.0,1.0487347015825407e-05,-1.0487347015825407e-05
reliasoft alta 6 pro,Hard Skill,0,1,0.0,1.0487347015825407e-05,-1.0487347015825407e-05
reliasoft blocksim,Hard Skill,0,1,0.0,1.0487347015825407e-05,-1.0487347015825407e-05
reliasoft prism,Hard Skill,0,1,0.0,1.0487347015825407e-05,-1.0487347015825407e-05
reliasoft rcm++,Hard Skill,0,1,0.0,1.0487347015825407e-05,-1.0487347015825407e-05
reliass eagle,Hard Skill,0,1,0.0,1.0487347015825407e-05,-1.0487347015825407e-05
remedy interactive imitigate,Hard Skill,0,1,0.0,1.0487347015825407e-05,-1.0487347015825407e-05
remote access call center software,Hard Skill,0,1,0.0,1.0487347015825407e-05,-1.0487347015825407e-05
micros systems opera enterprise solution oes,Hard Skill,0,1,0.0,1.0487347015825407e-05,-1.0487347015825407e-05
micros systems opera property management system pms,Hard Skill,0,1,0.0,1.0487347015825407e-05,-1.0487347015825407e-05
micros xbr loss prevention,Hard Skill,0,1,0.0,1.0487347015825407e-05,-1.0487347015825407e-05
microscope imaging software,Hard Skill,0,1,0.0,1.0487347015825407e-05,-1.0487347015825407e-05
microsoft activesync,Hard Skill,0,1,0.0,1.0487347015825407e-05,-1.0487347015825407e-05
microsoft axapta,Hard Skill,0,1,0.0,1.0487347015825407e-05,-1.0487347015825407e-05
microsoft azure data factory,Hard Skill,0,1,0.0,1.0487347015825407e-05,-1.0487347015825407e-05
microarchitecture simulation software,Hard Skill,0,1,0.0,1.0487347015825407e-05,-1.0487347015825407e-05
regional energy deployment system reeds,Hard Skill,0,1,0.0,1.0487347015825407e-05,-1.0487347015825407e-05
register transfer language rtl,Hard Skill,0,1,0.0,1.0487347015825407e-05,-1.0487347015825407e-05
regmon,Hard Skill,0,1,0.0,1.0487347015825407e-05,-1.0487347015825407e-05
regnow chrysanth inventory manager,Hard Skill,0,1,0.0,1.0487347015825407e-05,-1.0487347015825407e-05
regulatory agency compliance software,Hard Skill,0,1,0.0,1.0487347015825407e-05,-1.0487347015825407e-05
regulussoft route accounting,Hard Skill,0,1,0.0,1.0487347015825407e-05,-1.0487347015825407e-05
rei wise commercial,Hard Skill,0,1,0.0,1.0487347015825407e-05,-1.0487347015825407e-05
relative values for physicians,Hard Skill,0,1,0.0,1.0487347015825407e-05,-1.0487347015825407e-05
microsoft azure sentinel,Hard Skill,0,1,0.0,1.0487347015825407e-05,-1.0487347015825407e-05
microsoft bing,Hard Skill,0,1,0.0,1.0487347015825407e-05,-1.0487347015825407e-05
microsoft business intelligence bi,Hard Skill,0,1,0.0,1.0487347015825407e-05,-1.0487347015825407e-05
microsoft dns server,Hard Skill,0,1,0.0,1.0487347015825407e-05,-1.0487347015825407e-05
microsoft dynamics erp,Hard Skill,0,1,0.0,1.0487347015825407e-05,-1.0487347015825407e-05
relativity e-discovery,Hard Skill,0,1,0.0,1.0487347015825407e-05,-1.0487347015825407e-05
relavis crm portal,Hard Skill,0,1,0.0,1.0487347015825407e-05,-1.0487347015825407e-05
relex fmea,Hard Skill,0,1,0.0,1.0487347015825407e-05,-1.0487347015825407e-05
rediker software school office suite,Hard Skill,0,1,0.0,1.0487347015825407e-05,-1.0487347015825407e-05
redmine,Hard Skill,0,1,0.0,1.0487347015825407e-05,-1.0487347015825407e-05
redprairie e2e,Hard Skill,0,1,0.0,1.0487347015825407e-05,-1.0487347015825407e-05
redrock software tutortrac,Hard Skill,0,1,0.0,1.0487347015825407e-05,-1.0487347015825407e-05
redsky it entirety e-booking,Hard Skill,0,1,0.0,1.0487347015825407e-05,-1.0487347015825407e-05
redtail technology our business online,Hard Skill,0,1,0.0,1.0487347015825407e-05,-1.0487347015825407e-05
1st pricing window & door toolkit,Hard Skill,0,1,0.0,1.0487347015825407e-05,-1.0487347015825407e-05
reference management software,Hard Skill,0,1,0.0,1.0487347015825407e-05,-1.0487347015825407e-05
"refugee, asylum and parole system raps",Hard Skill,0,1,0.0,1.0487347015825407e-05,-1.0487347015825407e-05
microsoft entourage,Hard Skill,0,1,0.0,1.0487347015825407e-05,-1.0487347015825407e-05
microsoft expression blend,Hard Skill,0,1,0.0,1.0487347015825407e-05,-1.0487347015825407e-05
microsoft expression design,Hard Skill,0,1,0.0,1.0487347015825407e-05,-1.0487347015825407e-05
microsoft extensible application markup language (xaml),Hard Skill,0,1,0.0,1.0487347015825407e-05,-1.0487347015825407e-05
microsoft forefront identify manager,Hard Skill,0,1,0.0,1.0487347015825407e-05,-1.0487347015825407e-05
microsoft forefront threat management gateway,Hard Skill,0,1,0.0,1.0487347015825407e-05,-1.0487347015825407e-05
microsoft high level shader language hlsl,Hard Skill,0,1,0.0,1.0487347015825407e-05,-1.0487347015825407e-05
recruitpoint.net,Hard Skill,0,1,0.0,1.0487347015825407e-05,-1.0487347015825407e-05
recruittrack,Hard Skill,0,1,0.0,1.0487347015825407e-05,-1.0487347015825407e-05
red giant trapcode particular,Hard Skill,0,1,0.0,1.0487347015825407e-05,-1.0487347015825407e-05
red prarie warehouse management,Hard Skill,0,1,0.0,1.0487347015825407e-05,-1.0487347015825407e-05
red rock deltagraph,Hard Skill,0,1,0.0,1.0487347015825407e-05,-1.0487347015825407e-05
red sweater marsedit,Hard Skill,0,1,0.0,1.0487347015825407e-05,-1.0487347015825407e-05
microsoft internet information services (iis) manager,Hard Skill,0,1,0.0,1.0487347015825407e-05,-1.0487347015825407e-05
microsoft mobile explorer mme,Hard Skill,0,1,0.0,1.0487347015825407e-05,-1.0487347015825407e-05
microsoft money,Hard Skill,0,1,0.0,1.0487347015825407e-05,-1.0487347015825407e-05
microsoft network monitor,Hard Skill,0,1,0.0,1.0487347015825407e-05,-1.0487347015825407e-05
microsoft office document imaging,Hard Skill,0,1,0.0,1.0487347015825407e-05,-1.0487347015825407e-05
microsoft office frontpage,Hard Skill,0,1,0.0,1.0487347015825407e-05,-1.0487347015825407e-05
microsoft office mobile,Hard Skill,0,1,0.0,1.0487347015825407e-05,-1.0487347015825407e-05
red wing software centerpoint accounting for agriculture,Hard Skill,0,1,0.0,1.0487347015825407e-05,-1.0487347015825407e-05
redberry logistics,Hard Skill,0,1,0.0,1.0487347015825407e-05,-1.0487347015825407e-05
redi enterprise development redi erm,Hard Skill,0,1,0.0,1.0487347015825407e-05,-1.0487347015825407e-05
realtystar real estate assistant,Hard Skill,0,1,0.0,1.0487347015825407e-05,-1.0487347015825407e-05
rebarwin,Hard Skill,0,1,0.0,1.0487347015825407e-05,-1.0487347015825407e-05
recipe cost control software,Hard Skill,0,1,0.0,1.0487347015825407e-05,-1.0487347015825407e-05
recipe software,Hard Skill,0,1,0.0,1.0487347015825407e-05,-1.0487347015825407e-05
recordkeeper software school recordkeeper,Hard Skill,0,1,0.0,1.0487347015825407e-05,-1.0487347015825407e-05
records management systems,Hard Skill,0,1,0.0,1.0487347015825407e-05,-1.0487347015825407e-05
microsoft onfolio,Hard Skill,0,1,0.0,1.0487347015825407e-05,-1.0487347015825407e-05
microsoft picture it!,Hard Skill,0,1,0.0,1.0487347015825407e-05,-1.0487347015825407e-05
zoller,Hard Skill,0,1,0.0,1.0487347015825407e-05,-1.0487347015825407e-05
microsoft power platform software,Hard Skill,0,1,0.0,1.0487347015825407e-05,-1.0487347015825407e-05
microsoft proclarity,Hard Skill,0,1,0.0,1.0487347015825407e-05,-1.0487347015825407e-05
microsoft security esssentials,Hard Skill,0,1,0.0,1.0487347015825407e-05,-1.0487347015825407e-05
recovery audit software,Hard Skill,0,1,0.0,1.0487347015825407e-05,-1.0487347015825407e-05
recoveryplanner rpx,Hard Skill,0,1,0.0,1.0487347015825407e-05,-1.0487347015825407e-05
recruit wizard,Hard Skill,0,1,0.0,1.0487347015825407e-05,-1.0487347015825407e-05
recruitment management software,Hard Skill,0,1,0.0,1.0487347015825407e-05,-1.0487347015825407e-05
real pro,Hard Skill,0,1,0.0,1.0487347015825407e-05,-1.0487347015825407e-05
realbenefits amortization loan,Hard Skill,0,1,0.0,1.0487347015825407e-05,-1.0487347015825407e-05
realdata reia,Hard Skill,0,1,0.0,1.0487347015825407e-05,-1.0487347015825407e-05
realeasybooks ezreb,Hard Skill,0,1,0.0,1.0487347015825407e-05,-1.0487347015825407e-05
realflow,Hard Skill,0,1,0.0,1.0487347015825407e-05,-1.0487347015825407e-05
microsoft sql server compact,Hard Skill,0,1,0.0,1.0487347015825407e-05,-1.0487347015825407e-05
microsoft system center,Hard Skill,0,1,0.0,1.0487347015825407e-05,-1.0487347015825407e-05
microsoft systems management server,Hard Skill,0,1,0.0,1.0487347015825407e-05,-1.0487347015825407e-05
microsoft total quality control management,Hard Skill,0,1,0.0,1.0487347015825407e-05,-1.0487347015825407e-05
microsoft virtual server,Hard Skill,0,1,0.0,1.0487347015825407e-05,-1.0487347015825407e-05
reality star proagent power series presentations,Hard Skill,0,1,0.0,1.0487347015825407e-05,-1.0487347015825407e-05
realm business solutions insight for argus,Hard Skill,0,1,0.0,1.0487347015825407e-05,-1.0487347015825407e-05
realpage onesite,Hard Skill,0,1,0.0,1.0487347015825407e-05,-1.0487347015825407e-05
realtors property resource rpr,Hard Skill,0,1,0.0,1.0487347015825407e-05,-1.0487347015825407e-05
realty tools toolkit for market share,Hard Skill,0,1,0.0,1.0487347015825407e-05,-1.0487347015825407e-05
realtystar agentoffice,Hard Skill,0,1,0.0,1.0487347015825407e-05,-1.0487347015825407e-05
microsurvey officesync,Hard Skill,0,1,0.0,1.0487347015825407e-05,-1.0487347015825407e-05
microsoft visual basic.net compact framework cf,Hard Skill,0,1,0.0,1.0487347015825407e-05,-1.0487347015825407e-05
microsoft visual j++,Hard Skill,0,1,0.0,1.0487347015825407e-05,-1.0487347015825407e-05
microsoft visual studio test professional,Hard Skill,0,1,0.0,1.0487347015825407e-05,-1.0487347015825407e-05
microsoft visual studio.net,Hard Skill,0,1,0.0,1.0487347015825407e-05,-1.0487347015825407e-05
microsoft volume shadow copy service,Hard Skill,0,1,0.0,1.0487347015825407e-05,-1.0487347015825407e-05
microsoft windows powershell,Hard Skill,0,1,0.0,1.0487347015825407e-05,-1.0487347015825407e-05
readytalk,Hard Skill,0,1,0.0,1.0487347015825407e-05,-1.0487347015825407e-05
real ear measurement rem software,Hard Skill,0,1,0.0,1.0487347015825407e-05,-1.0487347015825407e-05
real edge,Hard Skill,0,1,0.0,1.0487347015825407e-05,-1.0487347015825407e-05
real estate and tax software,Hard Skill,0,1,0.0,1.0487347015825407e-05,-1.0487347015825407e-05
real estate application contract transmission react software,Hard Skill,0,1,0.0,1.0487347015825407e-05,-1.0487347015825407e-05
real estate assistant rea,Hard Skill,0,1,0.0,1.0487347015825407e-05,-1.0487347015825407e-05
real estate center caparate calculator,Hard Skill,0,1,0.0,1.0487347015825407e-05,-1.0487347015825407e-05
real estate investment analysis software,Hard Skill,0,1,0.0,1.0487347015825407e-05,-1.0487347015825407e-05
real estate listing databases,Hard Skill,0,1,0.0,1.0487347015825407e-05,-1.0487347015825407e-05
ravenshead services writeitnow,Hard Skill,0,1,0.0,1.0487347015825407e-05,-1.0487347015825407e-05
razorsync,Hard Skill,0,1,0.0,1.0487347015825407e-05,-1.0487347015825407e-05
rbs gotour online,Hard Skill,0,1,0.0,1.0487347015825407e-05,-1.0487347015825407e-05
rcl software media library manager,Hard Skill,0,1,0.0,1.0487347015825407e-05,-1.0487347015825407e-05
rcs gselector,Hard Skill,0,1,0.0,1.0487347015825407e-05,-1.0487347015825407e-05
rcs nexgen digital,Hard Skill,0,1,0.0,1.0487347015825407e-05,-1.0487347015825407e-05
re:discovery software proficio,Hard Skill,0,1,0.0,1.0487347015825407e-05,-1.0487347015825407e-05
react native,Hard Skill,0,1,0.0,1.0487347015825407e-05,-1.0487347015825407e-05
reactor excursion and release analysis program relap,Hard Skill,0,1,0.0,1.0487347015825407e-05,-1.0487347015825407e-05
readsoft,Hard Skill,0,1,0.0,1.0487347015825407e-05,-1.0487347015825407e-05
microsoft windows pre-installation environment,Hard Skill,0,1,0.0,1.0487347015825407e-05,-1.0487347015825407e-05
microsoft windows sdk,Hard Skill,0,1,0.0,1.0487347015825407e-05,-1.0487347015825407e-05
microsoft windows terminal services access manager,Hard Skill,0,1,0.0,1.0487347015825407e-05,-1.0487347015825407e-05
microsoft windows xp professional,Hard Skill,0,1,0.0,1.0487347015825407e-05,-1.0487347015825407e-05
microsoft works,Hard Skill,0,1,0.0,1.0487347015825407e-05,-1.0487347015825407e-05
microsolve cama,Hard Skill,0,1,0.0,1.0487347015825407e-05,-1.0487347015825407e-05
microsurvey software microsurvey cad,Hard Skill,0,1,0.0,1.0487347015825407e-05,-1.0487347015825407e-05
microsurvey star*net,Hard Skill,0,1,0.0,1.0487347015825407e-05,-1.0487347015825407e-05
microsys micromd,Hard Skill,0,1,0.0,1.0487347015825407e-05,-1.0487347015825407e-05
microwave circuit simulation software,Hard Skill,0,1,0.0,1.0487347015825407e-05,-1.0487347015825407e-05
microwind dsch,Hard Skill,0,1,0.0,1.0487347015825407e-05,-1.0487347015825407e-05
midi maestro,Hard Skill,0,1,0.0,1.0487347015825407e-05,-1.0487347015825407e-05
midi score creator,Hard Skill,0,1,0.0,1.0487347015825407e-05,-1.0487347015825407e-05
midiswing,Hard Skill,0,1,0.0,1.0487347015825407e-05,-1.0487347015825407e-05
midland valley 2dmove,Hard Skill,0,1,0.0,1.0487347015825407e-05,-1.0487347015825407e-05
midland valley 3dmove,Hard Skill,0,1,0.0,1.0487347015825407e-05,-1.0487347015825407e-05
midland valley move suite,Hard Skill,0,1,0.0,1.0487347015825407e-05,-1.0487347015825407e-05
midrange software xperthire,Hard Skill,0,1,0.0,1.0487347015825407e-05,-1.0487347015825407e-05
midwest information systems pax-it,Hard Skill,0,1,0.0,1.0487347015825407e-05,-1.0487347015825407e-05
raster graphics editors,Hard Skill,0,1,0.0,1.0487347015825407e-05,-1.0487347015825407e-05
rat-stats,Hard Skill,0,1,0.0,1.0487347015825407e-05,-1.0487347015825407e-05
rate calculation software,Hard Skill,0,1,0.0,1.0487347015825407e-05,-1.0487347015825407e-05
rapide,Hard Skill,0,1,0.0,1.0487347015825407e-05,-1.0487347015825407e-05
rapiscan threat image projection,Hard Skill,0,1,0.0,1.0487347015825407e-05,-1.0487347015825407e-05
rasmol,Hard Skill,0,1,0.0,1.0487347015825407e-05,-1.0487347015825407e-05
rasmussen software anzio,Hard Skill,0,1,0.0,1.0487347015825407e-05,-1.0487347015825407e-05
mikal sms,Hard Skill,0,1,0.0,1.0487347015825407e-05,-1.0487347015825407e-05
milano spa,Hard Skill,0,1,0.0,1.0487347015825407e-05,-1.0487347015825407e-05
mileage logging software,Hard Skill,0,1,0.0,1.0487347015825407e-05,-1.0487347015825407e-05
millennium spasalon,Hard Skill,0,1,0.0,1.0487347015825407e-05,-1.0487347015825407e-05
milliman corporate affinity,Hard Skill,0,1,0.0,1.0487347015825407e-05,-1.0487347015825407e-05
milliman reservepro,Hard Skill,0,1,0.0,1.0487347015825407e-05,-1.0487347015825407e-05
millisecond software inquisit,Hard Skill,0,1,0.0,1.0487347015825407e-05,-1.0487347015825407e-05
millon behavioral medicine diagnostic,Hard Skill,0,1,0.0,1.0487347015825407e-05,-1.0487347015825407e-05
milsoft disspatch,Hard Skill,0,1,0.0,1.0487347015825407e-05,-1.0487347015825407e-05
mim software mimcardiac,Hard Skill,0,1,0.0,1.0487347015825407e-05,-1.0487347015825407e-05
mim software mimfusion,Hard Skill,0,1,0.0,1.0487347015825407e-05,-1.0487347015825407e-05
mim software mimneuro,Hard Skill,0,1,0.0,1.0487347015825407e-05,-1.0487347015825407e-05
minemax igantt,Hard Skill,0,1,0.0,1.0487347015825407e-05,-1.0487347015825407e-05
minisis mint,Hard Skill,0,1,0.0,1.0487347015825407e-05,-1.0487347015825407e-05
minnesota multiphasic personality inventory-2 mmpi-2,Hard Skill,0,1,0.0,1.0487347015825407e-05,-1.0487347015825407e-05
mintel reports,Hard Skill,0,1,0.0,1.0487347015825407e-05,-1.0487347015825407e-05
minuteman systems minuteman project management software,Hard Skill,0,1,0.0,1.0487347015825407e-05,-1.0487347015825407e-05
mir3 intelligent notification,Hard Skill,0,1,0.0,1.0487347015825407e-05,-1.0487347015825407e-05
miridia technology acugraph,Hard Skill,0,1,0.0,1.0487347015825407e-05,-1.0487347015825407e-05
ramsoft powerserver ris/pacs,Hard Skill,0,1,0.0,1.0487347015825407e-05,-1.0487347015825407e-05
rand mcnally world digital database,Hard Skill,0,1,0.0,1.0487347015825407e-05,-1.0487347015825407e-05
random forest software,Hard Skill,0,1,0.0,1.0487347015825407e-05,-1.0487347015825407e-05
raosoft surveywin,Hard Skill,0,1,0.0,1.0487347015825407e-05,-1.0487347015825407e-05
rapid application development rad software,Hard Skill,0,1,0.0,1.0487347015825407e-05,-1.0487347015825407e-05
rapid assessment tools r.a.t.,Hard Skill,0,1,0.0,1.0487347015825407e-05,-1.0487347015825407e-05
rapid intake unison,Hard Skill,0,1,0.0,1.0487347015825407e-05,-1.0487347015825407e-05
rapid medical examiners system,Hard Skill,0,1,0.0,1.0487347015825407e-05,-1.0487347015825407e-05
rapid7 software,Hard Skill,0,1,0.0,1.0487347015825407e-05,-1.0487347015825407e-05
mit oases,Hard Skill,0,1,0.0,1.0487347015825407e-05,-1.0487347015825407e-05
mitchell international mitchell workcenter,Hard Skill,0,1,0.0,1.0487347015825407e-05,-1.0487347015825407e-05
mitchell manager invoicing system,Hard Skill,0,1,0.0,1.0487347015825407e-05,-1.0487347015825407e-05
mitchell ondemand5 manager,Hard Skill,0,1,0.0,1.0487347015825407e-05,-1.0487347015825407e-05
mitek systems imagenet payments,Hard Skill,0,1,0.0,1.0487347015825407e-05,-1.0487347015825407e-05
mixed code generator,Hard Skill,0,1,0.0,1.0487347015825407e-05,-1.0487347015825407e-05
mixed integer optimizer minto,Hard Skill,0,1,0.0,1.0487347015825407e-05,-1.0487347015825407e-05
mj systems logsleuth,Hard Skill,0,1,0.0,1.0487347015825407e-05,-1.0487347015825407e-05
mlflow,Hard Skill,0,1,0.0,1.0487347015825407e-05,-1.0487347015825407e-05
mincom minescape,Hard Skill,0,1,0.0,1.0487347015825407e-05,-1.0487347015825407e-05
mind mapping software,Hard Skill,0,1,0.0,1.0487347015825407e-05,-1.0487347015825407e-05
mindbody business management software,Hard Skill,0,1,0.0,1.0487347015825407e-05,-1.0487347015825407e-05
mindgenius,Hard Skill,0,1,0.0,1.0487347015825407e-05,-1.0487347015825407e-05
mindjet mindmanager,Hard Skill,0,1,0.0,1.0487347015825407e-05,-1.0487347015825407e-05
mine maintenance software,Hard Skill,0,1,0.0,1.0487347015825407e-05,-1.0487347015825407e-05
minegeo software,Hard Skill,0,1,0.0,1.0487347015825407e-05,-1.0487347015825407e-05
molsearch pro,Hard Skill,0,1,0.0,1.0487347015825407e-05,-1.0487347015825407e-05
mlpu,Hard Skill,0,1,0.0,1.0487347015825407e-05,-1.0487347015825407e-05
mnt northwest mnt assistant,Hard Skill,0,1,0.0,1.0487347015825407e-05,-1.0487347015825407e-05
mobile building inspection software,Hard Skill,0,1,0.0,1.0487347015825407e-05,-1.0487347015825407e-05
mobile data software vetinfo,Hard Skill,0,1,0.0,1.0487347015825407e-05,-1.0487347015825407e-05
mobile dog grooming software mgroomer,Hard Skill,0,1,0.0,1.0487347015825407e-05,-1.0487347015825407e-05
mobile wireless network infrastructure software,Hard Skill,0,1,0.0,1.0487347015825407e-05,-1.0487347015825407e-05
mobiletoys maidxl,Hard Skill,0,1,0.0,1.0487347015825407e-05,-1.0487347015825407e-05
mobitech systems route sales trakker,Hard Skill,0,1,0.0,1.0487347015825407e-05,-1.0487347015825407e-05
modal analysis software,Hard Skill,0,1,0.0,1.0487347015825407e-05,-1.0487347015825407e-05
modelica,Hard Skill,0,1,0.0,1.0487347015825407e-05,-1.0487347015825407e-05
modelkinetix modelmaker,Hard Skill,0,1,0.0,1.0487347015825407e-05,-1.0487347015825407e-05
modellium paritop,Hard Skill,0,1,0.0,1.0487347015825407e-05,-1.0487347015825407e-05
mirs compliance,Hard Skill,0,1,0.0,1.0487347015825407e-05,-1.0487347015825407e-05
missler software topsolid,Hard Skill,0,1,0.0,1.0487347015825407e-05,-1.0487347015825407e-05
misys healthcare systems misys tiger,Hard Skill,0,1,0.0,1.0487347015825407e-05,-1.0487347015825407e-05
railyard inventory software,Hard Skill,0,1,0.0,1.0487347015825407e-05,-1.0487347015825407e-05
railyard management software rms,Hard Skill,0,1,0.0,1.0487347015825407e-05,-1.0487347015825407e-05
ramesys hospitality,Hard Skill,0,1,0.0,1.0487347015825407e-05,-1.0487347015825407e-05
ramquest total solution,Hard Skill,0,1,0.0,1.0487347015825407e-05,-1.0487347015825407e-05
modpath,Hard Skill,0,1,0.0,1.0487347015825407e-05,-1.0487347015825407e-05
modular arrangement of predetermined time standards software modapts,Hard Skill,0,1,0.0,1.0487347015825407e-05,-1.0487347015825407e-05
modular mining systems dispatch,Hard Skill,0,1,0.0,1.0487347015825407e-05,-1.0487347015825407e-05
modulemd allergy module,Hard Skill,0,1,0.0,1.0487347015825407e-05,-1.0487347015825407e-05
modulo risk manager,Hard Skill,0,1,0.0,1.0487347015825407e-05,-1.0487347015825407e-05
mogo dental software mogo,Hard Skill,0,1,0.0,1.0487347015825407e-05,-1.0487347015825407e-05
moldraw,Hard Skill,0,1,0.0,1.0487347015825407e-05,-1.0487347015825407e-05
molecular devices corporation metafluor,Hard Skill,0,1,0.0,1.0487347015825407e-05,-1.0487347015825407e-05
molecular devices softmax pro,Hard Skill,0,1,0.0,1.0487347015825407e-05,-1.0487347015825407e-05
molecular networks gmbh biochemical pathways,Hard Skill,0,1,0.0,1.0487347015825407e-05,-1.0487347015825407e-05
molecular simulations weblab viewerpro,Hard Skill,0,1,0.0,1.0487347015825407e-05,-1.0487347015825407e-05
molecular visualization software,Hard Skill,0,1,0.0,1.0487347015825407e-05,-1.0487347015825407e-05
motek priya,Hard Skill,0,1,0.0,1.0487347015825407e-05,-1.0487347015825407e-05
monash university low fodmap diet app,Hard Skill,0,1,0.0,1.0487347015825407e-05,-1.0487347015825407e-05
moneytree silver financial planner (financial analysis feature),Hard Skill,0,1,0.0,1.0487347015825407e-05,-1.0487347015825407e-05
moneytree silver financial planner (presentation feature),Hard Skill,0,1,0.0,1.0487347015825407e-05,-1.0487347015825407e-05
zone modeling software,Hard Skill,0,1,0.0,1.0487347015825407e-05,-1.0487347015825407e-05
zoomerang,Hard Skill,0,1,0.0,1.0487347015825407e-05,-1.0487347015825407e-05
monitoring and remediation optimization system maros,Hard Skill,0,1,0.0,1.0487347015825407e-05,-1.0487347015825407e-05
radiological assessment display and control system radacs,Hard Skill,0,1,0.0,1.0487347015825407e-05,-1.0487347015825407e-05
radiology information systems (ris),Hard Skill,0,1,0.0,1.0487347015825407e-05,-1.0487347015825407e-05
radius netman,Hard Skill,0,1,0.0,1.0487347015825407e-05,-1.0487347015825407e-05
radius uni-view,Hard Skill,0,1,0.0,1.0487347015825407e-05,-1.0487347015825407e-05
rae systems hazrae,Hard Skill,0,1,0.0,1.0487347015825407e-05,-1.0487347015825407e-05
rail traffic track warrant control system,Hard Skill,0,1,0.0,1.0487347015825407e-05,-1.0487347015825407e-05
railcar inspection management software,Hard Skill,0,1,0.0,1.0487347015825407e-05,-1.0487347015825407e-05
railtech software solutions rail 21 management system,Hard Skill,0,1,0.0,1.0487347015825407e-05,-1.0487347015825407e-05
railtech software systems mars for the 21st century,Hard Skill,0,1,0.0,1.0487347015825407e-05,-1.0487347015825407e-05
qwikquote software,Hard Skill,0,1,0.0,1.0487347015825407e-05,-1.0487347015825407e-05
zoomware screen magnifier,Hard Skill,0,1,0.0,1.0487347015825407e-05,-1.0487347015825407e-05
rabbit semiconductor dynamic c,Hard Skill,0,1,0.0,1.0487347015825407e-05,-1.0487347015825407e-05
rad pro calculator,Hard Skill,0,1,0.0,1.0487347015825407e-05,-1.0487347015825407e-05
radan radbend,Hard Skill,0,1,0.0,1.0487347015825407e-05,-1.0487347015825407e-05
radar software,Hard Skill,0,1,0.0,1.0487347015825407e-05,-1.0487347015825407e-05
radiant systems counterpoint,Hard Skill,0,1,0.0,1.0487347015825407e-05,-1.0487347015825407e-05
radiation therapy equipment software,Hard Skill,0,1,0.0,1.0487347015825407e-05,-1.0487347015825407e-05
radio beacon wms,Hard Skill,0,1,0.0,1.0487347015825407e-05,-1.0487347015825407e-05
moody's kmv famas,Hard Skill,0,1,0.0,1.0487347015825407e-05,-1.0487347015825407e-05
moody's riskcalc,Hard Skill,0,1,0.0,1.0487347015825407e-05,-1.0487347015825407e-05
morningstar principia,Hard Skill,0,1,0.0,1.0487347015825407e-05,-1.0487347015825407e-05
morse-cg dose assessment computer code,Hard Skill,0,1,0.0,1.0487347015825407e-05,-1.0487347015825407e-05
mortware professional,Hard Skill,0,1,0.0,1.0487347015825407e-05,-1.0487347015825407e-05
mosby's nutritrac,Hard Skill,0,1,0.0,1.0487347015825407e-05,-1.0487347015825407e-05
mosflm,Hard Skill,0,1,0.0,1.0487347015825407e-05,-1.0487347015825407e-05
motion capture software,Hard Skill,0,1,0.0,1.0487347015825407e-05,-1.0487347015825407e-05
motion control software,Hard Skill,0,1,0.0,1.0487347015825407e-05,-1.0487347015825407e-05
motion correction software,Hard Skill,0,1,0.0,1.0487347015825407e-05,-1.0487347015825407e-05
motor testing software,Hard Skill,0,1,0.0,1.0487347015825407e-05,-1.0487347015825407e-05
motorola digital signal processing (dsp) assembler,Hard Skill,0,1,0.0,1.0487347015825407e-05,-1.0487347015825407e-05
mount taylor programs private advantage,Hard Skill,0,1,0.0,1.0487347015825407e-05,-1.0487347015825407e-05
mountainside software allergy lab,Hard Skill,0,1,0.0,1.0487347015825407e-05,-1.0487347015825407e-05
moxa software,Hard Skill,0,1,0.0,1.0487347015825407e-05,-1.0487347015825407e-05
moxi works moxiengage,Hard Skill,0,1,0.0,1.0487347015825407e-05,-1.0487347015825407e-05
moxi works moxiimpress,Hard Skill,0,1,0.0,1.0487347015825407e-05,-1.0487347015825407e-05
moxi works moxipresent,Hard Skill,0,1,0.0,1.0487347015825407e-05,-1.0487347015825407e-05
moz search engine optimization seo software,Hard Skill,0,1,0.0,1.0487347015825407e-05,-1.0487347015825407e-05
mozart music software mozart,Hard Skill,0,1,0.0,1.0487347015825407e-05,-1.0487347015825407e-05
quorum pgas,Hard Skill,0,1,0.0,1.0487347015825407e-05,-1.0487347015825407e-05
quote software quoteexpress,Hard Skill,0,1,0.0,1.0487347015825407e-05,-1.0487347015825407e-05
quotewerks,Hard Skill,0,1,0.0,1.0487347015825407e-05,-1.0487347015825407e-05
quick notes qnotes office emr,Hard Skill,0,1,0.0,1.0487347015825407e-05,-1.0487347015825407e-05
quick plant energy profiler,Hard Skill,0,1,0.0,1.0487347015825407e-05,-1.0487347015825407e-05
quickpen ductdesigner 3d,Hard Skill,0,1,0.0,1.0487347015825407e-05,-1.0487347015825407e-05
quickquote quickfile agency management system,Hard Skill,0,1,0.0,1.0487347015825407e-05,-1.0487347015825407e-05
quikdraw loan management system,Hard Skill,0,1,0.0,1.0487347015825407e-05,-1.0487347015825407e-05
mpay millennium,Hard Skill,0,1,0.0,1.0487347015825407e-05,-1.0487347015825407e-05
mpi micro planner x-pert,Hard Skill,0,1,0.0,1.0487347015825407e-05,-1.0487347015825407e-05
mplexus dicom radix,Hard Skill,0,1,0.0,1.0487347015825407e-05,-1.0487347015825407e-05
mpmsoft billing,Hard Skill,0,1,0.0,1.0487347015825407e-05,-1.0487347015825407e-05
mra technologies mratrack warehouse management system,Hard Skill,0,1,0.0,1.0487347015825407e-05,-1.0487347015825407e-05
mro audit tracker,Hard Skill,0,1,0.0,1.0487347015825407e-05,-1.0487347015825407e-05
mrx solutions officemaster,Hard Skill,0,1,0.0,1.0487347015825407e-05,-1.0487347015825407e-05
ms*health software/cmhc,Hard Skill,0,1,0.0,1.0487347015825407e-05,-1.0487347015825407e-05
msb software astroart,Hard Skill,0,1,0.0,1.0487347015825407e-05,-1.0487347015825407e-05
msc software fatigue,Hard Skill,0,1,0.0,1.0487347015825407e-05,-1.0487347015825407e-05
msi insight/discover,Hard Skill,0,1,0.0,1.0487347015825407e-05,-1.0487347015825407e-05
mts testworks,Hard Skill,0,1,0.0,1.0487347015825407e-05,-1.0487347015825407e-05
mulesoft software,Hard Skill,0,1,0.0,1.0487347015825407e-05,-1.0487347015825407e-05
multi-center traffic management advisor mctma,Hard Skill,0,1,0.0,1.0487347015825407e-05,-1.0487347015825407e-05
multi-channel contact center software,Hard Skill,0,1,0.0,1.0487347015825407e-05,-1.0487347015825407e-05
multi-functional calculators,Hard Skill,0,1,0.0,1.0487347015825407e-05,-1.0487347015825407e-05
multichannel microelectrode analyzer mma software,Hard Skill,0,1,0.0,1.0487347015825407e-05,-1.0487347015825407e-05
multidimensional expressions mdx,Hard Skill,0,1,0.0,1.0487347015825407e-05,-1.0487347015825407e-05
multigen paradigm 3d gis,Hard Skill,0,1,0.0,1.0487347015825407e-05,-1.0487347015825407e-05
multigen paradigm vega prime,Hard Skill,0,1,0.0,1.0487347015825407e-05,-1.0487347015825407e-05
question interchange profile quip software,Hard Skill,0,1,0.0,1.0487347015825407e-05,-1.0487347015825407e-05
questionmark,Hard Skill,0,1,0.0,1.0487347015825407e-05,-1.0487347015825407e-05
questionmark perception,Hard Skill,0,1,0.0,1.0487347015825407e-05,-1.0487347015825407e-05
questionpro,Hard Skill,0,1,0.0,1.0487347015825407e-05,-1.0487347015825407e-05
questor systems qscan32,Hard Skill,0,1,0.0,1.0487347015825407e-05,-1.0487347015825407e-05
questsuite professional,Hard Skill,0,1,0.0,1.0487347015825407e-05,-1.0487347015825407e-05
quick notes pdq podiatry,Hard Skill,0,1,0.0,1.0487347015825407e-05,-1.0487347015825407e-05
multipath corporation fast matrix solver fms,Hard Skill,0,1,0.0,1.0487347015825407e-05,-1.0487347015825407e-05
multiple listing service software,Hard Skill,0,1,0.0,1.0487347015825407e-05,-1.0487347015825407e-05
multiple options animal shelter management system,Hard Skill,0,1,0.0,1.0487347015825407e-05,-1.0487347015825407e-05
multiple trading transaction systems,Hard Skill,0,1,0.0,1.0487347015825407e-05,-1.0487347015825407e-05
multiprotocol label switching mpls,Hard Skill,0,1,0.0,1.0487347015825407e-05,-1.0487347015825407e-05
multipurpose interactive image processing system miips,Hard Skill,0,1,0.0,1.0487347015825407e-05,-1.0487347015825407e-05
multisensory data representation software,Hard Skill,0,1,0.0,1.0487347015825407e-05,-1.0487347015825407e-05
multitask software,Hard Skill,0,1,0.0,1.0487347015825407e-05,-1.0487347015825407e-05
multivariate software eqs,Hard Skill,0,1,0.0,1.0487347015825407e-05,-1.0487347015825407e-05
multiview accounts receivable,Hard Skill,0,1,0.0,1.0487347015825407e-05,-1.0487347015825407e-05
muncy plat pronto,Hard Skill,0,1,0.0,1.0487347015825407e-05,-1.0487347015825407e-05
municipal geographic management software,Hard Skill,0,1,0.0,1.0487347015825407e-05,-1.0487347015825407e-05
musescore,Hard Skill,0,1,0.0,1.0487347015825407e-05,-1.0487347015825407e-05
msr visual exporter,Hard Skill,0,1,0.0,1.0487347015825407e-05,-1.0487347015825407e-05
msr visual exporter document library,Hard Skill,0,1,0.0,1.0487347015825407e-05,-1.0487347015825407e-05
msr visual exporter enterprise integrator,Hard Skill,0,1,0.0,1.0487347015825407e-05,-1.0487347015825407e-05
quark immedia,Hard Skill,0,1,0.0,1.0487347015825407e-05,-1.0487347015825407e-05
quest foglight,Hard Skill,0,1,0.0,1.0487347015825407e-05,-1.0487347015825407e-05
quest sql optimizer for oracle,Hard Skill,0,1,0.0,1.0487347015825407e-05,-1.0487347015825407e-05
questaweb trademaster qw,Hard Skill,0,1,0.0,1.0487347015825407e-05,-1.0487347015825407e-05
music director pro,Hard Skill,0,1,0.0,1.0487347015825407e-05,-1.0487347015825407e-05
music scheduling software,Hard Skill,0,1,0.0,1.0487347015825407e-05,-1.0487347015825407e-05
music software,Hard Skill,0,1,0.0,1.0487347015825407e-05,-1.0487347015825407e-05
musical palette,Hard Skill,0,1,0.0,1.0487347015825407e-05,-1.0487347015825407e-05
musicdevelopments rapidcomposer,Hard Skill,0,1,0.0,1.0487347015825407e-05,-1.0487347015825407e-05
musicgraph,Hard Skill,0,1,0.0,1.0487347015825407e-05,-1.0487347015825407e-05
musilogic harmonybuilder,Hard Skill,0,1,0.0,1.0487347015825407e-05,-1.0487347015825407e-05
mwh soft h2onet msx,Hard Skill,0,1,0.0,1.0487347015825407e-05,-1.0487347015825407e-05
mxi technologies maintenix,Hard Skill,0,1,0.0,1.0487347015825407e-05,-1.0487347015825407e-05
my clients plus,Hard Skill,0,1,0.0,1.0487347015825407e-05,-1.0487347015825407e-05
mycommerce regnow,Hard Skill,0,1,0.0,1.0487347015825407e-05,-1.0487347015825407e-05
multimedia video analysis software,Hard Skill,0,1,0.0,1.0487347015825407e-05,-1.0487347015825407e-05
national instruments ni vision builder for automated inspection artificial intelligence,Hard Skill,0,1,0.0,1.0487347015825407e-05,-1.0487347015825407e-05
mycomplianceoffice compliance operations management system,Hard Skill,0,1,0.0,1.0487347015825407e-05,-1.0487347015825407e-05
myers briggs type indicator,Hard Skill,0,1,0.0,1.0487347015825407e-05,-1.0487347015825407e-05
myfamilysoftware instant architect,Hard Skill,0,1,0.0,1.0487347015825407e-05,-1.0487347015825407e-05
myfitnesspal,Hard Skill,0,1,0.0,1.0487347015825407e-05,-1.0487347015825407e-05
myob businessessentials,Hard Skill,0,1,0.0,1.0487347015825407e-05,-1.0487347015825407e-05
myob premier accounting small business suite,Hard Skill,0,1,0.0,1.0487347015825407e-05,-1.0487347015825407e-05
myriad software harmony assistant,Hard Skill,0,1,0.0,1.0487347015825407e-05,-1.0487347015825407e-05
namd,Hard Skill,0,1,0.0,1.0487347015825407e-05,-1.0487347015825407e-05
narratek smartype,Hard Skill,0,1,0.0,1.0487347015825407e-05,-1.0487347015825407e-05
national archives online databases,Hard Skill,0,1,0.0,1.0487347015825407e-05,-1.0487347015825407e-05
national association of realtors online database,Hard Skill,0,1,0.0,1.0487347015825407e-05,-1.0487347015825407e-05
quantitative analysis software,Hard Skill,0,1,0.0,1.0487347015825407e-05,-1.0487347015825407e-05
quantrax intelec,Hard Skill,0,1,0.0,1.0487347015825407e-05,-1.0487347015825407e-05
quantum software solutions quantum project manager,Hard Skill,0,1,0.0,1.0487347015825407e-05,-1.0487347015825407e-05
quantumwise atomistix toolkit,Hard Skill,0,1,0.0,1.0487347015825407e-05,-1.0487347015825407e-05
quality plans & software hvac calculator,Hard Skill,0,1,0.0,1.0487347015825407e-05,-1.0487347015825407e-05
quality positioning services fledermaus,Hard Skill,0,1,0.0,1.0487347015825407e-05,-1.0487347015825407e-05
quality systems incorporated safety tagging system,Hard Skill,0,1,0.0,1.0487347015825407e-05,-1.0487347015825407e-05
quality systems international winlims,Hard Skill,0,1,0.0,1.0487347015825407e-05,-1.0487347015825407e-05
national center for crisis and continuity coordination nc4 e team,Hard Skill,0,1,0.0,1.0487347015825407e-05,-1.0487347015825407e-05
national concrete & masonry estimator,Hard Skill,0,1,0.0,1.0487347015825407e-05,-1.0487347015825407e-05
national driver register ndr,Hard Skill,0,1,0.0,1.0487347015825407e-05,-1.0487347015825407e-05
national fire incident reporting system nfirs,Hard Skill,0,1,0.0,1.0487347015825407e-05,-1.0487347015825407e-05
national geodetic survey ngs geodetic toolkit,Hard Skill,0,1,0.0,1.0487347015825407e-05,-1.0487347015825407e-05
national geodetic survey ngs vertcon,Hard Skill,0,1,0.0,1.0487347015825407e-05,-1.0487347015825407e-05
national geophysical data center geodas,Hard Skill,0,1,0.0,1.0487347015825407e-05,-1.0487347015825407e-05
national institute for occupational safety and health lamodel,Hard Skill,0,1,0.0,1.0487347015825407e-05,-1.0487347015825407e-05
national institute for occupational safety and health niosh life table analysis system,Hard Skill,0,1,0.0,1.0487347015825407e-05,-1.0487347015825407e-05
national instruments compact fieldpoint system,Hard Skill,0,1,0.0,1.0487347015825407e-05,-1.0487347015825407e-05
national instruments daq assistant,Hard Skill,0,1,0.0,1.0487347015825407e-05,-1.0487347015825407e-05
national instruments ni motion assistant,Hard Skill,0,1,0.0,1.0487347015825407e-05,-1.0487347015825407e-05
national instruments ultiboard,Hard Skill,0,1,0.0,1.0487347015825407e-05,-1.0487347015825407e-05
national land cover database nlcd,Hard Skill,0,1,0.0,1.0487347015825407e-05,-1.0487347015825407e-05
national law enforcement telecommunications system nlets,Hard Skill,0,1,0.0,1.0487347015825407e-05,-1.0487347015825407e-05
national pollutant discharge elimination system npdes compliance software,Hard Skill,0,1,0.0,1.0487347015825407e-05,-1.0487347015825407e-05
national resources conservation service ecological site information system esis,Hard Skill,0,1,0.0,1.0487347015825407e-05,-1.0487347015825407e-05
national resources conservation service grazing spatial analysis tool,Hard Skill,0,1,0.0,1.0487347015825407e-05,-1.0487347015825407e-05
national resources conservation service nrcs pedon description program pdp,Hard Skill,0,1,0.0,1.0487347015825407e-05,-1.0487347015825407e-05
national resources conservation service nrcs soils explorer,Hard Skill,0,1,0.0,1.0487347015825407e-05,-1.0487347015825407e-05
national resources conservation service web soil survey wss,Hard Skill,0,1,0.0,1.0487347015825407e-05,-1.0487347015825407e-05
national soil information system nasis,Hard Skill,0,1,0.0,1.0487347015825407e-05,-1.0487347015825407e-05
national union catalog of manuscript collections (nucmc),Hard Skill,0,1,0.0,1.0487347015825407e-05,-1.0487347015825407e-05
qualcomm viaweb,Hard Skill,0,1,0.0,1.0487347015825407e-05,-1.0487347015825407e-05
qualcorp formsplus,Hard Skill,0,1,0.0,1.0487347015825407e-05,-1.0487347015825407e-05
qualitative analysis software,Hard Skill,0,1,0.0,1.0487347015825407e-05,-1.0487347015825407e-05
qualitech solutions dynamic scheduling,Hard Skill,0,1,0.0,1.0487347015825407e-05,-1.0487347015825407e-05
qualitica rentboss,Hard Skill,0,1,0.0,1.0487347015825407e-05,-1.0487347015825407e-05
nemetschek vectorworks spotlight,Hard Skill,0,1,0.0,1.0487347015825407e-05,-1.0487347015825407e-05
naturaemed officepro,Hard Skill,0,1,0.0,1.0487347015825407e-05,-1.0487347015825407e-05
naturopathic clinic software,Hard Skill,0,1,0.0,1.0487347015825407e-05,-1.0487347015825407e-05
naturoplus,Hard Skill,0,1,0.0,1.0487347015825407e-05,-1.0487347015825407e-05
natus neuroworks,Hard Skill,0,1,0.0,1.0487347015825407e-05,-1.0487347015825407e-05
naviance succeed,Hard Skill,0,1,0.0,1.0487347015825407e-05,-1.0487347015825407e-05
navigation software,Hard Skill,0,1,0.0,1.0487347015825407e-05,-1.0487347015825407e-05
navigational chart software,Hard Skill,0,1,0.0,1.0487347015825407e-05,-1.0487347015825407e-05
navimedix navinet,Hard Skill,0,1,0.0,1.0487347015825407e-05,-1.0487347015825407e-05
navisys front office,Hard Skill,0,1,0.0,1.0487347015825407e-05,-1.0487347015825407e-05
nbtstat,Hard Skill,0,1,0.0,1.0487347015825407e-05,-1.0487347015825407e-05
nc verification software,Hard Skill,0,1,0.0,1.0487347015825407e-05,-1.0487347015825407e-05
ncar command language ncl,Hard Skill,0,1,0.0,1.0487347015825407e-05,-1.0487347015825407e-05
ncbi refseq,Hard Skill,0,1,0.0,1.0487347015825407e-05,-1.0487347015825407e-05
national instruments ni-daqmx,Hard Skill,0,1,0.0,1.0487347015825407e-05,-1.0487347015825407e-05
national instruments teststand,Hard Skill,0,1,0.0,1.0487347015825407e-05,-1.0487347015825407e-05
qpsmr limited insight,Hard Skill,0,1,0.0,1.0487347015825407e-05,-1.0487347015825407e-05
qpsmr limited reflect,Hard Skill,0,1,0.0,1.0487347015825407e-05,-1.0487347015825407e-05
qpuncture ii,Hard Skill,0,1,0.0,1.0487347015825407e-05,-1.0487347015825407e-05
qqest timeforce,Hard Skill,0,1,0.0,1.0487347015825407e-05,-1.0487347015825407e-05
quad software grome,Hard Skill,0,1,0.0,1.0487347015825407e-05,-1.0487347015825407e-05
quadkey hr server,Hard Skill,0,1,0.0,1.0487347015825407e-05,-1.0487347015825407e-05
quadralay webworks epublisher,Hard Skill,0,1,0.0,1.0487347015825407e-05,-1.0487347015825407e-05
quadramed affinity healthcare information system,Hard Skill,0,1,0.0,1.0487347015825407e-05,-1.0487347015825407e-05
quadstone paramics,Hard Skill,0,1,0.0,1.0487347015825407e-05,-1.0487347015825407e-05
qualcomm eudora,Hard Skill,0,1,0.0,1.0487347015825407e-05,-1.0487347015825407e-05
qualcomm extensible diagnostic monitor qxdm,Hard Skill,0,1,0.0,1.0487347015825407e-05,-1.0487347015825407e-05
qualcomm qtracs,Hard Skill,0,1,0.0,1.0487347015825407e-05,-1.0487347015825407e-05
nch software express invoice,Hard Skill,0,1,0.0,1.0487347015825407e-05,-1.0487347015825407e-05
nebu dub interviewer,Hard Skill,0,1,0.0,1.0487347015825407e-05,-1.0487347015825407e-05
needs analysis software,Hard Skill,0,1,0.0,1.0487347015825407e-05,-1.0487347015825407e-05
neill technologies spabiz,Hard Skill,0,1,0.0,1.0487347015825407e-05,-1.0487347015825407e-05
network analysis sinda-g,Hard Skill,0,1,0.0,1.0487347015825407e-05,-1.0487347015825407e-05
neo pi-r,Hard Skill,0,1,0.0,1.0487347015825407e-05,-1.0487347015825407e-05
neo4j,Hard Skill,0,1,0.0,1.0487347015825407e-05,-1.0487347015825407e-05
neoforma healthcare products information services hpis market intelligence,Hard Skill,0,1,0.0,1.0487347015825407e-05,-1.0487347015825407e-05
neohapsis certus grc,Hard Skill,0,1,0.0,1.0487347015825407e-05,-1.0487347015825407e-05
neooffice,Hard Skill,0,1,0.0,1.0487347015825407e-05,-1.0487347015825407e-05
neotec wellflo,Hard Skill,0,1,0.0,1.0487347015825407e-05,-1.0487347015825407e-05
net worth strategies stock opter pro,Hard Skill,0,1,0.0,1.0487347015825407e-05,-1.0487347015825407e-05
netepi,Hard Skill,0,1,0.0,1.0487347015825407e-05,-1.0487347015825407e-05
netiq,Hard Skill,0,1,0.0,1.0487347015825407e-05,-1.0487347015825407e-05
netlims autoap,Hard Skill,0,1,0.0,1.0487347015825407e-05,-1.0487347015825407e-05
netlims autofusion,Hard Skill,0,1,0.0,1.0487347015825407e-05,-1.0487347015825407e-05
netlims autolims,Hard Skill,0,1,0.0,1.0487347015825407e-05,-1.0487347015825407e-05
netprimer,Hard Skill,0,1,0.0,1.0487347015825407e-05,-1.0487347015825407e-05
qpsmr limited cati,Hard Skill,0,1,0.0,1.0487347015825407e-05,-1.0487347015825407e-05
qpsmr limited input,Hard Skill,0,1,0.0,1.0487347015825407e-05,-1.0487347015825407e-05
qarbon viewletbuilder professional,Hard Skill,0,1,0.0,1.0487347015825407e-05,-1.0487347015825407e-05
qaulis research the ethonograph,Hard Skill,0,1,0.0,1.0487347015825407e-05,-1.0487347015825407e-05
qchart,Hard Skill,0,1,0.0,1.0487347015825407e-05,-1.0487347015825407e-05
qlik software,Hard Skill,0,1,0.0,1.0487347015825407e-05,-1.0487347015825407e-05
qmc cm4d,Hard Skill,0,1,0.0,1.0487347015825407e-05,-1.0487347015825407e-05
qpalm acupuncture,Hard Skill,0,1,0.0,1.0487347015825407e-05,-1.0487347015825407e-05
netreo omnicenter,Hard Skill,0,1,0.0,1.0487347015825407e-05,-1.0487347015825407e-05
netscout infinitistream console,Hard Skill,0,1,0.0,1.0487347015825407e-05,-1.0487347015825407e-05
netscout sniffer global analyzer,Hard Skill,0,1,0.0,1.0487347015825407e-05,-1.0487347015825407e-05
netscout sniffer portable professional analyzer,Hard Skill,0,1,0.0,1.0487347015825407e-05,-1.0487347015825407e-05
netsmart technologies carenet,Hard Skill,0,1,0.0,1.0487347015825407e-05,-1.0487347015825407e-05
netsmart technologies helper,Hard Skill,0,1,0.0,1.0487347015825407e-05,-1.0487347015825407e-05
netsoft intellipath,Hard Skill,0,1,0.0,1.0487347015825407e-05,-1.0487347015825407e-05
netstat,Hard Skill,0,1,0.0,1.0487347015825407e-05,-1.0487347015825407e-05
network address management software,Hard Skill,0,1,0.0,1.0487347015825407e-05,-1.0487347015825407e-05
network addressable storage nas software,Hard Skill,0,1,0.0,1.0487347015825407e-05,-1.0487347015825407e-05
pv optics,Hard Skill,0,1,0.0,1.0487347015825407e-05,-1.0487347015825407e-05
pwscf,Hard Skill,0,1,0.0,1.0487347015825407e-05,-1.0487347015825407e-05
zuken cadstar,Hard Skill,0,1,0.0,1.0487347015825407e-05,-1.0487347015825407e-05
zuken e3.schematic,Hard Skill,0,1,0.0,1.0487347015825407e-05,-1.0487347015825407e-05
python experimental economics toolkit peet,Hard Skill,0,1,0.0,1.0487347015825407e-05,-1.0487347015825407e-05
python tools for visual studio (ptvs),Hard Skill,0,1,0.0,1.0487347015825407e-05,-1.0487347015825407e-05
network architecture design software,Hard Skill,0,1,0.0,1.0487347015825407e-05,-1.0487347015825407e-05
network bridge software,Hard Skill,0,1,0.0,1.0487347015825407e-05,-1.0487347015825407e-05
network design software,Hard Skill,0,1,0.0,1.0487347015825407e-05,-1.0487347015825407e-05
network flow modeling software,Hard Skill,0,1,0.0,1.0487347015825407e-05,-1.0487347015825407e-05
network instruments observer standard,Hard Skill,0,1,0.0,1.0487347015825407e-05,-1.0487347015825407e-05
network monitoring software,Hard Skill,0,1,0.0,1.0487347015825407e-05,-1.0487347015825407e-05
q-chem,Hard Skill,0,1,0.0,1.0487347015825407e-05,-1.0487347015825407e-05
qa software qms materials management,Hard Skill,0,1,0.0,1.0487347015825407e-05,-1.0487347015825407e-05
qad marketing automation,Hard Skill,0,1,0.0,1.0487347015825407e-05,-1.0487347015825407e-05
qad shielding computer code,Hard Skill,0,1,0.0,1.0487347015825407e-05,-1.0487347015825407e-05
nextech emr,Hard Skill,0,1,0.0,1.0487347015825407e-05,-1.0487347015825407e-05
nextech emr & pm,Hard Skill,0,1,0.0,1.0487347015825407e-05,-1.0487347015825407e-05
network reporting software,Hard Skill,0,1,0.0,1.0487347015825407e-05,-1.0487347015825407e-05
network science ir mentor pro,Hard Skill,0,1,0.0,1.0487347015825407e-05,-1.0487347015825407e-05
network security auditing software,Hard Skill,0,1,0.0,1.0487347015825407e-05,-1.0487347015825407e-05
network shutdown software,Hard Skill,0,1,0.0,1.0487347015825407e-05,-1.0487347015825407e-05
network storage software,Hard Skill,0,1,0.0,1.0487347015825407e-05,-1.0487347015825407e-05
"network, hardware, and software auditing software",Hard Skill,0,1,0.0,1.0487347015825407e-05,-1.0487347015825407e-05
neuralware,Hard Skill,0,1,0.0,1.0487347015825407e-05,-1.0487347015825407e-05
neuro innovations therapist's toolkit,Hard Skill,0,1,0.0,1.0487347015825407e-05,-1.0487347015825407e-05
neurobehavioral systems presentation,Hard Skill,0,1,0.0,1.0487347015825407e-05,-1.0487347015825407e-05
neurofax spikedetector,Hard Skill,0,1,0.0,1.0487347015825407e-05,-1.0487347015825407e-05
pulse train pulser web,Hard Skill,0,1,0.0,1.0487347015825407e-05,-1.0487347015825407e-05
pulse train visual qsl,Hard Skill,0,1,0.0,1.0487347015825407e-05,-1.0487347015825407e-05
purchasingnet eprocurement,Hard Skill,0,1,0.0,1.0487347015825407e-05,-1.0487347015825407e-05
pure data pd,Hard Skill,0,1,0.0,1.0487347015825407e-05,-1.0487347015825407e-05
pulse software chiropulse 365,Hard Skill,0,1,0.0,1.0487347015825407e-05,-1.0487347015825407e-05
pulse train bellview capti,Hard Skill,0,1,0.0,1.0487347015825407e-05,-1.0487347015825407e-05
pulse train bellview scan,Hard Skill,0,1,0.0,1.0487347015825407e-05,-1.0487347015825407e-05
pulse train bellview tci,Hard Skill,0,1,0.0,1.0487347015825407e-05,-1.0487347015825407e-05
pulse train bellview web,Hard Skill,0,1,0.0,1.0487347015825407e-05,-1.0487347015825407e-05
neurotronics polysmith,Hard Skill,0,1,0.0,1.0487347015825407e-05,-1.0487347015825407e-05
nevercenter silo,Hard Skill,0,1,0.0,1.0487347015825407e-05,-1.0487347015825407e-05
new construction inspection form software,Hard Skill,0,1,0.0,1.0487347015825407e-05,-1.0487347015825407e-05
new dawn technologies justware court,Hard Skill,0,1,0.0,1.0487347015825407e-05,-1.0487347015825407e-05
new horizons software orthoexec,Hard Skill,0,1,0.0,1.0487347015825407e-05,-1.0487347015825407e-05
new world systems logos.net,Hard Skill,0,1,0.0,1.0487347015825407e-05,-1.0487347015825407e-05
newgen software technologies omnidocs,Hard Skill,0,1,0.0,1.0487347015825407e-05,-1.0487347015825407e-05
newportwave year end solutions,Hard Skill,0,1,0.0,1.0487347015825407e-05,-1.0487347015825407e-05
newsletter production software,Hard Skill,0,1,0.0,1.0487347015825407e-05,-1.0487347015825407e-05
newtek lightwave 3d,Hard Skill,0,1,0.0,1.0487347015825407e-05,-1.0487347015825407e-05
nexiq tech hds suite for palm,Hard Skill,0,1,0.0,1.0487347015825407e-05,-1.0487347015825407e-05
niit technologies winrisk,Hard Skill,0,1,0.0,1.0487347015825407e-05,-1.0487347015825407e-05
niksun netdetector,Hard Skill,0,1,0.0,1.0487347015825407e-05,-1.0487347015825407e-05
niku clarity,Hard Skill,0,1,0.0,1.0487347015825407e-05,-1.0487347015825407e-05
nils insource,Hard Skill,0,1,0.0,1.0487347015825407e-05,-1.0487347015825407e-05
ninian huddle,Hard Skill,0,1,0.0,1.0487347015825407e-05,-1.0487347015825407e-05
niwa tideda,Hard Skill,0,1,0.0,1.0487347015825407e-05,-1.0487347015825407e-05
noaa shoreline data explorer,Hard Skill,0,1,0.0,1.0487347015825407e-05,-1.0487347015825407e-05
ptc windchill,Hard Skill,0,1,0.0,1.0487347015825407e-05,-1.0487347015825407e-05
pts solutions winjuris court solutions,Hard Skill,0,1,0.0,1.0487347015825407e-05,-1.0487347015825407e-05
ptv vissim,Hard Skill,0,1,0.0,1.0487347015825407e-05,-1.0487347015825407e-05
ptv visum,Hard Skill,0,1,0.0,1.0487347015825407e-05,-1.0487347015825407e-05
public access to court electronic records (pacer),Hard Skill,0,1,0.0,1.0487347015825407e-05,-1.0487347015825407e-05
public access to electronic court records pacer,Hard Skill,0,1,0.0,1.0487347015825407e-05,-1.0487347015825407e-05
public genomic databases,Hard Skill,0,1,0.0,1.0487347015825407e-05,-1.0487347015825407e-05
puff,Hard Skill,0,1,0.0,1.0487347015825407e-05,-1.0487347015825407e-05
pulsar software,Hard Skill,0,1,0.0,1.0487347015825407e-05,-1.0487347015825407e-05
nsf hospitality rendezvous events,Hard Skill,0,1,0.0,1.0487347015825407e-05,-1.0487347015825407e-05
nslookup,Hard Skill,0,1,0.0,1.0487347015825407e-05,-1.0487347015825407e-05
nodebox,Hard Skill,0,1,0.0,1.0487347015825407e-05,-1.0487347015825407e-05
noldus information technology facereader,Hard Skill,0,1,0.0,1.0487347015825407e-05,-1.0487347015825407e-05
noldus information technology ulog pro,Hard Skill,0,1,0.0,1.0487347015825407e-05,-1.0487347015825407e-05
nolij corporation nolij transfer,Hard Skill,0,1,0.0,1.0487347015825407e-05,-1.0487347015825407e-05
nolo quicken legal business pro,Hard Skill,0,1,0.0,1.0487347015825407e-05,-1.0487347015825407e-05
north american regional climate change assessment program narccap data tables,Hard Skill,0,1,0.0,1.0487347015825407e-05,-1.0487347015825407e-05
north american software associates eclipse,Hard Skill,0,1,0.0,1.0487347015825407e-05,-1.0487347015825407e-05
northwest builders network plan analyst,Hard Skill,0,1,0.0,1.0487347015825407e-05,-1.0487347015825407e-05
zuken electrical design software,Hard Skill,0,1,0.0,1.0487347015825407e-05,-1.0487347015825407e-05
ngrep,Hard Skill,0,1,0.0,1.0487347015825407e-05,-1.0487347015825407e-05
ngspice,Hard Skill,0,1,0.0,1.0487347015825407e-05,-1.0487347015825407e-05
niceware international labelclinic ct,Hard Skill,0,1,0.0,1.0487347015825407e-05,-1.0487347015825407e-05
nielsen arianna,Hard Skill,0,1,0.0,1.0487347015825407e-05,-1.0487347015825407e-05
nielsen marketbreaks,Hard Skill,0,1,0.0,1.0487347015825407e-05,-1.0487347015825407e-05
psytech solutions epitomax,Hard Skill,0,1,0.0,1.0487347015825407e-05,-1.0487347015825407e-05
pt software solutions pt rental assistant,Hard Skill,0,1,0.0,1.0487347015825407e-05,-1.0487347015825407e-05
ptc creo elements/pro,Hard Skill,0,1,0.0,1.0487347015825407e-05,-1.0487347015825407e-05
ptc mathcad,Hard Skill,0,1,0.0,1.0487347015825407e-05,-1.0487347015825407e-05
ptc pro/engineer mechanica,Hard Skill,0,1,0.0,1.0487347015825407e-05,-1.0487347015825407e-05
notation software notation composer,Hard Skill,0,1,0.0,1.0487347015825407e-05,-1.0487347015825407e-05
noteworthy software noteworthy composer,Hard Skill,0,1,0.0,1.0487347015825407e-05,-1.0487347015825407e-05
novamind merlin project manager,Hard Skill,0,1,0.0,1.0487347015825407e-05,-1.0487347015825407e-05
novariant autofarm af viewer,Hard Skill,0,1,0.0,1.0487347015825407e-05,-1.0487347015825407e-05
novell edirectory,Hard Skill,0,1,0.0,1.0487347015825407e-05,-1.0487347015825407e-05
novell netware management station,Hard Skill,0,1,0.0,1.0487347015825407e-05,-1.0487347015825407e-05
novo customer tracking software,Hard Skill,0,1,0.0,1.0487347015825407e-05,-1.0487347015825407e-05
novovision novopath,Hard Skill,0,1,0.0,1.0487347015825407e-05,-1.0487347015825407e-05
now solutions empath,Hard Skill,0,1,0.0,1.0487347015825407e-05,-1.0487347015825407e-05
npktools comp analytics,Hard Skill,0,1,0.0,1.0487347015825407e-05,-1.0487347015825407e-05
npktools compxpert,Hard Skill,0,1,0.0,1.0487347015825407e-05,-1.0487347015825407e-05
numerical analysis software,Hard Skill,0,1,0.0,1.0487347015825407e-05,-1.0487347015825407e-05
numerical control software,Hard Skill,0,1,0.0,1.0487347015825407e-05,-1.0487347015825407e-05
numeritek numerica,Hard Skill,0,1,0.0,1.0487347015825407e-05,-1.0487347015825407e-05
numpy,Hard Skill,0,1,0.0,1.0487347015825407e-05,-1.0487347015825407e-05
nupro castview,Hard Skill,0,1,0.0,1.0487347015825407e-05,-1.0487347015825407e-05
nutrient analysis software,Hard Skill,0,1,0.0,1.0487347015825407e-05,-1.0487347015825407e-05
nutrigenie optimal nutrition,Hard Skill,0,1,0.0,1.0487347015825407e-05,-1.0487347015825407e-05
nutrition analysis software,Hard Skill,0,1,0.0,1.0487347015825407e-05,-1.0487347015825407e-05
nutrition balance analyzer nutbal,Hard Skill,0,1,0.0,1.0487347015825407e-05,-1.0487347015825407e-05
psychophysics toolbox,Hard Skill,0,1,0.0,1.0487347015825407e-05,-1.0487347015825407e-05
psychrometric chart software,Hard Skill,0,1,0.0,1.0487347015825407e-05,-1.0487347015825407e-05
psychsim,Hard Skill,0,1,0.0,1.0487347015825407e-05,-1.0487347015825407e-05
psychsoft !observe,Hard Skill,0,1,0.0,1.0487347015825407e-05,-1.0487347015825407e-05
psyquel,Hard Skill,0,1,0.0,1.0487347015825407e-05,-1.0487347015825407e-05
psyscope,Hard Skill,0,1,0.0,1.0487347015825407e-05,-1.0487347015825407e-05
psyscript,Hard Skill,0,1,0.0,1.0487347015825407e-05,-1.0487347015825407e-05
psychnotesemr,Hard Skill,0,1,0.0,1.0487347015825407e-05,-1.0487347015825407e-05
psychology software tools e-prime,Hard Skill,0,1,0.0,1.0487347015825407e-05,-1.0487347015825407e-05
psychology software tools mri simulator,Hard Skill,0,1,0.0,1.0487347015825407e-05,-1.0487347015825407e-05
psychometric testing software,Hard Skill,0,1,0.0,1.0487347015825407e-05,-1.0487347015825407e-05
nuview ebs,Hard Skill,0,1,0.0,1.0487347015825407e-05,-1.0487347015825407e-05
nuview systems cort hcm,Hard Skill,0,1,0.0,1.0487347015825407e-05,-1.0487347015825407e-05
nuview systems nuviewhr,Hard Skill,0,1,0.0,1.0487347015825407e-05,-1.0487347015825407e-05
nuvosoft rwiz,Hard Skill,0,1,0.0,1.0487347015825407e-05,-1.0487347015825407e-05
nvdia gelato,Hard Skill,0,1,0.0,1.0487347015825407e-05,-1.0487347015825407e-05
nvu,Hard Skill,0,1,0.0,1.0487347015825407e-05,-1.0487347015825407e-05
nwchem,Hard Skill,0,1,0.0,1.0487347015825407e-05,-1.0487347015825407e-05
o'brien grasso re software property master,Hard Skill,0,1,0.0,1.0487347015825407e-05,-1.0487347015825407e-05
o3spaces workplace,Hard Skill,0,1,0.0,1.0487347015825407e-05,-1.0487347015825407e-05
oak mountain software annuityvalue,Hard Skill,0,1,0.0,1.0487347015825407e-05,-1.0487347015825407e-05
nuance power pdf,Hard Skill,0,1,0.0,1.0487347015825407e-05,-1.0487347015825407e-05
nucletron planning systems,Hard Skill,0,1,0.0,1.0487347015825407e-05,-1.0487347015825407e-05
ocs office-partner,Hard Skill,0,1,0.0,1.0487347015825407e-05,-1.0487347015825407e-05
octagon startingpoint,Hard Skill,0,1,0.0,1.0487347015825407e-05,-1.0487347015825407e-05
octagon viewpoint ectd complete,Hard Skill,0,1,0.0,1.0487347015825407e-05,-1.0487347015825407e-05
octtools,Hard Skill,0,1,0.0,1.0487347015825407e-05,-1.0487347015825407e-05
oden insurance services state rules & regulations,Hard Skill,0,1,0.0,1.0487347015825407e-05,-1.0487347015825407e-05
office gemini diamond vision,Hard Skill,0,1,0.0,1.0487347015825407e-05,-1.0487347015825407e-05
office management systems mental health office all-in-one,Hard Skill,0,1,0.0,1.0487347015825407e-05,-1.0487347015825407e-05
protracker advantage,Hard Skill,0,1,0.0,1.0487347015825407e-05,-1.0487347015825407e-05
protscale,Hard Skill,0,1,0.0,1.0487347015825407e-05,-1.0487347015825407e-05
proxima controller,Hard Skill,0,1,0.0,1.0487347015825407e-05,-1.0487347015825407e-05
pstek,Hard Skill,0,1,0.0,1.0487347015825407e-05,-1.0487347015825407e-05
psychassistant,Hard Skill,0,1,0.0,1.0487347015825407e-05,-1.0487347015825407e-05
psyche systems systematic blood bank,Hard Skill,0,1,0.0,1.0487347015825407e-05,-1.0487347015825407e-05
psyche systems windopath,Hard Skill,0,1,0.0,1.0487347015825407e-05,-1.0487347015825407e-05
psychiatric assessment software,Hard Skill,0,1,0.0,1.0487347015825407e-05,-1.0487347015825407e-05
psychiatric information databases,Hard Skill,0,1,0.0,1.0487347015825407e-05,-1.0487347015825407e-05
ohio automation integrated computer aided mine planning system icamps,Hard Skill,0,1,0.0,1.0487347015825407e-05,-1.0487347015825407e-05
oil mapping software,Hard Skill,0,1,0.0,1.0487347015825407e-05,-1.0487347015825407e-05
olrac electronic logbook software solution,Hard Skill,0,1,0.0,1.0487347015825407e-05,-1.0487347015825407e-05
olympus image analysis,Hard Skill,0,1,0.0,1.0487347015825407e-05,-1.0487347015825407e-05
omegat,Hard Skill,0,1,0.0,1.0487347015825407e-05,-1.0487347015825407e-05
omeka software,Hard Skill,0,1,0.0,1.0487347015825407e-05,-1.0487347015825407e-05
omicron test universe,Hard Skill,0,1,0.0,1.0487347015825407e-05,-1.0487347015825407e-05
omni group omnigraffle,Hard Skill,0,1,0.0,1.0487347015825407e-05,-1.0487347015825407e-05
omnifleet equipment maintenance management,Hard Skill,0,1,0.0,1.0487347015825407e-05,-1.0487347015825407e-05
omnimd pt./ot ehr,Hard Skill,0,1,0.0,1.0487347015825407e-05,-1.0487347015825407e-05
omnimd sports medicine ehr,Hard Skill,0,1,0.0,1.0487347015825407e-05,-1.0487347015825407e-05
object-oriented programming languages,Hard Skill,0,1,0.0,1.0487347015825407e-05,-1.0487347015825407e-05
objectif lune printshop mail,Hard Skill,0,1,0.0,1.0487347015825407e-05,-1.0487347015825407e-05
objective decision contactizer pro,Hard Skill,0,1,0.0,1.0487347015825407e-05,-1.0487347015825407e-05
objective electronic document management,Hard Skill,0,1,0.0,1.0487347015825407e-05,-1.0487347015825407e-05
oclc illiad,Hard Skill,0,1,0.0,1.0487347015825407e-05,-1.0487347015825407e-05
prosolutions software transcend,Hard Skill,0,1,0.0,1.0487347015825407e-05,-1.0487347015825407e-05
prosys open platform communications unified architecture software,Hard Skill,0,1,0.0,1.0487347015825407e-05,-1.0487347015825407e-05
protein databases,Hard Skill,0,1,0.0,1.0487347015825407e-05,-1.0487347015825407e-05
proteus engineering fastship,Hard Skill,0,1,0.0,1.0487347015825407e-05,-1.0487347015825407e-05
protiviti governance portal,Hard Skill,0,1,0.0,1.0487347015825407e-05,-1.0487347015825407e-05
omnitracs performance monitoring,Hard Skill,0,1,0.0,1.0487347015825407e-05,-1.0487347015825407e-05
omti reporterbase,Hard Skill,0,1,0.0,1.0487347015825407e-05,-1.0487347015825407e-05
oncare advantage,Hard Skill,0,1,0.0,1.0487347015825407e-05,-1.0487347015825407e-05
one mile up panel planner,Hard Skill,0,1,0.0,1.0487347015825407e-05,-1.0487347015825407e-05
one pass compiler software,Hard Skill,0,1,0.0,1.0487347015825407e-05,-1.0487347015825407e-05
one software kidsone,Hard Skill,0,1,0.0,1.0487347015825407e-05,-1.0487347015825407e-05
onecnc cad/cam,Hard Skill,0,1,0.0,1.0487347015825407e-05,-1.0487347015825407e-05
online analytical processing olap software,Hard Skill,0,1,0.0,1.0487347015825407e-05,-1.0487347015825407e-05
online data collection systems,Hard Skill,0,1,0.0,1.0487347015825407e-05,-1.0487347015825407e-05
officemate software solutions examwriter,Hard Skill,0,1,0.0,1.0487347015825407e-05,-1.0487347015825407e-05
officework software turboproject,Hard Skill,0,1,0.0,1.0487347015825407e-05,-1.0487347015825407e-05
online public records search software,Hard Skill,0,1,0.0,1.0487347015825407e-05,-1.0487347015825407e-05
online reference databases,Hard Skill,0,1,0.0,1.0487347015825407e-05,-1.0487347015825407e-05
online registration software,Hard Skill,0,1,0.0,1.0487347015825407e-05,-1.0487347015825407e-05
online river software personal trainer pro,Hard Skill,0,1,0.0,1.0487347015825407e-05,-1.0487347015825407e-05
online service manual database software,Hard Skill,0,1,0.0,1.0487347015825407e-05,-1.0487347015825407e-05
online trading software,Hard Skill,0,1,0.0,1.0487347015825407e-05,-1.0487347015825407e-05
proportional integral derivative control pid software,Hard Skill,0,1,0.0,1.0487347015825407e-05,-1.0487347015825407e-05
proquest abi/inform global,Hard Skill,0,1,0.0,1.0487347015825407e-05,-1.0487347015825407e-05
proquest archive finder,Hard Skill,0,1,0.0,1.0487347015825407e-05,-1.0487347015825407e-05
proquest eric,Hard Skill,0,1,0.0,1.0487347015825407e-05,-1.0487347015825407e-05
proquest library and information science abstracts lisa,Hard Skill,0,1,0.0,1.0487347015825407e-05,-1.0487347015825407e-05
proquest public affairs information service (pais) database,Hard Skill,0,1,0.0,1.0487347015825407e-05,-1.0487347015825407e-05
proquest refworks,Hard Skill,0,1,0.0,1.0487347015825407e-05,-1.0487347015825407e-05
proquest refworks refshare,Hard Skill,0,1,0.0,1.0487347015825407e-05,-1.0487347015825407e-05
proquest worldwide political science abstracts,Hard Skill,0,1,0.0,1.0487347015825407e-05,-1.0487347015825407e-05
proscan,Hard Skill,0,1,0.0,1.0487347015825407e-05,-1.0487347015825407e-05
ontario systems facs,Hard Skill,0,1,0.0,1.0487347015825407e-05,-1.0487347015825407e-05
open dynamics collabtive,Hard Skill,0,1,0.0,1.0487347015825407e-05,-1.0487347015825407e-05
open e-lms,Hard Skill,0,1,0.0,1.0487347015825407e-05,-1.0487347015825407e-05
open mind hypermill,Hard Skill,0,1,0.0,1.0487347015825407e-05,-1.0487347015825407e-05
open mind software hypermill,Hard Skill,0,1,0.0,1.0487347015825407e-05,-1.0487347015825407e-05
open mind technologies hypermill,Hard Skill,0,1,0.0,1.0487347015825407e-05,-1.0487347015825407e-05
open shortest path first ospf,Hard Skill,0,1,0.0,1.0487347015825407e-05,-1.0487347015825407e-05
open song composer,Hard Skill,0,1,0.0,1.0487347015825407e-05,-1.0487347015825407e-05
open source matters joomla!,Hard Skill,0,1,0.0,1.0487347015825407e-05,-1.0487347015825407e-05
online database solutions agent intelligence,Hard Skill,0,1,0.0,1.0487347015825407e-05,-1.0487347015825407e-05
online dictionary for library and information science odlis,Hard Skill,0,1,0.0,1.0487347015825407e-05,-1.0487347015825407e-05
online image and graphics database software,Hard Skill,0,1,0.0,1.0487347015825407e-05,-1.0487347015825407e-05
online informational database software,Hard Skill,0,1,0.0,1.0487347015825407e-05,-1.0487347015825407e-05
online library databases,Hard Skill,0,1,0.0,1.0487347015825407e-05,-1.0487347015825407e-05
online meeting software,Hard Skill,0,1,0.0,1.0487347015825407e-05,-1.0487347015825407e-05
online mendelian inheritance in animals omia,Hard Skill,0,1,0.0,1.0487347015825407e-05,-1.0487347015825407e-05
operating system monitoring software,Hard Skill,0,1,0.0,1.0487347015825407e-05,-1.0487347015825407e-05
operating system process control software,Hard Skill,0,1,0.0,1.0487347015825407e-05,-1.0487347015825407e-05
open source routing protocols ospf,Hard Skill,0,1,0.0,1.0487347015825407e-05,-1.0487347015825407e-05
open systems traverse,Hard Skill,0,1,0.0,1.0487347015825407e-05,-1.0487347015825407e-05
"open text fax server, rightfax edition",Hard Skill,0,1,0.0,1.0487347015825407e-05,-1.0487347015825407e-05
open text web solutions,Hard Skill,0,1,0.0,1.0487347015825407e-05,-1.0487347015825407e-05
opendocman,Hard Skill,0,1,0.0,1.0487347015825407e-05,-1.0487347015825407e-05
opendtect,Hard Skill,0,1,0.0,1.0487347015825407e-05,-1.0487347015825407e-05
openepi,Hard Skill,0,1,0.0,1.0487347015825407e-05,-1.0487347015825407e-05
opengl,Hard Skill,0,1,0.0,1.0487347015825407e-05,-1.0487347015825407e-05
openmake software meister,Hard Skill,0,1,0.0,1.0487347015825407e-05,-1.0487347015825407e-05
openmake software mojo,Hard Skill,0,1,0.0,1.0487347015825407e-05,-1.0487347015825407e-05
openoffice writer,Hard Skill,0,1,0.0,1.0487347015825407e-05,-1.0487347015825407e-05
onque technologies cobra onone,Hard Skill,0,1,0.0,1.0487347015825407e-05,-1.0487347015825407e-05
onset computer corporation hoboware,Hard Skill,0,1,0.0,1.0487347015825407e-05,-1.0487347015825407e-05
onshape,Hard Skill,0,1,0.0,1.0487347015825407e-05,-1.0487347015825407e-05
propellerhead software reason,Hard Skill,0,1,0.0,1.0487347015825407e-05,-1.0487347015825407e-05
"property damage, bodily injury, and liability estimation software",Hard Skill,0,1,0.0,1.0487347015825407e-05,-1.0487347015825407e-05
property insight titlepoint,Hard Skill,0,1,0.0,1.0487347015825407e-05,-1.0487347015825407e-05
property records databases,Hard Skill,0,1,0.0,1.0487347015825407e-05,-1.0487347015825407e-05
property scheduling software,Hard Skill,0,1,0.0,1.0487347015825407e-05,-1.0487347015825407e-05
property solutions international residentportal,Hard Skill,0,1,0.0,1.0487347015825407e-05,-1.0487347015825407e-05
propertyboss solutions propertyboss,Hard Skill,0,1,0.0,1.0487347015825407e-05,-1.0487347015825407e-05
propertyinfo sureclose,Hard Skill,0,1,0.0,1.0487347015825407e-05,-1.0487347015825407e-05
propertyview solutions remanage,Hard Skill,0,1,0.0,1.0487347015825407e-05,-1.0487347015825407e-05
openservice open nervecenter,Hard Skill,0,1,0.0,1.0487347015825407e-05,-1.0487347015825407e-05
openstack,Hard Skill,0,1,0.0,1.0487347015825407e-05,-1.0487347015825407e-05
opentable,Hard Skill,0,1,0.0,1.0487347015825407e-05,-1.0487347015825407e-05
opentext edocs dm,Hard Skill,0,1,0.0,1.0487347015825407e-05,-1.0487347015825407e-05
opentext livelink ecm,Hard Skill,0,1,0.0,1.0487347015825407e-05,-1.0487347015825407e-05
openvas,Hard Skill,0,1,0.0,1.0487347015825407e-05,-1.0487347015825407e-05
operating log software,Hard Skill,0,1,0.0,1.0487347015825407e-05,-1.0487347015825407e-05
optiwave optispice,Hard Skill,0,1,0.0,1.0487347015825407e-05,-1.0487347015825407e-05
oracle beehive,Hard Skill,0,1,0.0,1.0487347015825407e-05,-1.0487347015825407e-05
operations scheduling software,Hard Skill,0,1,0.0,1.0487347015825407e-05,-1.0487347015825407e-05
ophthalmic imaging software,Hard Skill,0,1,0.0,1.0487347015825407e-05,-1.0487347015825407e-05
opie practice management suite,Hard Skill,0,1,0.0,1.0487347015825407e-05,-1.0487347015825407e-05
opnet apmxpert,Hard Skill,0,1,0.0,1.0487347015825407e-05,-1.0487347015825407e-05
opnet sp sentinel,Hard Skill,0,1,0.0,1.0487347015825407e-05,-1.0487347015825407e-05
opportunity management system oms,Hard Skill,0,1,0.0,1.0487347015825407e-05,-1.0487347015825407e-05
optasoft commercial building inspector,Hard Skill,0,1,0.0,1.0487347015825407e-05,-1.0487347015825407e-05
optical analysis software,Hard Skill,0,1,0.0,1.0487347015825407e-05,-1.0487347015825407e-05
optical character reader ocr software,Hard Skill,0,1,0.0,1.0487347015825407e-05,-1.0487347015825407e-05
optical gaging products measure-x,Hard Skill,0,1,0.0,1.0487347015825407e-05,-1.0487347015825407e-05
optical imaging systems,Hard Skill,0,1,0.0,1.0487347015825407e-05,-1.0487347015825407e-05
optical physics technologies sun_chart,Hard Skill,0,1,0.0,1.0487347015825407e-05,-1.0487347015825407e-05
proof of delivery pod software,Hard Skill,0,1,0.0,1.0487347015825407e-05,-1.0487347015825407e-05
propay payment processing software,Hard Skill,0,1,0.0,1.0487347015825407e-05,-1.0487347015825407e-05
project visualization software,Hard Skill,0,1,0.0,1.0487347015825407e-05,-1.0487347015825407e-05
project-open,Hard Skill,0,1,0.0,1.0487347015825407e-05,-1.0487347015825407e-05
project.net,Hard Skill,0,1,0.0,1.0487347015825407e-05,-1.0487347015825407e-05
projectlibre,Hard Skill,0,1,0.0,1.0487347015825407e-05,-1.0487347015825407e-05
projectsend,Hard Skill,0,1,0.0,1.0487347015825407e-05,-1.0487347015825407e-05
projecturf,Hard Skill,0,1,0.0,1.0487347015825407e-05,-1.0487347015825407e-05
prometheus,Hard Skill,0,1,0.0,1.0487347015825407e-05,-1.0487347015825407e-05
promine,Hard Skill,0,1,0.0,1.0487347015825407e-05,-1.0487347015825407e-05
promium element datasystem lims,Hard Skill,0,1,0.0,1.0487347015825407e-05,-1.0487347015825407e-05
optical scanning software,Hard Skill,0,1,0.0,1.0487347015825407e-05,-1.0487347015825407e-05
opticks,Hard Skill,0,1,0.0,1.0487347015825407e-05,-1.0487347015825407e-05
optima ias,Hard Skill,0,1,0.0,1.0487347015825407e-05,-1.0487347015825407e-05
optimum logistics loadplanner,Hard Skill,0,1,0.0,1.0487347015825407e-05,-1.0487347015825407e-05
optitex 3d suite,Hard Skill,0,1,0.0,1.0487347015825407e-05,-1.0487347015825407e-05
optiwave optibpm,Hard Skill,0,1,0.0,1.0487347015825407e-05,-1.0487347015825407e-05
optiwave optifdtd,Hard Skill,0,1,0.0,1.0487347015825407e-05,-1.0487347015825407e-05
oracle inventory,Hard Skill,0,1,0.0,1.0487347015825407e-05,-1.0487347015825407e-05
oracle iplanet web server,Hard Skill,0,1,0.0,1.0487347015825407e-05,-1.0487347015825407e-05
program logging software,Hard Skill,0,1,0.0,1.0487347015825407e-05,-1.0487347015825407e-05
programmable logic controller plc code generation software,Hard Skill,0,1,0.0,1.0487347015825407e-05,-1.0487347015825407e-05
programming languages,Hard Skill,0,1,0.0,1.0487347015825407e-05,-1.0487347015825407e-05
progress openedge application server,Hard Skill,0,1,0.0,1.0487347015825407e-05,-1.0487347015825407e-05
progress openedge fathom replication software,Hard Skill,0,1,0.0,1.0487347015825407e-05,-1.0487347015825407e-05
project analysis and costing software,Hard Skill,0,1,0.0,1.0487347015825407e-05,-1.0487347015825407e-05
project data integration software,Hard Skill,0,1,0.0,1.0487347015825407e-05,-1.0487347015825407e-05
oracle business intelligence publisher,Hard Skill,0,1,0.0,1.0487347015825407e-05,-1.0487347015825407e-05
oracle darwin,Hard Skill,0,1,0.0,1.0487347015825407e-05,-1.0487347015825407e-05
oracle data integrator,Hard Skill,0,1,0.0,1.0487347015825407e-05,-1.0487347015825407e-05
oracle e-business suite human resources management system,Hard Skill,0,1,0.0,1.0487347015825407e-05,-1.0487347015825407e-05
oracle e-business suite supply chain management,Hard Skill,0,1,0.0,1.0487347015825407e-05,-1.0487347015825407e-05
project manager online projectmanager.com,Hard Skill,0,1,0.0,1.0487347015825407e-05,-1.0487347015825407e-05
project portfolio management ppm software,Hard Skill,0,1,0.0,1.0487347015825407e-05,-1.0487347015825407e-05
profilers,Hard Skill,0,1,0.0,1.0487347015825407e-05,-1.0487347015825407e-05
profit developers electronic file interchange,Hard Skill,0,1,0.0,1.0487347015825407e-05,-1.0487347015825407e-05
profitool gearwatch,Hard Skill,0,1,0.0,1.0487347015825407e-05,-1.0487347015825407e-05
profitool software (human resources feature),Hard Skill,0,1,0.0,1.0487347015825407e-05,-1.0487347015825407e-05
profitool software (time accounting feature),Hard Skill,0,1,0.0,1.0487347015825407e-05,-1.0487347015825407e-05
proforce highlight flyer master,Hard Skill,0,1,0.0,1.0487347015825407e-05,-1.0487347015825407e-05
proforce paralegal pro-pack,Hard Skill,0,1,0.0,1.0487347015825407e-05,-1.0487347015825407e-05
proforce ultimate brochures,Hard Skill,0,1,0.0,1.0487347015825407e-05,-1.0487347015825407e-05
progeny software progeny clinical,Hard Skill,0,1,0.0,1.0487347015825407e-05,-1.0487347015825407e-05
prognosis solutions resolvprm,Hard Skill,0,1,0.0,1.0487347015825407e-05,-1.0487347015825407e-05
program checksumming software,Hard Skill,0,1,0.0,1.0487347015825407e-05,-1.0487347015825407e-05
oracle enterprise asset management eam,Hard Skill,0,1,0.0,1.0487347015825407e-05,-1.0487347015825407e-05
"oracle enterprise governance, risk, and compliance manager",Hard Skill,0,1,0.0,1.0487347015825407e-05,-1.0487347015825407e-05
oracle flow manufacturing,Hard Skill,0,1,0.0,1.0487347015825407e-05,-1.0487347015825407e-05
oracle hyperion financial management,Hard Skill,0,1,0.0,1.0487347015825407e-05,-1.0487347015825407e-05
oracle insurance compliance tracker,Hard Skill,0,1,0.0,1.0487347015825407e-05,-1.0487347015825407e-05
product lifecycle management plm software,Hard Skill,0,1,0.0,1.0487347015825407e-05,-1.0487347015825407e-05
product producer databases,Hard Skill,0,1,0.0,1.0487347015825407e-05,-1.0487347015825407e-05
product safety documentation software,Hard Skill,0,1,0.0,1.0487347015825407e-05,-1.0487347015825407e-05
production flow analysis and simplification toolkit pfast,Hard Skill,0,1,0.0,1.0487347015825407e-05,-1.0487347015825407e-05
production flow analysis software,Hard Skill,0,1,0.0,1.0487347015825407e-05,-1.0487347015825407e-05
production planning software,Hard Skill,0,1,0.0,1.0487347015825407e-05,-1.0487347015825407e-05
production scheduling software,Hard Skill,0,1,0.0,1.0487347015825407e-05,-1.0487347015825407e-05
oracle java enterprise edition ee,Hard Skill,0,1,0.0,1.0487347015825407e-05,-1.0487347015825407e-05
oracle jd edwards enterpriseone project management,Hard Skill,0,1,0.0,1.0487347015825407e-05,-1.0487347015825407e-05
oracle jdeveloper,Hard Skill,0,1,0.0,1.0487347015825407e-05,-1.0487347015825407e-05
oracle learning management,Hard Skill,0,1,0.0,1.0487347015825407e-05,-1.0487347015825407e-05
oracle master data management mdm suite,Hard Skill,0,1,0.0,1.0487347015825407e-05,-1.0487347015825407e-05
oracle migration workbench,Hard Skill,0,1,0.0,1.0487347015825407e-05,-1.0487347015825407e-05
production tracking system software,Hard Skill,0,1,0.0,1.0487347015825407e-05,-1.0487347015825407e-05
proest software proest estimating,Hard Skill,0,1,0.0,1.0487347015825407e-05,-1.0487347015825407e-05
professional solutions procare,Hard Skill,0,1,0.0,1.0487347015825407e-05,-1.0487347015825407e-05
oracle peoplesoft enterprise,Hard Skill,0,1,0.0,1.0487347015825407e-05,-1.0487347015825407e-05
oracle peoplesoft enterprise employee self-service,Hard Skill,0,1,0.0,1.0487347015825407e-05,-1.0487347015825407e-05
oracle peoplesoft enterprise financial management solutions,Hard Skill,0,1,0.0,1.0487347015825407e-05,-1.0487347015825407e-05
oracle peoplesoft enterprise human resources,Hard Skill,0,1,0.0,1.0487347015825407e-05,-1.0487347015825407e-05
oracle peoplesoft enterprise supply planning multi-site material planner,Hard Skill,0,1,0.0,1.0487347015825407e-05,-1.0487347015825407e-05
oracle peoplesoft human capital management,Hard Skill,0,1,0.0,1.0487347015825407e-05,-1.0487347015825407e-05
oracle peoplesoft payroll for north america,Hard Skill,0,1,0.0,1.0487347015825407e-05,-1.0487347015825407e-05
oracle performance management suites,Hard Skill,0,1,0.0,1.0487347015825407e-05,-1.0487347015825407e-05
oracle primavera p6 professional project management,Hard Skill,0,1,0.0,1.0487347015825407e-05,-1.0487347015825407e-05
oracle recovery manager,Hard Skill,0,1,0.0,1.0487347015825407e-05,-1.0487347015825407e-05
process simulation software,Hard Skill,0,1,0.0,1.0487347015825407e-05,-1.0487347015825407e-05
processpro premier,Hard Skill,0,1,0.0,1.0487347015825407e-05,-1.0487347015825407e-05
prode pd-plus,Hard Skill,0,1,0.0,1.0487347015825407e-05,-1.0487347015825407e-05
prodoc,Hard Skill,0,1,0.0,1.0487347015825407e-05,-1.0487347015825407e-05
producepak mobile farm management,Hard Skill,0,1,0.0,1.0487347015825407e-05,-1.0487347015825407e-05
product development management software,Hard Skill,0,1,0.0,1.0487347015825407e-05,-1.0487347015825407e-05
probabilistic risk assessment pra software,Hard Skill,0,1,0.0,1.0487347015825407e-05,-1.0487347015825407e-05
procat denoto,Hard Skill,0,1,0.0,1.0487347015825407e-05,-1.0487347015825407e-05
procat winner,Hard Skill,0,1,0.0,1.0487347015825407e-05,-1.0487347015825407e-05
procedure scheduling software,Hard Skill,0,1,0.0,1.0487347015825407e-05,-1.0487347015825407e-05
process control software,Hard Skill,0,1,0.0,1.0487347015825407e-05,-1.0487347015825407e-05
process heating assessment and survey tool phast,Hard Skill,0,1,0.0,1.0487347015825407e-05,-1.0487347015825407e-05
process reengineering software,Hard Skill,0,1,0.0,1.0487347015825407e-05,-1.0487347015825407e-05
process safety management software,Hard Skill,0,1,0.0,1.0487347015825407e-05,-1.0487347015825407e-05
oracle remote data capture,Hard Skill,0,1,0.0,1.0487347015825407e-05,-1.0487347015825407e-05
oracle retek,Hard Skill,0,1,0.0,1.0487347015825407e-05,-1.0487347015825407e-05
oracle self-service human resources,Hard Skill,0,1,0.0,1.0487347015825407e-05,-1.0487347015825407e-05
oracle siebel marketing resource management,Hard Skill,0,1,0.0,1.0487347015825407e-05,-1.0487347015825407e-05
oracle software,Hard Skill,0,1,0.0,1.0487347015825407e-05,-1.0487347015825407e-05
oracle unified directory,Hard Skill,0,1,0.0,1.0487347015825407e-05,-1.0487347015825407e-05
oracle universal content management,Hard Skill,0,1,0.0,1.0487347015825407e-05,-1.0487347015825407e-05
oracle warehouse builder,Hard Skill,0,1,0.0,1.0487347015825407e-05,-1.0487347015825407e-05
orbitz worldwide orbitz for agents,Hard Skill,0,1,0.0,1.0487347015825407e-05,-1.0487347015825407e-05
orbius,Hard Skill,0,1,0.0,1.0487347015825407e-05,-1.0487347015825407e-05
orchard software orchard pathology,Hard Skill,0,1,0.0,1.0487347015825407e-05,-1.0487347015825407e-05
ordering and purchasing software,Hard Skill,0,1,0.0,1.0487347015825407e-05,-1.0487347015825407e-05
ordering software,Hard Skill,0,1,0.0,1.0487347015825407e-05,-1.0487347015825407e-05
organic synthesis planning software,Hard Skill,0,1,0.0,1.0487347015825407e-05,-1.0487347015825407e-05
orgmation icare,Hard Skill,0,1,0.0,1.0487347015825407e-05,-1.0487347015825407e-05
orpheus technology pro writing aid,Hard Skill,0,1,0.0,1.0487347015825407e-05,-1.0487347015825407e-05
ortho computer systems viewpoint,Hard Skill,0,1,0.0,1.0487347015825407e-05,-1.0487347015825407e-05
printed circuit board design software,Hard Skill,0,1,0.0,1.0487347015825407e-05,-1.0487347015825407e-05
printer driver software,Hard Skill,0,1,0.0,1.0487347015825407e-05,-1.0487347015825407e-05
printers software inc. presidio,Hard Skill,0,1,0.0,1.0487347015825407e-05,-1.0487347015825407e-05
printing management system software,Hard Skill,0,1,0.0,1.0487347015825407e-05,-1.0487347015825407e-05
private practice,Hard Skill,0,1,0.0,1.0487347015825407e-05,-1.0487347015825407e-05
pro systems client write-up system for windows,Hard Skill,0,1,0.0,1.0487347015825407e-05,-1.0487347015825407e-05
pro writing aid,Hard Skill,0,1,0.0,1.0487347015825407e-05,-1.0487347015825407e-05
orthochart,Hard Skill,0,1,0.0,1.0487347015825407e-05,-1.0487347015825407e-05
orthoease,Hard Skill,0,1,0.0,1.0487347015825407e-05,-1.0487347015825407e-05
orthotic fabrication software,Hard Skill,0,1,0.0,1.0487347015825407e-05,-1.0487347015825407e-05
osi monarch/sgp,Hard Skill,0,1,0.0,1.0487347015825407e-05,-1.0487347015825407e-05
osi trustwise,Hard Skill,0,1,0.0,1.0487347015825407e-05,-1.0487347015825407e-05
otometrics otosuite,Hard Skill,0,1,0.0,1.0487347015825407e-05,-1.0487347015825407e-05
otp armacad,Hard Skill,0,1,0.0,1.0487347015825407e-05,-1.0487347015825407e-05
outboard engine diagnostic software,Hard Skill,0,1,0.0,1.0487347015825407e-05,-1.0487347015825407e-05
outlooksoft,Hard Skill,0,1,0.0,1.0487347015825407e-05,-1.0487347015825407e-05
overland conveyor belt analyst,Hard Skill,0,1,0.0,1.0487347015825407e-05,-1.0487347015825407e-05
oversight insights on demand,Hard Skill,0,1,0.0,1.0487347015825407e-05,-1.0487347015825407e-05
ovid silverplatter webspirs,Hard Skill,0,1,0.0,1.0487347015825407e-05,-1.0487347015825407e-05
ovo studios ovo logger,Hard Skill,0,1,0.0,1.0487347015825407e-05,-1.0487347015825407e-05
owl bookkeeping for realtors,Hard Skill,0,1,0.0,1.0487347015825407e-05,-1.0487347015825407e-05
oxford reference online,Hard Skill,0,1,0.0,1.0487347015825407e-05,-1.0487347015825407e-05
orangehrm,Hard Skill,0,1,0.0,1.0487347015825407e-05,-1.0487347015825407e-05
primasoft pc small library organizer pro,Hard Skill,0,1,0.0,1.0487347015825407e-05,-1.0487347015825407e-05
primatech auditworks,Hard Skill,0,1,0.0,1.0487347015825407e-05,-1.0487347015825407e-05
primavera cost management,Hard Skill,0,1,0.0,1.0487347015825407e-05,-1.0487347015825407e-05
prime clinical,Hard Skill,0,1,0.0,1.0487347015825407e-05,-1.0487347015825407e-05
prime debt soft debt settlement,Hard Skill,0,1,0.0,1.0487347015825407e-05,-1.0487347015825407e-05
prime debt software credit repair,Hard Skill,0,1,0.0,1.0487347015825407e-05,-1.0487347015825407e-05
prince,Hard Skill,0,1,0.0,1.0487347015825407e-05,-1.0487347015825407e-05
p-sea windplot,Hard Skill,0,1,0.0,1.0487347015825407e-05,-1.0487347015825407e-05
p-stat,Hard Skill,0,1,0.0,1.0487347015825407e-05,-1.0487347015825407e-05
package location and tracking software,Hard Skill,0,1,0.0,1.0487347015825407e-05,-1.0487347015825407e-05
package tracking software,Hard Skill,0,1,0.0,1.0487347015825407e-05,-1.0487347015825407e-05
packet analysis software,Hard Skill,0,1,0.0,1.0487347015825407e-05,-1.0487347015825407e-05
packet analyzers,Hard Skill,0,1,0.0,1.0487347015825407e-05,-1.0487347015825407e-05
page markers,Hard Skill,0,1,0.0,1.0487347015825407e-05,-1.0487347015825407e-05
paint mixing and matching software,Hard Skill,0,1,0.0,1.0487347015825407e-05,-1.0487347015825407e-05
paintbrush,Hard Skill,0,1,0.0,1.0487347015825407e-05,-1.0487347015825407e-05
premis,Hard Skill,0,1,0.0,1.0487347015825407e-05,-1.0487347015825407e-05
presagia sports,Hard Skill,0,1,0.0,1.0487347015825407e-05,-1.0487347015825407e-05
presagis stage,Hard Skill,0,1,0.0,1.0487347015825407e-05,-1.0487347015825407e-05
presentation graphics software,Hard Skill,0,1,0.0,1.0487347015825407e-05,-1.0487347015825407e-05
palantir intelligence,Hard Skill,0,1,0.0,1.0487347015825407e-05,-1.0487347015825407e-05
palbridge ubidesk,Hard Skill,0,1,0.0,1.0487347015825407e-05,-1.0487347015825407e-05
paleomag,Hard Skill,0,1,0.0,1.0487347015825407e-05,-1.0487347015825407e-05
paleontological statistics past,Hard Skill,0,1,0.0,1.0487347015825407e-05,-1.0487347015825407e-05
paleotax,Hard Skill,0,1,0.0,1.0487347015825407e-05,-1.0487347015825407e-05
palm pal transana,Hard Skill,0,1,0.0,1.0487347015825407e-05,-1.0487347015825407e-05
palo alto networks next-generation security platform,Hard Skill,0,1,0.0,1.0487347015825407e-05,-1.0487347015825407e-05
preventive maintenance software,Hard Skill,0,1,0.0,1.0487347015825407e-05,-1.0487347015825407e-05
price sytems trueplanning,Hard Skill,0,1,0.0,1.0487347015825407e-05,-1.0487347015825407e-05
pricepoint,Hard Skill,0,1,0.0,1.0487347015825407e-05,-1.0487347015825407e-05
prima systems optix,Hard Skill,0,1,0.0,1.0487347015825407e-05,-1.0487347015825407e-05
primasoft pc realtor organizer deluxe,Hard Skill,0,1,0.0,1.0487347015825407e-05,-1.0487347015825407e-05
par technology spasoft,Hard Skill,0,1,0.0,1.0487347015825407e-05,-1.0487347015825407e-05
paraccel analytic database,Hard Skill,0,1,0.0,1.0487347015825407e-05,-1.0487347015825407e-05
paradigm skua-gocad,Hard Skill,0,1,0.0,1.0487347015825407e-05,-1.0487347015825407e-05
paragon financial services paragon financial system,Hard Skill,0,1,0.0,1.0487347015825407e-05,-1.0487347015825407e-05
parallel geoscience spw,Hard Skill,0,1,0.0,1.0487347015825407e-05,-1.0487347015825407e-05
parallel systems software,Hard Skill,0,1,0.0,1.0487347015825407e-05,-1.0487347015825407e-05
preactor aps,Hard Skill,0,1,0.0,1.0487347015825407e-05,-1.0487347015825407e-05
preactor finite capacity scheduling,Hard Skill,0,1,0.0,1.0487347015825407e-05,-1.0487347015825407e-05
precision analytical aerotriangulation pugging software,Hard Skill,0,1,0.0,1.0487347015825407e-05,-1.0487347015825407e-05
precision data solutions voicepower,Hard Skill,0,1,0.0,1.0487347015825407e-05,-1.0487347015825407e-05
precision tra/x,Hard Skill,0,1,0.0,1.0487347015825407e-05,-1.0487347015825407e-05
predator dnc,Hard Skill,0,1,0.0,1.0487347015825407e-05,-1.0487347015825407e-05
predictive toxicology software,Hard Skill,0,1,0.0,1.0487347015825407e-05,-1.0487347015825407e-05
predictprotein,Hard Skill,0,1,0.0,1.0487347015825407e-05,-1.0487347015825407e-05
premier biosoft array designer,Hard Skill,0,1,0.0,1.0487347015825407e-05,-1.0487347015825407e-05
premier software simtrak mobility,Hard Skill,0,1,0.0,1.0487347015825407e-05,-1.0487347015825407e-05
partech pixelpoint pos,Hard Skill,0,1,0.0,1.0487347015825407e-05,-1.0487347015825407e-05
partek incorporated partek genomics suite,Hard Skill,0,1,0.0,1.0487347015825407e-05,-1.0487347015825407e-05
parthenon,Hard Skill,0,1,0.0,1.0487347015825407e-05,-1.0487347015825407e-05
partial class generator software,Hard Skill,0,1,0.0,1.0487347015825407e-05,-1.0487347015825407e-05
partmaker swisscam,Hard Skill,0,1,0.0,1.0487347015825407e-05,-1.0487347015825407e-05
parts classification databases,Hard Skill,0,1,0.0,1.0487347015825407e-05,-1.0487347015825407e-05
parts database software,Hard Skill,0,1,0.0,1.0487347015825407e-05,-1.0487347015825407e-05
pason wellview field solution,Hard Skill,0,1,0.0,1.0487347015825407e-05,-1.0487347015825407e-05
pan american health organization sigepi,Hard Skill,0,1,0.0,1.0487347015825407e-05,-1.0487347015825407e-05
panalytical x'pert data collector,Hard Skill,0,1,0.0,1.0487347015825407e-05,-1.0487347015825407e-05
panalytical x'pert epitaxy,Hard Skill,0,1,0.0,1.0487347015825407e-05,-1.0487347015825407e-05
panopto,Hard Skill,0,1,0.0,1.0487347015825407e-05,-1.0487347015825407e-05
panorama novaview,Hard Skill,0,1,0.0,1.0487347015825407e-05,-1.0487347015825407e-05
panorama technologies modelweaver,Hard Skill,0,1,0.0,1.0487347015825407e-05,-1.0487347015825407e-05
panoweaver panorama,Hard Skill,0,1,0.0,1.0487347015825407e-05,-1.0487347015825407e-05
pantone colorvision profilerplus,Hard Skill,0,1,0.0,1.0487347015825407e-05,-1.0487347015825407e-05
password cracker software,Hard Skill,0,1,0.0,1.0487347015825407e-05,-1.0487347015825407e-05
past inspection query piq,Hard Skill,0,1,0.0,1.0487347015825407e-05,-1.0487347015825407e-05
pathlogix,Hard Skill,0,1,0.0,1.0487347015825407e-05,-1.0487347015825407e-05
pathogen modeling program pmp,Hard Skill,0,1,0.0,1.0487347015825407e-05,-1.0487347015825407e-05
pathogentracker,Hard Skill,0,1,0.0,1.0487347015825407e-05,-1.0487347015825407e-05
pathview systems progeny,Hard Skill,0,1,0.0,1.0487347015825407e-05,-1.0487347015825407e-05
patient billing software,Hard Skill,0,1,0.0,1.0487347015825407e-05,-1.0487347015825407e-05
patient charting software,Hard Skill,0,1,0.0,1.0487347015825407e-05,-1.0487347015825407e-05
patient documentation software,Hard Skill,0,1,0.0,1.0487347015825407e-05,-1.0487347015825407e-05
patient health questionaire,Hard Skill,0,1,0.0,1.0487347015825407e-05,-1.0487347015825407e-05
parasoft soatest,Hard Skill,0,1,0.0,1.0487347015825407e-05,-1.0487347015825407e-05
parature erealtime,Hard Skill,0,1,0.0,1.0487347015825407e-05,-1.0487347015825407e-05
parature eticket,Hard Skill,0,1,0.0,1.0487347015825407e-05,-1.0487347015825407e-05
parbat,Hard Skill,0,1,0.0,1.0487347015825407e-05,-1.0487347015825407e-05
pari/gp,Hard Skill,0,1,0.0,1.0487347015825407e-05,-1.0487347015825407e-05
parking access revenue control system,Hard Skill,0,1,0.0,1.0487347015825407e-05,-1.0487347015825407e-05
pq systems gagepack,Hard Skill,0,1,0.0,1.0487347015825407e-05,-1.0487347015825407e-05
pq systems measurespy,Hard Skill,0,1,0.0,1.0487347015825407e-05,-1.0487347015825407e-05
pq systems sqcpack,Hard Skill,0,1,0.0,1.0487347015825407e-05,-1.0487347015825407e-05
practice management technologies visual private office,Hard Skill,0,1,0.0,1.0487347015825407e-05,-1.0487347015825407e-05
practice-web dental,Hard Skill,0,1,0.0,1.0487347015825407e-05,-1.0487347015825407e-05
practicesuite complete suite,Hard Skill,0,1,0.0,1.0487347015825407e-05,-1.0487347015825407e-05
praxipower praxischool,Hard Skill,0,1,0.0,1.0487347015825407e-05,-1.0487347015825407e-05
patient medical record software,Hard Skill,0,1,0.0,1.0487347015825407e-05,-1.0487347015825407e-05
patient monitoring systems,Hard Skill,0,1,0.0,1.0487347015825407e-05,-1.0487347015825407e-05
patient records software for personal digital assistants pdas,Hard Skill,0,1,0.0,1.0487347015825407e-05,-1.0487347015825407e-05
patient satisfaction assessment software,Hard Skill,0,1,0.0,1.0487347015825407e-05,-1.0487347015825407e-05
pattern design software,Hard Skill,0,1,0.0,1.0487347015825407e-05,-1.0487347015825407e-05
pattern searching software,Hard Skill,0,1,0.0,1.0487347015825407e-05,-1.0487347015825407e-05
patternmaker,Hard Skill,0,1,0.0,1.0487347015825407e-05,-1.0487347015825407e-05
patternmaking software,Hard Skill,0,1,0.0,1.0487347015825407e-05,-1.0487347015825407e-05
paycor payroll management,Hard Skill,0,1,0.0,1.0487347015825407e-05,-1.0487347015825407e-05
powerworld corporation powerworld simulator,Hard Skill,0,1,0.0,1.0487347015825407e-05,-1.0487347015825407e-05
powerworld software,Hard Skill,0,1,0.0,1.0487347015825407e-05,-1.0487347015825407e-05
ppd patient profiles,Hard Skill,0,1,0.0,1.0487347015825407e-05,-1.0487347015825407e-05
paydata advanced hr,Hard Skill,0,1,0.0,1.0487347015825407e-05,-1.0487347015825407e-05
paylocity web pay,Hard Skill,0,1,0.0,1.0487347015825407e-05,-1.0487347015825407e-05
payment processing software,Hard Skill,0,1,0.0,1.0487347015825407e-05,-1.0487347015825407e-05
paypal,Hard Skill,0,1,0.0,1.0487347015825407e-05,-1.0487347015825407e-05
paypal zettle,Hard Skill,0,1,0.0,1.0487347015825407e-05,-1.0487347015825407e-05
pc weather products hurrtrak,Hard Skill,0,1,0.0,1.0487347015825407e-05,-1.0487347015825407e-05
pc-mapper software,Hard Skill,0,1,0.0,1.0487347015825407e-05,-1.0487347015825407e-05
pc-progress hydrus,Hard Skill,0,1,0.0,1.0487347015825407e-05,-1.0487347015825407e-05
pcg software virtual examiner,Hard Skill,0,1,0.0,1.0487347015825407e-05,-1.0487347015825407e-05
pci geomatics ecognition,Hard Skill,0,1,0.0,1.0487347015825407e-05,-1.0487347015825407e-05
pci geomatics geomatica,Hard Skill,0,1,0.0,1.0487347015825407e-05,-1.0487347015825407e-05
ppt4drs quixote,Hard Skill,0,1,0.0,1.0487347015825407e-05,-1.0487347015825407e-05
pq systems chartrunner lean,Hard Skill,0,1,0.0,1.0487347015825407e-05,-1.0487347015825407e-05
pearson powerschool,Hard Skill,0,1,0.0,1.0487347015825407e-05,-1.0487347015825407e-05
peb xldent,Hard Skill,0,1,0.0,1.0487347015825407e-05,-1.0487347015825407e-05
pedal powered software bicycle repair man,Hard Skill,0,1,0.0,1.0487347015825407e-05,-1.0487347015825407e-05
pedhunter,Hard Skill,0,1,0.0,1.0487347015825407e-05,-1.0487347015825407e-05
pedidraw,Hard Skill,0,1,0.0,1.0487347015825407e-05,-1.0487347015825407e-05
power diary,Hard Skill,0,1,0.0,1.0487347015825407e-05,-1.0487347015825407e-05
power real estate letters,Hard Skill,0,1,0.0,1.0487347015825407e-05,-1.0487347015825407e-05
power structure,Hard Skill,0,1,0.0,1.0487347015825407e-05,-1.0487347015825407e-05
power system modeling software,Hard Skill,0,1,0.0,1.0487347015825407e-05,-1.0487347015825407e-05
power tab editor,Hard Skill,0,1,0.0,1.0487347015825407e-05,-1.0487347015825407e-05
powercad,Hard Skill,0,1,0.0,1.0487347015825407e-05,-1.0487347015825407e-05
powerplace professional,Hard Skill,0,1,0.0,1.0487347015825407e-05,-1.0487347015825407e-05
powerschool group powerschool sis,Hard Skill,0,1,0.0,1.0487347015825407e-05,-1.0487347015825407e-05
powerschool sis,Hard Skill,0,1,0.0,1.0487347015825407e-05,-1.0487347015825407e-05
powersim psim,Hard Skill,0,1,0.0,1.0487347015825407e-05,-1.0487347015825407e-05
powersoft powerbuilder,Hard Skill,0,1,0.0,1.0487347015825407e-05,-1.0487347015825407e-05
pegasus software,Hard Skill,0,1,0.0,1.0487347015825407e-05,-1.0487347015825407e-05
pegasystems smartbpm,Hard Skill,0,1,0.0,1.0487347015825407e-05,-1.0487347015825407e-05
pelion manufacturing process optimization mpo software,Hard Skill,0,1,0.0,1.0487347015825407e-05,-1.0487347015825407e-05
pemimic patient relations suite,Hard Skill,0,1,0.0,1.0487347015825407e-05,-1.0487347015825407e-05
peminic patient safety & quality suite,Hard Skill,0,1,0.0,1.0487347015825407e-05,-1.0487347015825407e-05
peninsula software quicktrack pro,Hard Skill,0,1,0.0,1.0487347015825407e-05,-1.0487347015825407e-05
penta software,Hard Skill,0,1,0.0,1.0487347015825407e-05,-1.0487347015825407e-05
pentagon 2000sql,Hard Skill,0,1,0.0,1.0487347015825407e-05,-1.0487347015825407e-05
pci geomatics software,Hard Skill,0,1,0.0,1.0487347015825407e-05,-1.0487347015825407e-05
pcs revenue control systems fastrak school meal software,Hard Skill,0,1,0.0,1.0487347015825407e-05,-1.0487347015825407e-05
pd' programming intersection magic,Hard Skill,0,1,0.0,1.0487347015825407e-05,-1.0487347015825407e-05
pdf snake easy bates,Hard Skill,0,1,0.0,1.0487347015825407e-05,-1.0487347015825407e-05
pe international gabi,Hard Skill,0,1,0.0,1.0487347015825407e-05,-1.0487347015825407e-05
pe international sofi,Hard Skill,0,1,0.0,1.0487347015825407e-05,-1.0487347015825407e-05
pear technology fieldman farmer,Hard Skill,0,1,0.0,1.0487347015825407e-05,-1.0487347015825407e-05
pearson education phstat2,Hard Skill,0,1,0.0,1.0487347015825407e-05,-1.0487347015825407e-05
people-trak hr essentials,Hard Skill,0,1,0.0,1.0487347015825407e-05,-1.0487347015825407e-05
people-trak software,Hard Skill,0,1,0.0,1.0487347015825407e-05,-1.0487347015825407e-05
people@work,Hard Skill,0,1,0.0,1.0487347015825407e-05,-1.0487347015825407e-05
peopleclick aaplanner,Hard Skill,0,1,0.0,1.0487347015825407e-05,-1.0487347015825407e-05
peopleclick caams,Hard Skill,0,1,0.0,1.0487347015825407e-05,-1.0487347015825407e-05
peopleclick monitor,Hard Skill,0,1,0.0,1.0487347015825407e-05,-1.0487347015825407e-05
peopleclick paystat,Hard Skill,0,1,0.0,1.0487347015825407e-05,-1.0487347015825407e-05
peoplefluent performance,Hard Skill,0,1,0.0,1.0487347015825407e-05,-1.0487347015825407e-05
peoplefluent recruiting,Hard Skill,0,1,0.0,1.0487347015825407e-05,-1.0487347015825407e-05
peoplenet,Hard Skill,0,1,0.0,1.0487347015825407e-05,-1.0487347015825407e-05
pepid rn critical care rncc,Hard Skill,0,1,0.0,1.0487347015825407e-05,-1.0487347015825407e-05
per-se technologies orsos one-call,Hard Skill,0,1,0.0,1.0487347015825407e-05,-1.0487347015825407e-05
perceptive software imagenow,Hard Skill,0,1,0.0,1.0487347015825407e-05,-1.0487347015825407e-05
pedigree drawing and management software,Hard Skill,0,1,0.0,1.0487347015825407e-05,-1.0487347015825407e-05
pedonce,Hard Skill,0,1,0.0,1.0487347015825407e-05,-1.0487347015825407e-05
pedyn p2000,Hard Skill,0,1,0.0,1.0487347015825407e-05,-1.0487347015825407e-05
petroweb global seismic library,Hard Skill,0,1,0.0,1.0487347015825407e-05,-1.0487347015825407e-05
petschedule,Hard Skill,0,1,0.0,1.0487347015825407e-05,-1.0487347015825407e-05
perceptive software intelligent capture,Hard Skill,0,1,0.0,1.0487347015825407e-05,-1.0487347015825407e-05
pereless systems software,Hard Skill,0,1,0.0,1.0487347015825407e-05,-1.0487347015825407e-05
perfectbyte ortho,Hard Skill,0,1,0.0,1.0487347015825407e-05,-1.0487347015825407e-05
perfectlaw all-in-one suite,Hard Skill,0,1,0.0,1.0487347015825407e-05,-1.0487347015825407e-05
perfectsoftware perfecthr,Hard Skill,0,1,0.0,1.0487347015825407e-05,-1.0487347015825407e-05
perforce software configuration management system,Hard Skill,0,1,0.0,1.0487347015825407e-05,-1.0487347015825407e-05
performance database software,Hard Skill,0,1,0.0,1.0487347015825407e-05,-1.0487347015825407e-05
performance solutions technology managepro,Hard Skill,0,1,0.0,1.0487347015825407e-05,-1.0487347015825407e-05
performance technology associates docutools,Hard Skill,0,1,0.0,1.0487347015825407e-05,-1.0487347015825407e-05
perio charting software,Hard Skill,0,1,0.0,1.0487347015825407e-05,-1.0487347015825407e-05
perkinelmer chemoffice chem3d,Hard Skill,0,1,0.0,1.0487347015825407e-05,-1.0487347015825407e-05
perkinelmer chemoffice chemdraw,Hard Skill,0,1,0.0,1.0487347015825407e-05,-1.0487347015825407e-05
penultimate,Hard Skill,0,1,0.0,1.0487347015825407e-05,-1.0487347015825407e-05
penzar topspice,Hard Skill,0,1,0.0,1.0487347015825407e-05,-1.0487347015825407e-05
postal tracking software,Hard Skill,0,1,0.0,1.0487347015825407e-05,-1.0487347015825407e-05
zung depression rating scale,Hard Skill,0,1,0.0,1.0487347015825407e-05,-1.0487347015825407e-05
posting software,Hard Skill,0,1,0.0,1.0487347015825407e-05,-1.0487347015825407e-05
postingpal,Hard Skill,0,1,0.0,1.0487347015825407e-05,-1.0487347015825407e-05
postman,Hard Skill,0,1,0.0,1.0487347015825407e-05,-1.0487347015825407e-05
potrace,Hard Skill,0,1,0.0,1.0487347015825407e-05,-1.0487347015825407e-05
power analysis software,Hard Skill,0,1,0.0,1.0487347015825407e-05,-1.0487347015825407e-05
power and precision,Hard Skill,0,1,0.0,1.0487347015825407e-05,-1.0487347015825407e-05
perkinelmer chemoffice suite,Hard Skill,0,1,0.0,1.0487347015825407e-05,-1.0487347015825407e-05
perkinelmer turbochrom,Hard Skill,0,1,0.0,1.0487347015825407e-05,-1.0487347015825407e-05
perkinelmer turbomass,Hard Skill,0,1,0.0,1.0487347015825407e-05,-1.0487347015825407e-05
perl shell,Hard Skill,0,1,0.0,1.0487347015825407e-05,-1.0487347015825407e-05
permit administration software,Hard Skill,0,1,0.0,1.0487347015825407e-05,-1.0487347015825407e-05
personable workflow dms,Hard Skill,0,1,0.0,1.0487347015825407e-05,-1.0487347015825407e-05
personalized software childcare manager,Hard Skill,0,1,0.0,1.0487347015825407e-05,-1.0487347015825407e-05
petroleum software technologies,Hard Skill,0,1,0.0,1.0487347015825407e-05,-1.0487347015825407e-05
phase forward clintrial,Hard Skill,0,1,0.0,1.0487347015825407e-05,-1.0487347015825407e-05
phase forward inform gtm,Hard Skill,0,1,0.0,1.0487347015825407e-05,-1.0487347015825407e-05
phase one capture one,Hard Skill,0,1,0.0,1.0487347015825407e-05,-1.0487347015825407e-05
philosopher's information center the philosopher's index,Hard Skill,0,1,0.0,1.0487347015825407e-05,-1.0487347015825407e-05
phoenix integration modelcenter,Hard Skill,0,1,0.0,1.0487347015825407e-05,-1.0487347015825407e-05
phoenixpro forest activity tracking,Hard Skill,0,1,0.0,1.0487347015825407e-05,-1.0487347015825407e-05
phonegap,Hard Skill,0,1,0.0,1.0487347015825407e-05,-1.0487347015825407e-05
photo editing software,Hard Skill,0,1,0.0,1.0487347015825407e-05,-1.0487347015825407e-05
photo enhancement software,Hard Skill,0,1,0.0,1.0487347015825407e-05,-1.0487347015825407e-05
photomodeler,Hard Skill,0,1,0.0,1.0487347015825407e-05,-1.0487347015825407e-05
photon design crystalwave,Hard Skill,0,1,0.0,1.0487347015825407e-05,-1.0487347015825407e-05
positive pay software,Hard Skill,0,1,0.0,1.0487347015825407e-05,-1.0487347015825407e-05
positive software positive for windows,Hard Skill,0,1,0.0,1.0487347015825407e-05,-1.0487347015825407e-05
post once,Hard Skill,0,1,0.0,1.0487347015825407e-05,-1.0487347015825407e-05
post-processor software,Hard Skill,0,1,0.0,1.0487347015825407e-05,-1.0487347015825407e-05
postal explorer,Hard Skill,0,1,0.0,1.0487347015825407e-05,-1.0487347015825407e-05
portable document file creation software,Hard Skill,0,1,0.0,1.0487347015825407e-05,-1.0487347015825407e-05
portalgraphics opencanvas,Hard Skill,0,1,0.0,1.0487347015825407e-05,-1.0487347015825407e-05
portfolio analysis software,Hard Skill,0,1,0.0,1.0487347015825407e-05,-1.0487347015825407e-05
photon design fimmprop,Hard Skill,0,1,0.0,1.0487347015825407e-05,-1.0487347015825407e-05
photon design fimmwave,Hard Skill,0,1,0.0,1.0487347015825407e-05,-1.0487347015825407e-05
photon design omnisim,Hard Skill,0,1,0.0,1.0487347015825407e-05,-1.0487347015825407e-05
photon design picwave,Hard Skill,0,1,0.0,1.0487347015825407e-05,-1.0487347015825407e-05
physical design software,Hard Skill,0,1,0.0,1.0487347015825407e-05,-1.0487347015825407e-05
physical education educational software,Hard Skill,0,1,0.0,1.0487347015825407e-05,-1.0487347015825407e-05
physiotools tools rg,Hard Skill,0,1,0.0,1.0487347015825407e-05,-1.0487347015825407e-05
pianofx studio,Hard Skill,0,1,0.0,1.0487347015825407e-05,-1.0487347015825407e-05
pianorollcomposer,Hard Skill,0,1,0.0,1.0487347015825407e-05,-1.0487347015825407e-05
piazza,Hard Skill,0,1,0.0,1.0487347015825407e-05,-1.0487347015825407e-05
petz enterprises v-tax,Hard Skill,0,1,0.0,1.0487347015825407e-05,-1.0487347015825407e-05
pharmaceutical software,Hard Skill,0,1,0.0,1.0487347015825407e-05,-1.0487347015825407e-05
pharmacy management software,Hard Skill,0,1,0.0,1.0487347015825407e-05,-1.0487347015825407e-05
pile dynamics case pile wave analysis program capwap,Hard Skill,0,1,0.0,1.0487347015825407e-05,-1.0487347015825407e-05
pile dynamics pile driving analyzer pda,Hard Skill,0,1,0.0,1.0487347015825407e-05,-1.0487347015825407e-05
pilgrim quality solutions smartsolve,Hard Skill,0,1,0.0,1.0487347015825407e-05,-1.0487347015825407e-05
pilgrim regulatory submission,Hard Skill,0,1,0.0,1.0487347015825407e-05,-1.0487347015825407e-05
pimlico software datebk,Hard Skill,0,1,0.0,1.0487347015825407e-05,-1.0487347015825407e-05
piney creek digital protocol system,Hard Skill,0,1,0.0,1.0487347015825407e-05,-1.0487347015825407e-05
ping tools,Hard Skill,0,1,0.0,1.0487347015825407e-05,-1.0487347015825407e-05
polhemus fastscan,Hard Skill,0,1,0.0,1.0487347015825407e-05,-1.0487347015825407e-05
polhemus fasttrack system,Hard Skill,0,1,0.0,1.0487347015825407e-05,-1.0487347015825407e-05
policy issuance system software,Hard Skill,0,1,0.0,1.0487347015825407e-05,-1.0487347015825407e-05
policyiq,Hard Skill,0,1,0.0,1.0487347015825407e-05,-1.0487347015825407e-05
polybayes,Hard Skill,0,1,0.0,1.0487347015825407e-05,-1.0487347015825407e-05
polycom realpresence,Hard Skill,0,1,0.0,1.0487347015825407e-05,-1.0487347015825407e-05
polymap,Hard Skill,0,1,0.0,1.0487347015825407e-05,-1.0487347015825407e-05
popkin system architect,Hard Skill,0,1,0.0,1.0487347015825407e-05,-1.0487347015825407e-05
port scanners,Hard Skill,0,1,0.0,1.0487347015825407e-05,-1.0487347015825407e-05
planview process builder,Hard Skill,0,1,0.0,1.0487347015825407e-05,-1.0487347015825407e-05
pipepro pipefitting,Hard Skill,0,1,0.0,1.0487347015825407e-05,-1.0487347015825407e-05
piping construction costs estimation software,Hard Skill,0,1,0.0,1.0487347015825407e-05,-1.0487347015825407e-05
pipingoffice,Hard Skill,0,1,0.0,1.0487347015825407e-05,-1.0487347015825407e-05
pisces iib,Hard Skill,0,1,0.0,1.0487347015825407e-05,-1.0487347015825407e-05
pitney bowes shipstream manager,Hard Skill,0,1,0.0,1.0487347015825407e-05,-1.0487347015825407e-05
pivotal z prestige scheduler,Hard Skill,0,1,0.0,1.0487347015825407e-05,-1.0487347015825407e-05
pix4d software,Hard Skill,0,1,0.0,1.0487347015825407e-05,-1.0487347015825407e-05
pixarra twistedbrush,Hard Skill,0,1,0.0,1.0487347015825407e-05,-1.0487347015825407e-05
pixelmator,Hard Skill,0,1,0.0,1.0487347015825407e-05,-1.0487347015825407e-05
place-and-route software,Hard Skill,0,1,0.0,1.0487347015825407e-05,-1.0487347015825407e-05
planbox,Hard Skill,0,1,0.0,1.0487347015825407e-05,-1.0487347015825407e-05
pibwin,Hard Skill,0,1,0.0,1.0487347015825407e-05,-1.0487347015825407e-05
pics dietmate professional,Hard Skill,0,1,0.0,1.0487347015825407e-05,-1.0487347015825407e-05
pie technologies moneyguidepro,Hard Skill,0,1,0.0,1.0487347015825407e-05,-1.0487347015825407e-05
pigchamp care 3000,Hard Skill,0,1,0.0,1.0487347015825407e-05,-1.0487347015825407e-05
pm ase quickbuild,Hard Skill,0,1,0.0,1.0487347015825407e-05,-1.0487347015825407e-05
planet dds denticon,Hard Skill,0,1,0.0,1.0487347015825407e-05,-1.0487347015825407e-05
plangraphics citywide gis utility,Hard Skill,0,1,0.0,1.0487347015825407e-05,-1.0487347015825407e-05
planisware,Hard Skill,0,1,0.0,1.0487347015825407e-05,-1.0487347015825407e-05
planit alphacam,Hard Skill,0,1,0.0,1.0487347015825407e-05,-1.0487347015825407e-05
planmeca oy dimaxis,Hard Skill,0,1,0.0,1.0487347015825407e-05,-1.0487347015825407e-05
planplus pro,Hard Skill,0,1,0.0,1.0487347015825407e-05,-1.0487347015825407e-05
planscan portfolio pathfinder,Hard Skill,0,1,0.0,1.0487347015825407e-05,-1.0487347015825407e-05
planstone,Hard Skill,0,1,0.0,1.0487347015825407e-05,-1.0487347015825407e-05
planswift,Hard Skill,0,1,0.0,1.0487347015825407e-05,-1.0487347015825407e-05
plant clearance automated reutilization screening system pcarss,Hard Skill,0,1,0.0,1.0487347015825407e-05,-1.0487347015825407e-05
plant design management system pdms,Hard Skill,0,1,0.0,1.0487347015825407e-05,-1.0487347015825407e-05
plant information data entry software,Hard Skill,0,1,0.0,1.0487347015825407e-05,-1.0487347015825407e-05
plant maintenance software,Hard Skill,0,1,0.0,1.0487347015825407e-05,-1.0487347015825407e-05
plant management software,Hard Skill,0,1,0.0,1.0487347015825407e-05,-1.0487347015825407e-05
planview clarizen,Hard Skill,0,1,0.0,1.0487347015825407e-05,-1.0487347015825407e-05
point of sale pos restaurant software,Hard Skill,0,1,0.0,1.0487347015825407e-05,-1.0487347015825407e-05
point-of-view qwriter,Hard Skill,0,1,0.0,1.0487347015825407e-05,-1.0487347015825407e-05
polaris health directions polaris-mh,Hard Skill,0,1,0.0,1.0487347015825407e-05,-1.0487347015825407e-05
polaris parallelizing compilers,Hard Skill,0,1,0.0,1.0487347015825407e-05,-1.0487347015825407e-05
polca,Hard Skill,0,1,0.0,1.0487347015825407e-05,-1.0487347015825407e-05
plate reader software,Hard Skill,0,1,0.0,1.0487347015825407e-05,-1.0487347015825407e-05
platte river associates basinmod,Hard Skill,0,1,0.0,1.0487347015825407e-05,-1.0487347015825407e-05
plc automation intellution ifix,Hard Skill,0,1,0.0,1.0487347015825407e-05,-1.0487347015825407e-05
pleier audit management system,Hard Skill,0,1,0.0,1.0487347015825407e-05,-1.0487347015825407e-05
plex systems plex manufacturing cloud,Hard Skill,0,1,0.0,1.0487347015825407e-05,-1.0487347015825407e-05
plimus loan artist,Hard Skill,0,1,0.0,1.0487347015825407e-05,-1.0487347015825407e-05
plos computational biology,Hard Skill,0,1,0.0,1.0487347015825407e-05,-1.0487347015825407e-05
ploticus,Hard Skill,0,1,0.0,1.0487347015825407e-05,-1.0487347015825407e-05
plotutils,Hard Skill,0,1,0.0,1.0487347015825407e-05,-1.0487347015825407e-05
plplot,Hard Skill,0,1,0.0,1.0487347015825407e-05,-1.0487347015825407e-05
plug-in file software,Hard Skill,0,1,0.0,1.0487347015825407e-05,-1.0487347015825407e-05
yokogawa fast/tools,Hard Skill,0,1,0.0,1.0487347015825407e-05,-1.0487347015825407e-05
20-20 technologies 20-20 design,Hard Skill,0,1,0.0,1.0487347015825407e-05,-1.0487347015825407e-05
24sevenoffice project,Hard Skill,0,1,0.0,1.0487347015825407e-05,-1.0487347015825407e-05
2ab ilock security services,Hard Skill,0,1,0.0,1.0487347015825407e-05,-1.0487347015825407e-05
360 analytics equest,Hard Skill,0,1,0.0,1.0487347015825407e-05,-1.0487347015825407e-05
3d graphic design software,Hard Skill,0,1,0.0,1.0487347015825407e-05,-1.0487347015825407e-05
3d motion analysis software,Hard Skill,0,1,0.0,1.0487347015825407e-05,-1.0487347015825407e-05
3d nature llc visual nature studio,Hard Skill,0,1,0.0,1.0487347015825407e-05,-1.0487347015825407e-05
3d nature llc world construction set,Hard Skill,0,1,0.0,1.0487347015825407e-05,-1.0487347015825407e-05
3d printing software,Hard Skill,0,1,0.0,1.0487347015825407e-05,-1.0487347015825407e-05
3d static strength prediction program 3dsspp,Hard Skill,0,1,0.0,1.0487347015825407e-05,-1.0487347015825407e-05
3d systems gibbscam,Hard Skill,0,1,0.0,1.0487347015825407e-05,-1.0487347015825407e-05
3d urban simulation modeling software,Hard Skill,0,1,0.0,1.0487347015825407e-05,-1.0487347015825407e-05
zmanda amanda,Hard Skill,0,1,0.0,1.0487347015825407e-05,-1.0487347015825407e-05
zocalo,Hard Skill,0,1,0.0,1.0487347015825407e-05,-1.0487347015825407e-05
yourkit java profiler,Hard Skill,0,1,0.0,1.0487347015825407e-05,-1.0487347015825407e-05
zoho webnms cell tower manager,Hard Skill,0,1,0.0,1.0487347015825407e-05,-1.0487347015825407e-05
yost engineering abn assistant,Hard Skill,0,1,0.0,1.0487347015825407e-05,-1.0487347015825407e-05
yost engineering claimscrub,Hard Skill,0,1,0.0,1.0487347015825407e-05,-1.0487347015825407e-05
3dgrid hipaa checkup,Hard Skill,0,1,0.0,1.0487347015825407e-05,-1.0487347015825407e-05
3dmapper,Hard Skill,0,1,0.0,1.0487347015825407e-05,-1.0487347015825407e-05
4n6xprt systems stiffcalcs,Hard Skill,0,1,0.0,1.0487347015825407e-05,-1.0487347015825407e-05
80-20 software leaders4,Hard Skill,0,1,0.0,1.0487347015825407e-05,-1.0487347015825407e-05
911 system information databases,Hard Skill,0,1,0.0,1.0487347015825407e-05,-1.0487347015825407e-05
@road geomanager,Hard Skill,0,1,0.0,1.0487347015825407e-05,-1.0487347015825407e-05
a la mode pocket total,Hard Skill,0,1,0.0,1.0487347015825407e-05,-1.0487347015825407e-05
a large outdoor fire plume trajectory model flat terrain aloft-ft,Hard Skill,0,1,0.0,1.0487347015825407e-05,-1.0487347015825407e-05
yost engineering codesearch pro,Hard Skill,0,1,0.0,1.0487347015825407e-05,-1.0487347015825407e-05
yost engineering epicoder,Hard Skill,0,1,0.0,1.0487347015825407e-05,-1.0487347015825407e-05
yost engineering epstaffcheck,Hard Skill,0,1,0.0,1.0487347015825407e-05,-1.0487347015825407e-05
young mania rating scale,Hard Skill,0,1,0.0,1.0487347015825407e-05,-1.0487347015825407e-05
zyto lsa pro,Hard Skill,0,1,0.0,1.0487347015825407e-05,-1.0487347015825407e-05
zkipster,Hard Skill,0,2,0.0,2.0974694031650814e-05,-2.0974694031650814e-05
ziiva prosperity lms,Hard Skill,0,2,0.0,2.0974694031650814e-05,-2.0974694031650814e-05
ziatek roofdraw,Hard Skill,0,2,0.0,2.0974694031650814e-05,-2.0974694031650814e-05
3d systems geomagic design x,Hard Skill,0,2,0.0,2.0974694031650814e-05,-2.0974694031650814e-05
zend framework,Hard Skill,0,2,0.0,2.0974694031650814e-05,-2.0974694031650814e-05
pmc kanbansim,Hard Skill,0,2,0.0,2.0974694031650814e-05,-2.0974694031650814e-05
point of sale pos bookstore software,Hard Skill,0,2,0.0,2.0974694031650814e-05,-2.0974694031650814e-05
point of sale pos parts and services software,Hard Skill,0,2,0.0,2.0974694031650814e-05,-2.0974694031650814e-05
zemax,Hard Skill,0,2,0.0,2.0974694031650814e-05,-2.0974694031650814e-05
xyleme learning content management system lcms,Hard Skill,0,2,0.0,2.0974694031650814e-05,-2.0974694031650814e-05
accelrys cerius2,Hard Skill,0,2,0.0,2.0974694031650814e-05,-2.0974694031650814e-05
accellos real dispatch,Hard Skill,0,2,0.0,2.0974694031650814e-05,-2.0974694031650814e-05
account management software,Hard Skill,0,2,0.0,2.0974694031650814e-05,-2.0974694031650814e-05
access software airpax,Hard Skill,0,2,0.0,2.0974694031650814e-05,-2.0974694031650814e-05
postal boundary mapping software,Hard Skill,0,2,0.0,2.0974694031650814e-05,-2.0974694031650814e-05
positive train control ptc systems,Hard Skill,0,2,0.0,2.0974694031650814e-05,-2.0974694031650814e-05
phantomjs,Hard Skill,0,2,0.0,2.0974694031650814e-05,-2.0974694031650814e-05
pi blue optworks excel,Hard Skill,0,2,0.0,2.0974694031650814e-05,-2.0974694031650814e-05
physical access management software,Hard Skill,0,2,0.0,2.0974694031650814e-05,-2.0974694031650814e-05
phred,Hard Skill,0,2,0.0,2.0974694031650814e-05,-2.0974694031650814e-05
phrap,Hard Skill,0,2,0.0,2.0974694031650814e-05,-2.0974694031650814e-05
polysystems asset delphi,Hard Skill,0,2,0.0,2.0974694031650814e-05,-2.0974694031650814e-05
polymath software polymath,Hard Skill,0,2,0.0,2.0974694031650814e-05,-2.0974694031650814e-05
xml path language xpath,Hard Skill,0,2,0.0,2.0974694031650814e-05,-2.0974694031650814e-05
accurate nxg,Hard Skill,0,2,0.0,2.0974694031650814e-05,-2.0974694031650814e-05
acs technologies headmaster,Hard Skill,0,2,0.0,2.0974694031650814e-05,-2.0974694031650814e-05
acronis recovery expert,Hard Skill,0,2,0.0,2.0974694031650814e-05,-2.0974694031650814e-05
acrendo medical software ob/gyn emr,Hard Skill,0,2,0.0,2.0974694031650814e-05,-2.0974694031650814e-05
acornsystems corporate performance management,Hard Skill,0,2,0.0,2.0974694031650814e-05,-2.0974694031650814e-05
acom solutions rapid emr,Hard Skill,0,2,0.0,2.0974694031650814e-05,-2.0974694031650814e-05
actionware,Hard Skill,0,2,0.0,2.0974694031650814e-05,-2.0974694031650814e-05
act! premium,Hard Skill,0,2,0.0,2.0974694031650814e-05,-2.0974694031650814e-05
xerceo learn,Hard Skill,0,2,0.0,2.0974694031650814e-05,-2.0974694031650814e-05
pdf readers,Hard Skill,0,2,0.0,2.0974694031650814e-05,-2.0974694031650814e-05
pentana audit work system paws,Hard Skill,0,2,0.0,2.0974694031650814e-05,-2.0974694031650814e-05
penetration testing software,Hard Skill,0,2,0.0,2.0974694031650814e-05,-2.0974694031650814e-05
penchant software dispatchoffice,Hard Skill,0,2,0.0,2.0974694031650814e-05,-2.0974694031650814e-05
peer-to-peer financial analysis,Hard Skill,0,2,0.0,2.0974694031650814e-05,-2.0974694031650814e-05
pepid ems,Hard Skill,0,2,0.0,2.0974694031650814e-05,-2.0974694031650814e-05
performance systems development treat,Hard Skill,0,2,0.0,2.0974694031650814e-05,-2.0974694031650814e-05
percipenz technologies oncore-clinical research management oncore-crm,Hard Skill,0,2,0.0,2.0974694031650814e-05,-2.0974694031650814e-05
personnel management software,Hard Skill,0,2,0.0,2.0974694031650814e-05,-2.0974694031650814e-05
perseus surveysolutions,Hard Skill,0,2,0.0,2.0974694031650814e-05,-2.0974694031650814e-05
pre consultants simapro,Hard Skill,0,2,0.0,2.0974694031650814e-05,-2.0974694031650814e-05
practicepro software systems quickpractice,Hard Skill,0,2,0.0,2.0974694031650814e-05,-2.0974694031650814e-05
practice technology prevail,Hard Skill,0,2,0.0,2.0974694031650814e-05,-2.0974694031650814e-05
practice partner patient records,Hard Skill,0,2,0.0,2.0974694031650814e-05,-2.0974694031650814e-05
pci express pcie,Hard Skill,0,2,0.0,2.0974694031650814e-05,-2.0974694031650814e-05
pc dispatch,Hard Skill,0,2,0.0,2.0974694031650814e-05,-2.0974694031650814e-05
ppd eloader,Hard Skill,0,2,0.0,2.0974694031650814e-05,-2.0974694031650814e-05
powermed,Hard Skill,0,2,0.0,2.0974694031650814e-05,-2.0974694031650814e-05
pds vista,Hard Skill,0,2,0.0,2.0974694031650814e-05,-2.0974694031650814e-05
xcircuit,Hard Skill,0,2,0.0,2.0974694031650814e-05,-2.0974694031650814e-05
adaptasoft cyberpay,Hard Skill,0,2,0.0,2.0974694031650814e-05,-2.0974694031650814e-05
acuitypro,Hard Skill,0,2,0.0,2.0974694031650814e-05,-2.0974694031650814e-05
actuate birt,Hard Skill,0,2,0.0,2.0974694031650814e-05,-2.0974694031650814e-05
aderant compulaw,Hard Skill,0,2,0.0,2.0974694031650814e-05,-2.0974694031650814e-05
adeptia etl suite,Hard Skill,0,2,0.0,2.0974694031650814e-05,-2.0974694031650814e-05
address management system ams,Hard Skill,0,2,0.0,2.0974694031650814e-05,-2.0974694031650814e-05
adobe air,Hard Skill,0,2,0.0,2.0974694031650814e-05,-2.0974694031650814e-05
adobe acrobat writer,Hard Skill,0,2,0.0,2.0974694031650814e-05,-2.0974694031650814e-05
pandas,Hard Skill,0,2,0.0,2.0974694031650814e-05,-2.0974694031650814e-05
pathlore lms,Hard Skill,0,2,0.0,2.0974694031650814e-05,-2.0974694031650814e-05
pastperfect software pastperfect,Hard Skill,0,2,0.0,2.0974694031650814e-05,-2.0974694031650814e-05
paychex payroll software,Hard Skill,0,2,0.0,2.0974694031650814e-05,-2.0974694031650814e-05
patient scheduling software,Hard Skill,0,2,0.0,2.0974694031650814e-05,-2.0974694031650814e-05
patient record maintenance software,Hard Skill,0,2,0.0,2.0974694031650814e-05,-2.0974694031650814e-05
adl data systems optimumclinicals electronic health record,Hard Skill,0,2,0.0,2.0974694031650814e-05,-2.0974694031650814e-05
adi smartbol,Hard Skill,0,2,0.0,2.0974694031650814e-05,-2.0974694031650814e-05
world software corporation worldox,Hard Skill,0,2,0.0,2.0974694031650814e-05,-2.0974694031650814e-05
adobe postscript,Hard Skill,0,2,0.0,2.0974694031650814e-05,-2.0974694031650814e-05
adobe macromedia homesite,Hard Skill,0,2,0.0,2.0974694031650814e-05,-2.0974694031650814e-05
adobe lifecycle enterprise suite,Hard Skill,0,2,0.0,2.0974694031650814e-05,-2.0974694031650814e-05
adobe incopy,Hard Skill,0,2,0.0,2.0974694031650814e-05,-2.0974694031650814e-05
workbrain time and attendance,Hard Skill,0,2,0.0,2.0974694031650814e-05,-2.0974694031650814e-05
workbrain employee scheduling,Hard Skill,0,2,0.0,2.0974694031650814e-05,-2.0974694031650814e-05
adp software,Hard Skill,0,2,0.0,2.0974694031650814e-05,-2.0974694031650814e-05
adp pay expert,Hard Skill,0,2,0.0,2.0974694031650814e-05,-2.0974694031650814e-05
adp hr/benefits solution,Hard Skill,0,2,0.0,2.0974694031650814e-05,-2.0974694031650814e-05
adp ezlabormanager,Hard Skill,0,2,0.0,2.0974694031650814e-05,-2.0974694031650814e-05
adp etime,Hard Skill,0,2,0.0,2.0974694031650814e-05,-2.0974694031650814e-05
pricewaterhousecoopers teammate,Hard Skill,0,2,0.0,2.0974694031650814e-05,-2.0974694031650814e-05
prezi,Hard Skill,0,2,0.0,2.0974694031650814e-05,-2.0974694031650814e-05
paloalto advertising plan pro,Hard Skill,0,2,0.0,2.0974694031650814e-05,-2.0974694031650814e-05
palmtree pocket ekg,Hard Skill,0,2,0.0,2.0974694031650814e-05,-2.0974694031650814e-05
palmtree ems field reference guide,Hard Skill,0,2,0.0,2.0974694031650814e-05,-2.0974694031650814e-05
palisade evolver,Hard Skill,0,2,0.0,2.0974694031650814e-05,-2.0974694031650814e-05
palisade bond @nalyst,Hard Skill,0,2,0.0,2.0974694031650814e-05,-2.0974694031650814e-05
paisley risknavigator,Hard Skill,0,2,0.0,2.0974694031650814e-05,-2.0974694031650814e-05
paisley issuetrack,Hard Skill,0,2,0.0,2.0974694031650814e-05,-2.0974694031650814e-05
prescription processing software,Hard Skill,0,2,0.0,2.0974694031650814e-05,-2.0974694031650814e-05
parameter estimation pest,Hard Skill,0,2,0.0,2.0974694031650814e-05,-2.0974694031650814e-05
pro-ductivity systems compliance training manager web,Hard Skill,0,2,0.0,2.0974694031650814e-05,-2.0974694031650814e-05
outage management system oms,Hard Skill,0,2,0.0,2.0974694031650814e-05,-2.0974694031650814e-05
paisley focus control assurance,Hard Skill,0,2,0.0,2.0974694031650814e-05,-2.0974694031650814e-05
paisley cardmap,Hard Skill,0,2,0.0,2.0974694031650814e-05,-2.0974694031650814e-05
paisley autoaudit,Hard Skill,0,2,0.0,2.0974694031650814e-05,-2.0974694031650814e-05
packet tracing software,Hard Skill,0,2,0.0,2.0974694031650814e-05,-2.0974694031650814e-05
adp enterprise etime,Hard Skill,0,2,0.0,2.0974694031650814e-05,-2.0974694031650814e-05
adobe robohelp,Hard Skill,0,2,0.0,2.0974694031650814e-05,-2.0974694031650814e-05
wordperfect,Hard Skill,0,2,0.0,2.0974694031650814e-05,-2.0974694031650814e-05
wolfram research mathematica unrisk pricing engine,Hard Skill,0,2,0.0,2.0974694031650814e-05,-2.0974694031650814e-05
wolfram research mathematica finance essentials,Hard Skill,0,2,0.0,2.0974694031650814e-05,-2.0974694031650814e-05
wolfram research derivatives,Hard Skill,0,2,0.0,2.0974694031650814e-05,-2.0974694031650814e-05
adsense tracker,Hard Skill,0,2,0.0,2.0974694031650814e-05,-2.0974694031650814e-05
adrelevance,Hard Skill,0,2,0.0,2.0974694031650814e-05,-2.0974694031650814e-05
wisdomforce databasesync system,Hard Skill,0,2,0.0,2.0974694031650814e-05,-2.0974694031650814e-05
production scheduling and planning software,Hard Skill,0,2,0.0,2.0974694031650814e-05,-2.0974694031650814e-05
production control software,Hard Skill,0,2,0.0,2.0974694031650814e-05,-2.0974694031650814e-05
oracle real application cluster rac,Hard Skill,0,2,0.0,2.0974694031650814e-05,-2.0974694031650814e-05
oracle primavera p6 enterprise portfolio project management,Hard Skill,0,2,0.0,2.0974694031650814e-05,-2.0974694031650814e-05
oracle sql plus,Hard Skill,0,2,0.0,2.0974694031650814e-05,-2.0974694031650814e-05
oracle siebel crm,Hard Skill,0,2,0.0,2.0974694031650814e-05,-2.0974694031650814e-05
winman suresell,Hard Skill,0,2,0.0,2.0974694031650814e-05,-2.0974694031650814e-05
wingap,Hard Skill,0,2,0.0,2.0974694031650814e-05,-2.0974694031650814e-05
advanced technologies class act,Hard Skill,0,2,0.0,2.0974694031650814e-05,-2.0974694031650814e-05
advanced retail management systems retail pro,Hard Skill,0,2,0.0,2.0974694031650814e-05,-2.0974694031650814e-05
advanced portfolio technologies simulator,Hard Skill,0,2,0.0,2.0974694031650814e-05,-2.0974694031650814e-05
advanced portfolio technologies report builder,Hard Skill,0,2,0.0,2.0974694031650814e-05,-2.0974694031650814e-05
aeroplanner,Hard Skill,0,2,0.0,2.0974694031650814e-05,-2.0974694031650814e-05
advantage software psych advantage,Hard Skill,0,2,0.0,2.0974694031650814e-05,-2.0974694031650814e-05
ag leader technology sms advanced,Hard Skill,0,2,0.0,2.0974694031650814e-05,-2.0974694031650814e-05
after the deadline,Hard Skill,0,2,0.0,2.0974694031650814e-05,-2.0974694031650814e-05
affiliated computer services acs firehouse,Hard Skill,0,2,0.0,2.0974694031650814e-05,-2.0974694031650814e-05
aetherpalm infusicalc,Hard Skill,0,2,0.0,2.0974694031650814e-05,-2.0974694031650814e-05
oracle essbase,Hard Skill,0,2,0.0,2.0974694031650814e-05,-2.0974694031650814e-05
oracle enterprise manager cloud control,Hard Skill,0,2,0.0,2.0974694031650814e-05,-2.0974694031650814e-05
oracle enterprise manager,Hard Skill,0,2,0.0,2.0974694031650814e-05,-2.0974694031650814e-05
oracle netsuite,Hard Skill,0,2,0.0,2.0974694031650814e-05,-2.0974694031650814e-05
oracle net manager,Hard Skill,0,2,0.0,2.0974694031650814e-05,-2.0974694031650814e-05
oracle manufacturing scheduling,Hard Skill,0,2,0.0,2.0974694031650814e-05,-2.0974694031650814e-05
oracle java message service jms,Hard Skill,0,2,0.0,2.0974694031650814e-05,-2.0974694031650814e-05
windows kernel debuggers,Hard Skill,0,2,0.0,2.0974694031650814e-05,-2.0974694031650814e-05
windows embedded compact,Hard Skill,0,2,0.0,2.0974694031650814e-05,-2.0974694031650814e-05
wind river vxworks,Hard Skill,0,2,0.0,2.0974694031650814e-05,-2.0974694031650814e-05
wind river systems vxworks,Hard Skill,0,2,0.0,2.0974694031650814e-05,-2.0974694031650814e-05
agisoft metashape,Hard Skill,0,2,0.0,2.0974694031650814e-05,-2.0974694031650814e-05
agilent technologies genespring gx,Hard Skill,0,2,0.0,2.0974694031650814e-05,-2.0974694031650814e-05
agilent chemstation,Hard Skill,0,2,0.0,2.0974694031650814e-05,-2.0974694031650814e-05
agile product lifecyle management plm,Hard Skill,0,2,0.0,2.0974694031650814e-05,-2.0974694031650814e-05
airline pilots daily aviation log ppc,Hard Skill,0,2,0.0,2.0974694031650814e-05,-2.0974694031650814e-05
air dispersion modeling software,Hard Skill,0,2,0.0,2.0974694031650814e-05,-2.0974694031650814e-05
winbugs,Hard Skill,0,2,0.0,2.0974694031650814e-05,-2.0974694031650814e-05
win ce,Hard Skill,0,2,0.0,2.0974694031650814e-05,-2.0974694031650814e-05
project estimation software,Hard Skill,0,2,0.0,2.0974694031650814e-05,-2.0974694031650814e-05
progress webspeed workshop,Hard Skill,0,2,0.0,2.0974694031650814e-05,-2.0974694031650814e-05
progress sonic esb,Hard Skill,0,2,0.0,2.0974694031650814e-05,-2.0974694031650814e-05
progress openedge abl,Hard Skill,0,2,0.0,2.0974694031650814e-05,-2.0974694031650814e-05
program for energy analysis of residences pear,Hard Skill,0,2,0.0,2.0974694031650814e-05,-2.0974694031650814e-05
oracle hyperion planning,Hard Skill,0,2,0.0,2.0974694031650814e-05,-2.0974694031650814e-05
oracle golden gate,Hard Skill,0,2,0.0,2.0974694031650814e-05,-2.0974694031650814e-05
wiki software,Hard Skill,0,2,0.0,2.0974694031650814e-05,-2.0974694031650814e-05
alchemy systems sistem,Hard Skill,0,2,0.0,2.0974694031650814e-05,-2.0974694031650814e-05
airsmith flightprompt,Hard Skill,0,2,0.0,2.0974694031650814e-05,-2.0974694031650814e-05
allaire coldfusion,Hard Skill,0,2,0.0,2.0974694031650814e-05,-2.0974694031650814e-05
alk technologies pc*miler,Hard Skill,0,2,0.0,2.0974694031650814e-05,-2.0974694031650814e-05
allscripts professional pm,Hard Skill,0,2,0.0,2.0974694031650814e-05,-2.0974694031650814e-05
allscripts ehr,Hard Skill,0,2,0.0,2.0974694031650814e-05,-2.0974694031650814e-05
optionvue options analysis,Hard Skill,0,2,0.0,2.0974694031650814e-05,-2.0974694031650814e-05
pronto xi,Hard Skill,0,2,0.0,2.0974694031650814e-05,-2.0974694031650814e-05
project scheduling software,Hard Skill,0,2,0.0,2.0974694031650814e-05,-2.0974694031650814e-05
project planning software,Hard Skill,0,2,0.0,2.0974694031650814e-05,-2.0974694031650814e-05
oracle e-business suite logistics,Hard Skill,0,2,0.0,2.0974694031650814e-05,-2.0974694031650814e-05
oracle designer,Hard Skill,0,2,0.0,2.0974694031650814e-05,-2.0974694031650814e-05
oracle data guard,Hard Skill,0,2,0.0,2.0974694031650814e-05,-2.0974694031650814e-05
oracle clinical,Hard Skill,0,2,0.0,2.0974694031650814e-05,-2.0974694031650814e-05
wideorbit,Hard Skill,0,2,0.0,2.0974694031650814e-05,-2.0974694031650814e-05
whitebirch software projected financials,Hard Skill,0,2,0.0,2.0974694031650814e-05,-2.0974694031650814e-05
altova mapforce,Hard Skill,0,2,0.0,2.0974694031650814e-05,-2.0974694031650814e-05
altia design,Hard Skill,0,2,0.0,2.0974694031650814e-05,-2.0974694031650814e-05
altera quartus ii,Hard Skill,0,2,0.0,2.0974694031650814e-05,-2.0974694031650814e-05
alteer office,Hard Skill,0,2,0.0,2.0974694031650814e-05,-2.0974694031650814e-05
ambient design artrage,Hard Skill,0,2,0.0,2.0974694031650814e-05,-2.0974694031650814e-05
amazon web services amazon web services sagemaker,Hard Skill,0,2,0.0,2.0974694031650814e-05,-2.0974694031650814e-05
operating system shells,Hard Skill,0,2,0.0,2.0974694031650814e-05,-2.0974694031650814e-05
prophix enterprise,Hard Skill,0,2,0.0,2.0974694031650814e-05,-2.0974694031650814e-05
property boulevard,Hard Skill,0,2,0.0,2.0974694031650814e-05,-2.0974694031650814e-05
propeller multimedia react2,Hard Skill,0,2,0.0,2.0974694031650814e-05,-2.0974694031650814e-05
optical research associates lighttools,Hard Skill,0,2,0.0,2.0974694031650814e-05,-2.0974694031650814e-05
optical network management software,Hard Skill,0,2,0.0,2.0974694031650814e-05,-2.0974694031650814e-05
operitel learnflex,Hard Skill,0,2,0.0,2.0974694031650814e-05,-2.0974694031650814e-05
oracle application express apex,Hard Skill,0,2,0.0,2.0974694031650814e-05,-2.0974694031650814e-05
oracle agile product lifecycle management plm,Hard Skill,0,2,0.0,2.0974694031650814e-05,-2.0974694031650814e-05
oracle advanced procurement,Hard Skill,0,2,0.0,2.0974694031650814e-05,-2.0974694031650814e-05
amazon data pipeline,Hard Skill,0,2,0.0,2.0974694031650814e-05,-2.0974694031650814e-05
welford chart notes,Hard Skill,0,2,0.0,2.0974694031650814e-05,-2.0974694031650814e-05
webtrends software,Hard Skill,0,2,0.0,2.0974694031650814e-05,-2.0974694031650814e-05
webtrends analytics,Hard Skill,0,2,0.0,2.0974694031650814e-05,-2.0974694031650814e-05
websense data loss prevention,Hard Skill,0,2,0.0,2.0974694031650814e-05,-2.0974694031650814e-05
american precision instruments regit,Hard Skill,0,2,0.0,2.0974694031650814e-05,-2.0974694031650814e-05
webex weboffice,Hard Skill,0,2,0.0,2.0974694031650814e-05,-2.0974694031650814e-05
webclarity software bookwhere,Hard Skill,0,2,0.0,2.0974694031650814e-05,-2.0974694031650814e-05
online medical databases,Hard Skill,0,2,0.0,2.0974694031650814e-05,-2.0974694031650814e-05
onpoint digital onpoint learning & performance suite,Hard Skill,0,2,0.0,2.0974694031650814e-05,-2.0974694031650814e-05
online traffic calculator software,Hard Skill,0,2,0.0,2.0974694031650814e-05,-2.0974694031650814e-05
openclinica,Hard Skill,0,2,0.0,2.0974694031650814e-05,-2.0974694031650814e-05
ams services ams sagitta,Hard Skill,0,2,0.0,2.0974694031650814e-05,-2.0974694031650814e-05
amg teleran salesinsync,Hard Skill,0,2,0.0,2.0974694031650814e-05,-2.0974694031650814e-05
anasazi software client data system,Hard Skill,0,2,0.0,2.0974694031650814e-05,-2.0974694031650814e-05
ansys ls-dyna,Hard Skill,0,2,0.0,2.0974694031650814e-05,-2.0974694031650814e-05
ansoft simplorer,Hard Skill,0,2,0.0,2.0974694031650814e-05,-2.0974694031650814e-05
annuities analysis software,Hard Skill,0,2,0.0,2.0974694031650814e-05,-2.0974694031650814e-05
objectif lune planetpress suite,Hard Skill,0,2,0.0,2.0974694031650814e-05,-2.0974694031650814e-05
object oriented programming software,Hard Skill,0,2,0.0,2.0974694031650814e-05,-2.0974694031650814e-05
ohio willow wood omega tracer system,Hard Skill,0,2,0.0,2.0974694031650814e-05,-2.0974694031650814e-05
officemate software solutions officemate,Hard Skill,0,2,0.0,2.0974694031650814e-05,-2.0974694031650814e-05
office suite software,Hard Skill,0,2,0.0,2.0974694031650814e-05,-2.0974694031650814e-05
online database search and retrieval software,Hard Skill,0,2,0.0,2.0974694031650814e-05,-2.0974694031650814e-05
online advertising reporting software,Hard Skill,0,2,0.0,2.0974694031650814e-05,-2.0974694031650814e-05
on center on-screen takeoff,Hard Skill,0,2,0.0,2.0974694031650814e-05,-2.0974694031650814e-05
omnitech omnilab,Hard Skill,0,2,0.0,2.0974694031650814e-05,-2.0974694031650814e-05
protein explorer,Hard Skill,0,2,0.0,2.0974694031650814e-05,-2.0974694031650814e-05
online title search and property report software,Hard Skill,0,2,0.0,2.0974694031650814e-05,-2.0974694031650814e-05
antek healthware labdaq,Hard Skill,0,2,0.0,2.0974694031650814e-05,-2.0974694031650814e-05
waters millennium32,Hard Skill,0,2,0.0,2.0974694031650814e-05,-2.0974694031650814e-05
apatar,Hard Skill,0,2,0.0,2.0974694031650814e-05,-2.0974694031650814e-05
apache mxnet,Hard Skill,0,2,0.0,2.0974694031650814e-05,-2.0974694031650814e-05
apache mahout,Hard Skill,0,2,0.0,2.0974694031650814e-05,-2.0974694031650814e-05
waterloo hydrogeologic aquachem,Hard Skill,0,2,0.0,2.0974694031650814e-05,-2.0974694031650814e-05
waste management software,Hard Skill,0,2,0.0,2.0974694031650814e-05,-2.0974694031650814e-05
apple logic pro,Hard Skill,0,2,0.0,2.0974694031650814e-05,-2.0974694031650814e-05
apple iwork numbers,Hard Skill,0,2,0.0,2.0974694031650814e-05,-2.0974694031650814e-05
apple iwork,Hard Skill,0,2,0.0,2.0974694031650814e-05,-2.0974694031650814e-05
apple iphoto,Hard Skill,0,2,0.0,2.0974694031650814e-05,-2.0974694031650814e-05
apple idvd,Hard Skill,0,2,0.0,2.0974694031650814e-05,-2.0974694031650814e-05
ptc arbortext,Hard Skill,0,2,0.0,2.0974694031650814e-05,-2.0974694031650814e-05
nursing documentation software,Hard Skill,0,2,0.0,2.0974694031650814e-05,-2.0974694031650814e-05
nunjucks,Hard Skill,0,2,0.0,2.0974694031650814e-05,-2.0974694031650814e-05
nunit,Hard Skill,0,2,0.0,2.0974694031650814e-05,-2.0974694031650814e-05
nuance paperport professional,Hard Skill,0,2,0.0,2.0974694031650814e-05,-2.0974694031650814e-05
object management group object request broker,Hard Skill,0,2,0.0,2.0974694031650814e-05,-2.0974694031650814e-05
object database management system odbms,Hard Skill,0,2,0.0,2.0974694031650814e-05,-2.0974694031650814e-05
oasys structural design and analysis software,Hard Skill,0,2,0.0,2.0974694031650814e-05,-2.0974694031650814e-05
psychological testing software,Hard Skill,0,2,0.0,2.0974694031650814e-05,-2.0974694031650814e-05
psyche systems labweb,Hard Skill,0,2,0.0,2.0974694031650814e-05,-2.0974694031650814e-05
provalis research simstat,Hard Skill,0,2,0.0,2.0974694031650814e-05,-2.0974694031650814e-05
nmap,Hard Skill,0,2,0.0,2.0974694031650814e-05,-2.0974694031650814e-05
nimblefeet technologies captain's keeper,Hard Skill,0,2,0.0,2.0974694031650814e-05,-2.0974694031650814e-05
notam development group airport insight,Hard Skill,0,2,0.0,2.0974694031650814e-05,-2.0974694031650814e-05
north american insulation manufacturers association naima 3e plus,Hard Skill,0,2,0.0,2.0974694031650814e-05,-2.0974694031650814e-05
norchard solutions succession wizard,Hard Skill,0,2,0.0,2.0974694031650814e-05,-2.0974694031650814e-05
non uniform rational b-splines nurbs software,Hard Skill,0,2,0.0,2.0974694031650814e-05,-2.0974694031650814e-05
nuance omnipage professional,Hard Skill,0,2,0.0,2.0974694031650814e-05,-2.0974694031650814e-05
novastor novabackup,Hard Skill,0,2,0.0,2.0974694031650814e-05,-2.0974694031650814e-05
ptc pro/engineer wildfire,Hard Skill,0,2,0.0,2.0974694031650814e-05,-2.0974694031650814e-05
ptc pro/cable,Hard Skill,0,2,0.0,2.0974694031650814e-05,-2.0974694031650814e-05
apple final cut express,Hard Skill,0,2,0.0,2.0974694031650814e-05,-2.0974694031650814e-05
apple dvd studio pro,Hard Skill,0,2,0.0,2.0974694031650814e-05,-2.0974694031650814e-05
ward systems group neuroshell trader,Hard Skill,0,2,0.0,2.0974694031650814e-05,-2.0974694031650814e-05
ward systems group neuralshell predictor,Hard Skill,0,2,0.0,2.0974694031650814e-05,-2.0974694031650814e-05
wallingford software infoworks ws,Hard Skill,0,2,0.0,2.0974694031650814e-05,-2.0974694031650814e-05
wallingford software infosewer,Hard Skill,0,2,0.0,2.0974694031650814e-05,-2.0974694031650814e-05
application server software,Hard Skill,0,2,0.0,2.0974694031650814e-05,-2.0974694031650814e-05
applicad roof wizard,Hard Skill,0,2,0.0,2.0974694031650814e-05,-2.0974694031650814e-05
pvsyst,Hard Skill,0,2,0.0,2.0974694031650814e-05,-2.0974694031650814e-05
putty,Hard Skill,0,2,0.0,2.0974694031650814e-05,-2.0974694031650814e-05
purkinje dossier,Hard Skill,0,2,0.0,2.0974694031650814e-05,-2.0974694031650814e-05
neurosolutions trading solutions,Hard Skill,0,2,0.0,2.0974694031650814e-05,-2.0974694031650814e-05
"network, server and operating system optimization software",Hard Skill,0,2,0.0,2.0974694031650814e-05,-2.0974694031650814e-05
network traffic probe software,Hard Skill,0,2,0.0,2.0974694031650814e-05,-2.0974694031650814e-05
network traffic flow monitoring and analysis software,Hard Skill,0,2,0.0,2.0974694031650814e-05,-2.0974694031650814e-05
next limit maxwell render,Hard Skill,0,2,0.0,2.0974694031650814e-05,-2.0974694031650814e-05
new millennium communications genesis accounting,Hard Skill,0,2,0.0,2.0974694031650814e-05,-2.0974694031650814e-05
ptc pro/intralink,Hard Skill,0,2,0.0,2.0974694031650814e-05,-2.0974694031650814e-05
vtiger crm,Hard Skill,0,2,0.0,2.0974694031650814e-05,-2.0974694031650814e-05
vorum research corporation canfit-plus,Hard Skill,0,2,0.0,2.0974694031650814e-05,-2.0974694031650814e-05
applied systems vision,Hard Skill,0,2,0.0,2.0974694031650814e-05,-2.0974694031650814e-05
architectural energy corporation enforma building diagnostics,Hard Skill,0,2,0.0,2.0974694031650814e-05,-2.0974694031650814e-05
argosy legal systems power closer,Hard Skill,0,2,0.0,2.0974694031650814e-05,-2.0974694031650814e-05
voice-activated perio charting software,Hard Skill,0,2,0.0,2.0974694031650814e-05,-2.0974694031650814e-05
qmsoftware receivables management,Hard Skill,0,2,0.0,2.0974694031650814e-05,-2.0974694031650814e-05
qad adaptive erp,Hard Skill,0,2,0.0,2.0974694031650814e-05,-2.0974694031650814e-05
"network modeling, mapping, and analysis software",Hard Skill,0,2,0.0,2.0974694031650814e-05,-2.0974694031650814e-05
network management software,Hard Skill,0,2,0.0,2.0974694031650814e-05,-2.0974694031650814e-05
network documentation software,Hard Skill,0,2,0.0,2.0974694031650814e-05,-2.0974694031650814e-05
network availability monitoring software,Hard Skill,0,2,0.0,2.0974694031650814e-05,-2.0974694031650814e-05
network and component performance analysis software,Hard Skill,0,2,0.0,2.0974694031650814e-05,-2.0974694031650814e-05
network and application load and performance testing software,Hard Skill,0,2,0.0,2.0974694031650814e-05,-2.0974694031650814e-05
voice dictation software,Hard Skill,0,2,0.0,2.0974694031650814e-05,-2.0974694031650814e-05
asg technologies asg-zeke,Hard Skill,0,2,0.0,2.0974694031650814e-05,-2.0974694031650814e-05
ascentis hr,Hard Skill,0,2,0.0,2.0974694031650814e-05,-2.0974694031650814e-05
ascend property assessment,Hard Skill,0,2,0.0,2.0974694031650814e-05,-2.0974694031650814e-05
asi point of sale,Hard Skill,0,2,0.0,2.0974694031650814e-05,-2.0974694031650814e-05
aspyra cyberlab,Hard Skill,0,2,0.0,2.0974694031650814e-05,-2.0974694031650814e-05
aspentech hysys,Hard Skill,0,2,0.0,2.0974694031650814e-05,-2.0974694031650814e-05
ncr teradata warehouse miner,Hard Skill,0,2,0.0,2.0974694031650814e-05,-2.0974694031650814e-05
ncr advanced store,Hard Skill,0,2,0.0,2.0974694031650814e-05,-2.0974694031650814e-05
ncg medical systems d-chart,Hard Skill,0,2,0.0,2.0974694031650814e-05,-2.0974694031650814e-05
qsr international nvivo,Hard Skill,0,2,0.0,2.0974694031650814e-05,-2.0974694031650814e-05
netlims autolims core lab,Hard Skill,0,2,0.0,2.0974694031650814e-05,-2.0974694031650814e-05
netdocuments,Hard Skill,0,2,0.0,2.0974694031650814e-05,-2.0974694031650814e-05
netdimensions enterprise knowledge platform ekp,Hard Skill,0,2,0.0,2.0974694031650814e-05,-2.0974694031650814e-05
netsuite neterp,Hard Skill,0,2,0.0,2.0974694031650814e-05,-2.0974694031650814e-05
netsmart technologies avatar clinical workstation cws,Hard Skill,0,2,0.0,2.0974694031650814e-05,-2.0974694031650814e-05
qnx,Hard Skill,0,2,0.0,2.0974694031650814e-05,-2.0974694031650814e-05
visual solutions vissim,Hard Skill,0,2,0.0,2.0974694031650814e-05,-2.0974694031650814e-05
visual retail plus,Hard Skill,0,2,0.0,2.0974694031650814e-05,-2.0974694031650814e-05
visual paradigm db visual architect,Hard Skill,0,2,0.0,2.0974694031650814e-05,-2.0974694031650814e-05
assisi compiler,Hard Skill,0,2,0.0,2.0974694031650814e-05,-2.0974694031650814e-05
asset management software,Hard Skill,0,2,0.0,2.0974694031650814e-05,-2.0974694031650814e-05
asure software hcm,Hard Skill,0,2,0.0,2.0974694031650814e-05,-2.0974694031650814e-05
assured software jpp,Hard Skill,0,2,0.0,2.0974694031650814e-05,-2.0974694031650814e-05
atlas business solutions staff files,Hard Skill,0,2,0.0,2.0974694031650814e-05,-2.0974694031650814e-05
visual numerics pv-wave,Hard Skill,0,2,0.0,2.0974694031650814e-05,-2.0974694031650814e-05
quality software systems labhealth,Hard Skill,0,2,0.0,2.0974694031650814e-05,-2.0974694031650814e-05
national library of medicine medline,Hard Skill,0,2,0.0,2.0974694031650814e-05,-2.0974694031650814e-05
national library of medicine docline,Hard Skill,0,2,0.0,2.0974694031650814e-05,-2.0974694031650814e-05
navzilla,Hard Skill,0,2,0.0,2.0974694031650814e-05,-2.0974694031650814e-05
navinet open,Hard Skill,0,2,0.0,2.0974694031650814e-05,-2.0974694031650814e-05
nedstat sitestat,Hard Skill,0,2,0.0,2.0974694031650814e-05,-2.0974694031650814e-05
ndcmedisoft,Hard Skill,0,2,0.0,2.0974694031650814e-05,-2.0974694031650814e-05
ncss power analysis and sample size pass,Hard Skill,0,2,0.0,2.0974694031650814e-05,-2.0974694031650814e-05
ncss,Hard Skill,0,2,0.0,2.0974694031650814e-05,-2.0974694031650814e-05
visual molecular dynamics vmd,Hard Skill,0,2,0.0,2.0974694031650814e-05,-2.0974694031650814e-05
visual modflow pro,Hard Skill,0,2,0.0,2.0974694031650814e-05,-2.0974694031650814e-05
visionary medical systems visionary office pm,Hard Skill,0,2,0.0,2.0974694031650814e-05,-2.0974694031650814e-05
audio editing software,Hard Skill,0,2,0.0,2.0974694031650814e-05,-2.0974694031650814e-05
audio calibration software,Hard Skill,0,2,0.0,2.0974694031650814e-05,-2.0974694031650814e-05
atx total tax office,Hard Skill,0,2,0.0,2.0974694031650814e-05,-2.0974694031650814e-05
atx total engagement office,Hard Skill,0,2,0.0,2.0974694031650814e-05,-2.0974694031650814e-05
attitude pos itive accupos retail,Hard Skill,0,2,0.0,2.0974694031650814e-05,-2.0974694031650814e-05
austin logistics callselect,Hard Skill,0,2,0.0,2.0974694031650814e-05,-2.0974694031650814e-05
aurora foodpro,Hard Skill,0,2,0.0,2.0974694031650814e-05,-2.0974694031650814e-05
auditware financial reporting and auditing software,Hard Skill,0,2,0.0,2.0974694031650814e-05,-2.0974694031650814e-05
auditing software,Hard Skill,0,2,0.0,2.0974694031650814e-05,-2.0974694031650814e-05
visible razor,Hard Skill,0,2,0.0,2.0974694031650814e-05,-2.0974694031650814e-05
quest central,Hard Skill,0,2,0.0,2.0974694031650814e-05,-2.0974694031650814e-05
quest bigbrother,Hard Skill,0,2,0.0,2.0974694031650814e-05,-2.0974694031650814e-05
mzinga on-demand learning suite,Hard Skill,0,2,0.0,2.0974694031650814e-05,-2.0974694031650814e-05
mywritertools,Hard Skill,0,2,0.0,2.0974694031650814e-05,-2.0974694031650814e-05
myspace,Hard Skill,0,2,0.0,2.0974694031650814e-05,-2.0974694031650814e-05
quantifying marketability discount qmd modeling software,Hard Skill,0,2,0.0,2.0974694031650814e-05,-2.0974694031650814e-05
qualys cloud platform,Hard Skill,0,2,0.0,2.0974694031650814e-05,-2.0974694031650814e-05
qualtrics research suite,Hard Skill,0,2,0.0,2.0974694031650814e-05,-2.0974694031650814e-05
questor systems argus,Hard Skill,0,2,0.0,2.0974694031650814e-05,-2.0974694031650814e-05
multidata computer systems multitech,Hard Skill,0,2,0.0,2.0974694031650814e-05,-2.0974694031650814e-05
multi-router traffic grapher mrtg software,Hard Skill,0,2,0.0,2.0974694031650814e-05,-2.0974694031650814e-05
mti systems costimator javascript,Hard Skill,0,2,0.0,2.0974694031650814e-05,-2.0974694031650814e-05
multivariate statistical program mvsp software,Hard Skill,0,2,0.0,2.0974694031650814e-05,-2.0974694031650814e-05
mwh soft infoswmm,Hard Skill,0,2,0.0,2.0974694031650814e-05,-2.0974694031650814e-05
mutual fund analysis software,Hard Skill,0,2,0.0,2.0974694031650814e-05,-2.0974694031650814e-05
questek humanis,Hard Skill,0,2,0.0,2.0974694031650814e-05,-2.0974694031650814e-05
quest shareplex,Hard Skill,0,2,0.0,2.0974694031650814e-05,-2.0974694031650814e-05
virtualboss,Hard Skill,0,2,0.0,2.0974694031650814e-05,-2.0974694031650814e-05
virtual reality modeling language vrml software,Hard Skill,0,2,0.0,2.0974694031650814e-05,-2.0974694031650814e-05
autodesk architectural desktop,Hard Skill,0,2,0.0,2.0974694031650814e-05,-2.0974694031650814e-05
autodesk algor simulation,Hard Skill,0,2,0.0,2.0974694031650814e-05,-2.0974694031650814e-05
autodesk 3d studio viz,Hard Skill,0,2,0.0,2.0974694031650814e-05,-2.0974694031650814e-05
autodesk 3d studio design,Hard Skill,0,2,0.0,2.0974694031650814e-05,-2.0974694031650814e-05
virtual local area network management software,Hard Skill,0,2,0.0,2.0974694031650814e-05,-2.0974694031650814e-05
virtual instrument software,Hard Skill,0,2,0.0,2.0974694031650814e-05,-2.0974694031650814e-05
virtual gibbs cadd/cam,Hard Skill,0,2,0.0,2.0974694031650814e-05,-2.0974694031650814e-05
vimeo,Hard Skill,0,2,0.0,2.0974694031650814e-05,-2.0974694031650814e-05
radiation dose calculation software,Hard Skill,0,2,0.0,2.0974694031650814e-05,-2.0974694031650814e-05
rabbitmq,Hard Skill,0,2,0.0,2.0974694031650814e-05,-2.0974694031650814e-05
qumas quality management solution software,Hard Skill,0,2,0.0,2.0974694031650814e-05,-2.0974694031650814e-05
motormaster+,Hard Skill,0,2,0.0,2.0974694031650814e-05,-2.0974694031650814e-05
motion graphics software,Hard Skill,0,2,0.0,2.0974694031650814e-05,-2.0974694031650814e-05
mozilla thunderbird,Hard Skill,0,2,0.0,2.0974694031650814e-05,-2.0974694031650814e-05
quickcogo,Hard Skill,0,2,0.0,2.0974694031650814e-05,-2.0974694031650814e-05
autodesk hsmworks,Hard Skill,0,2,0.0,2.0974694031650814e-05,-2.0974694031650814e-05
autodesk fusion 360,Hard Skill,0,2,0.0,2.0974694031650814e-05,-2.0974694031650814e-05
autodesk caice visual transportation,Hard Skill,0,2,0.0,2.0974694031650814e-05,-2.0974694031650814e-05
autodesk autocad lt,Hard Skill,0,2,0.0,2.0974694031650814e-05,-2.0974694031650814e-05
autodesk autocad blue sky,Hard Skill,0,2,0.0,2.0974694031650814e-05,-2.0974694031650814e-05
autodesk softdesk,Hard Skill,0,2,0.0,2.0974694031650814e-05,-2.0974694031650814e-05
autodesk revit architecture,Hard Skill,0,2,0.0,2.0974694031650814e-05,-2.0974694031650814e-05
autodesk navisworks,Hard Skill,0,2,0.0,2.0974694031650814e-05,-2.0974694031650814e-05
montgomery investment technology utility xl,Hard Skill,0,2,0.0,2.0974694031650814e-05,-2.0974694031650814e-05
montgomery investment technology sigtools,Hard Skill,0,2,0.0,2.0974694031650814e-05,-2.0974694031650814e-05
montgomery investment technology risk xl,Hard Skill,0,2,0.0,2.0974694031650814e-05,-2.0974694031650814e-05
montgomery investment technology quotetools,Hard Skill,0,2,0.0,2.0974694031650814e-05,-2.0974694031650814e-05
montgomery investment technology options xl,Hard Skill,0,2,0.0,2.0974694031650814e-05,-2.0974694031650814e-05
montgomery investment technology fintools,Hard Skill,0,2,0.0,2.0974694031650814e-05,-2.0974694031650814e-05
montgomery investment technology exotics xl,Hard Skill,0,2,0.0,2.0974694031650814e-05,-2.0974694031650814e-05
montgomery investment technology bonds xl,Hard Skill,0,2,0.0,2.0974694031650814e-05,-2.0974694031650814e-05
moneysoft corporate valuation,Hard Skill,0,2,0.0,2.0974694031650814e-05,-2.0974694031650814e-05
moss adams profit mentor,Hard Skill,0,2,0.0,2.0974694031650814e-05,-2.0974694031650814e-05
mosby's drug consult,Hard Skill,0,2,0.0,2.0974694031650814e-05,-2.0974694031650814e-05
moody's kmv risk analyst,Hard Skill,0,2,0.0,2.0974694031650814e-05,-2.0974694031650814e-05
moody's kmv risk advisor,Hard Skill,0,2,0.0,2.0974694031650814e-05,-2.0974694031650814e-05
moody's kmv financial analyst,Hard Skill,0,2,0.0,2.0974694031650814e-05,-2.0974694031650814e-05
moody's kmv decisions,Hard Skill,0,2,0.0,2.0974694031650814e-05,-2.0974694031650814e-05
mjiccs pilotlog,Hard Skill,0,2,0.0,2.0974694031650814e-05,-2.0974694031650814e-05
mitre software gslope,Hard Skill,0,2,0.0,2.0974694031650814e-05,-2.0974694031650814e-05
misys healthcare systems mysis tiger,Hard Skill,0,2,0.0,2.0974694031650814e-05,-2.0974694031650814e-05
mobile knowledge cabmate,Hard Skill,0,2,0.0,2.0974694031650814e-05,-2.0974694031650814e-05
mobile application software,Hard Skill,0,2,0.0,2.0974694031650814e-05,-2.0974694031650814e-05
molecular devices corporation metamorph,Hard Skill,0,2,0.0,2.0974694031650814e-05,-2.0974694031650814e-05
railcomm docyard,Hard Skill,0,2,0.0,2.0974694031650814e-05,-2.0974694031650814e-05
radiopharmacy inventory databases,Hard Skill,0,2,0.0,2.0974694031650814e-05,-2.0974694031650814e-05
autodesk motionbuilder,Hard Skill,0,2,0.0,2.0974694031650814e-05,-2.0974694031650814e-05
vigilant,Hard Skill,0,2,0.0,2.0974694031650814e-05,-2.0974694031650814e-05
automate the schools ats,Hard Skill,0,2,0.0,2.0974694031650814e-05,-2.0974694031650814e-05
autodesk viz,Hard Skill,0,2,0.0,2.0974694031650814e-05,-2.0974694031650814e-05
automated neuropsychological metric assessments battery,Hard Skill,0,2,0.0,2.0974694031650814e-05,-2.0974694031650814e-05
automated information system software,Hard Skill,0,2,0.0,2.0974694031650814e-05,-2.0974694031650814e-05
vibration analysis software,Hard Skill,0,2,0.0,2.0974694031650814e-05,-2.0974694031650814e-05
microsoft windows vista business,Hard Skill,0,2,0.0,2.0974694031650814e-05,-2.0974694031650814e-05
microsoft windows sysprep,Hard Skill,0,2,0.0,2.0974694031650814e-05,-2.0974694031650814e-05
react redux,Hard Skill,0,2,0.0,2.0974694031650814e-05,-2.0974694031650814e-05
midwest microsystems cow sense,Hard Skill,0,2,0.0,2.0974694031650814e-05,-2.0974694031650814e-05
mideo systems ezdoc plus,Hard Skill,0,2,0.0,2.0974694031650814e-05,-2.0974694031650814e-05
microsurveycad,Hard Skill,0,2,0.0,2.0974694031650814e-05,-2.0974694031650814e-05
mightyscout,Hard Skill,0,2,0.0,2.0974694031650814e-05,-2.0974694031650814e-05
rapid7 nexpose,Hard Skill,0,2,0.0,2.0974694031650814e-05,-2.0974694031650814e-05
rapid-i rapidminer,Hard Skill,0,2,0.0,2.0974694031650814e-05,-2.0974694031650814e-05
autozone alldata,Hard Skill,0,2,0.0,2.0974694031650814e-05,-2.0974694031650814e-05
automation counselors municipal,Hard Skill,0,2,0.0,2.0974694031650814e-05,-2.0974694031650814e-05
avid digidesign pro tools,Hard Skill,0,2,0.0,2.0974694031650814e-05,-2.0974694031650814e-05
avaya identity engines,Hard Skill,0,2,0.0,2.0974694031650814e-05,-2.0974694031650814e-05
availability prediction modeling software,Hard Skill,0,2,0.0,2.0974694031650814e-05,-2.0974694031650814e-05
vero software alphacam,Hard Skill,0,2,0.0,2.0974694031650814e-05,-2.0974694031650814e-05
microsoft windows movie maker,Hard Skill,0,2,0.0,2.0974694031650814e-05,-2.0974694031650814e-05
microsoft windows mobile,Hard Skill,0,2,0.0,2.0974694031650814e-05,-2.0974694031650814e-05
microsoft visual interdev,Hard Skill,0,2,0.0,2.0974694031650814e-05,-2.0974694031650814e-05
microsurvey fieldgenius,Hard Skill,0,2,0.0,2.0974694031650814e-05,-2.0974694031650814e-05
microstrategy report services,Hard Skill,0,2,0.0,2.0974694031650814e-05,-2.0974694031650814e-05
microstrategy desktop,Hard Skill,0,2,0.0,2.0974694031650814e-05,-2.0974694031650814e-05
azalea health azalea ehr,Hard Skill,0,2,0.0,2.0974694031650814e-05,-2.0974694031650814e-05
barrington software cookenpro commercial,Hard Skill,0,2,0.0,2.0974694031650814e-05,-2.0974694031650814e-05
bare bones software bbedit,Hard Skill,0,2,0.0,2.0974694031650814e-05,-2.0974694031650814e-05
verifone pc charge pro,Hard Skill,0,2,0.0,2.0974694031650814e-05,-2.0974694031650814e-05
beaver creek software the therapist,Hard Skill,0,2,0.0,2.0974694031650814e-05,-2.0974694031650814e-05
bd biosciences cellquest,Hard Skill,0,2,0.0,2.0974694031650814e-05,-2.0974694031650814e-05
bcs woodlands software the logger tracker,Hard Skill,0,2,0.0,2.0974694031650814e-05,-2.0974694031650814e-05
bcl landview systems wincrop,Hard Skill,0,2,0.0,2.0974694031650814e-05,-2.0974694031650814e-05
behavioral assessment and research system bars,Hard Skill,0,2,0.0,2.0974694031650814e-05,-2.0974694031650814e-05
behaveplus,Hard Skill,0,2,0.0,2.0974694031650814e-05,-2.0974694031650814e-05
beeline learning management system lms,Hard Skill,0,2,0.0,2.0974694031650814e-05,-2.0974694031650814e-05
vectorworks architect,Hard Skill,0,2,0.0,2.0974694031650814e-05,-2.0974694031650814e-05
really simple syndication rss,Hard Skill,0,2,0.0,2.0974694031650814e-05,-2.0974694031650814e-05
realization streamliner,Hard Skill,0,2,0.0,2.0974694031650814e-05,-2.0974694031650814e-05
microsoft transact-structural query language t-sql,Hard Skill,0,2,0.0,2.0974694031650814e-05,-2.0974694031650814e-05
microsoft silverlight,Hard Skill,0,2,0.0,2.0974694031650814e-05,-2.0974694031650814e-05
realdata comparative lease analysis,Hard Skill,0,2,0.0,2.0974694031650814e-05,-2.0974694031650814e-05
bentley watercad,Hard Skill,0,2,0.0,2.0974694031650814e-05,-2.0974694031650814e-05
bentley systems gint,Hard Skill,0,2,0.0,2.0974694031650814e-05,-2.0974694031650814e-05
bibase 4pos retail,Hard Skill,0,2,0.0,2.0974694031650814e-05,-2.0974694031650814e-05
best mip fund accounting,Hard Skill,0,2,0.0,2.0974694031650814e-05,-2.0974694031650814e-05
variable frequency drive vfd software,Hard Skill,0,2,0.0,2.0974694031650814e-05,-2.0974694031650814e-05
vantagemed chartkeeper,Hard Skill,0,2,0.0,2.0974694031650814e-05,-2.0974694031650814e-05
vanguard software vanguard sales manager,Hard Skill,0,2,0.0,2.0974694031650814e-05,-2.0974694031650814e-05
valusource bizcomps,Hard Skill,0,2,0.0,2.0974694031650814e-05,-2.0974694031650814e-05
bioconductor,Hard Skill,0,2,0.0,2.0974694031650814e-05,-2.0974694031650814e-05
bing ads,Hard Skill,0,2,0.0,2.0974694031650814e-05,-2.0974694031650814e-05
biofeedback software,Hard Skill,0,2,0.0,2.0974694031650814e-05,-2.0974694031650814e-05
bioex systems nutrition maker plus,Hard Skill,0,2,0.0,2.0974694031650814e-05,-2.0974694031650814e-05
bizpricer,Hard Skill,0,2,0.0,2.0974694031650814e-05,-2.0974694031650814e-05
valley agricultural software dairycomp 305,Hard Skill,0,2,0.0,2.0974694031650814e-05,-2.0974694031650814e-05
usda forest vegetation simulator fvs,Hard Skill,0,2,0.0,2.0974694031650814e-05,-2.0974694031650814e-05
blender,Hard Skill,0,2,0.0,2.0974694031650814e-05,-2.0974694031650814e-05
blatant media absorb lms,Hard Skill,0,2,0.0,2.0974694031650814e-05,-2.0974694031650814e-05
blat,Hard Skill,0,2,0.0,2.0974694031650814e-05,-2.0974694031650814e-05
blueprint display software,Hard Skill,0,2,0.0,2.0974694031650814e-05,-2.0974694031650814e-05
blueberry harbor software clinical record keeper,Hard Skill,0,2,0.0,2.0974694031650814e-05,-2.0974694031650814e-05
bobcad-cam,Hard Skill,0,2,0.0,2.0974694031650814e-05,-2.0974694031650814e-05
bmc software recovery manager rman,Hard Skill,0,2,0.0,2.0974694031650814e-05,-2.0974694031650814e-05
bmc software change manager,Hard Skill,0,2,0.0,2.0974694031650814e-05,-2.0974694031650814e-05
redprairie dlx warehouse,Hard Skill,0,2,0.0,2.0974694031650814e-05,-2.0974694031650814e-05
redgate sql server,Hard Skill,0,2,0.0,2.0974694031650814e-05,-2.0974694031650814e-05
redcap research electronic data capture,Hard Skill,0,2,0.0,2.0974694031650814e-05,-2.0974694031650814e-05
microsoft office outlook,Hard Skill,0,2,0.0,2.0974694031650814e-05,-2.0974694031650814e-05
microsoft office live meeting,Hard Skill,0,2,0.0,2.0974694031650814e-05,-2.0974694031650814e-05
microsoft image composite editor,Hard Skill,0,2,0.0,2.0974694031650814e-05,-2.0974694031650814e-05
microsoft hyperterminal,Hard Skill,0,2,0.0,2.0974694031650814e-05,-2.0974694031650814e-05
microsoft hyper-v server,Hard Skill,0,2,0.0,2.0974694031650814e-05,-2.0974694031650814e-05
upside learning upsidelms,Hard Skill,0,2,0.0,2.0974694031650814e-05,-2.0974694031650814e-05
ups worldship,Hard Skill,0,2,0.0,2.0974694031650814e-05,-2.0974694031650814e-05
upland consulting group repair traq,Hard Skill,0,2,0.0,2.0974694031650814e-05,-2.0974694031650814e-05
unlimited learning resources valusource pro,Hard Skill,0,2,0.0,2.0974694031650814e-05,-2.0974694031650814e-05
bosch punch list,Hard Skill,0,2,0.0,2.0974694031650814e-05,-2.0974694031650814e-05
borland silktest,Hard Skill,0,2,0.0,2.0974694031650814e-05,-2.0974694031650814e-05
universal tax systems taxwise,Hard Skill,0,2,0.0,2.0974694031650814e-05,-2.0974694031650814e-05
relational database management system rdms,Hard Skill,0,2,0.0,2.0974694031650814e-05,-2.0974694031650814e-05
reimbursement screening software,Hard Skill,0,2,0.0,2.0974694031650814e-05,-2.0974694031650814e-05
regulatory compliance management software,Hard Skill,0,2,0.0,2.0974694031650814e-05,-2.0974694031650814e-05
bowtie,Hard Skill,0,2,0.0,2.0974694031650814e-05,-2.0974694031650814e-05
brainworks,Hard Skill,0,2,0.0,2.0974694031650814e-05,-2.0974694031650814e-05
brainshark rapid learning,Hard Skill,0,2,0.0,2.0974694031650814e-05,-2.0974694031650814e-05
brainmetric the category test,Hard Skill,0,2,0.0,2.0974694031650814e-05,-2.0974694031650814e-05
brady specimen labeling system,Hard Skill,0,2,0.0,2.0974694031650814e-05,-2.0974694031650814e-05
bridgeway ecounsel,Hard Skill,0,2,0.0,2.0974694031650814e-05,-2.0974694031650814e-05
brickell research brickell medical office,Hard Skill,0,2,0.0,2.0974694031650814e-05,-2.0974694031650814e-05
bruno realty eneighboorhoods,Hard Skill,0,2,0.0,2.0974694031650814e-05,-2.0974694031650814e-05
broadcast electronics audiovault flex,Hard Skill,0,2,0.0,2.0974694031650814e-05,-2.0974694031650814e-05
unidata integrated data viewer idv,Hard Skill,0,2,0.0,2.0974694031650814e-05,-2.0974694031650814e-05
business analysis software,Hard Skill,0,2,0.0,2.0974694031650814e-05,-2.0974694031650814e-05
bungalow software aphasia tutor,Hard Skill,0,2,0.0,2.0974694031650814e-05,-2.0974694031650814e-05
building automation software,Hard Skill,0,2,0.0,2.0974694031650814e-05,-2.0974694031650814e-05
business performance management bpm software,Hard Skill,0,2,0.0,2.0974694031650814e-05,-2.0974694031650814e-05
business objects data integrator,Hard Skill,0,2,0.0,2.0974694031650814e-05,-2.0974694031650814e-05
cabinet ng cng-safe,Hard Skill,0,2,0.0,2.0974694031650814e-05,-2.0974694031650814e-05
ca idms,Hard Skill,0,2,0.0,2.0974694031650814e-05,-2.0974694031650814e-05
ca easytrieve report generator,Hard Skill,0,2,0.0,2.0974694031650814e-05,-2.0974694031650814e-05
ucn incontact workforce management software wfm,Hard Skill,0,2,0.0,2.0974694031650814e-05,-2.0974694031650814e-05
reliasoft xfmea,Hard Skill,0,2,0.0,2.0974694031650814e-05,-2.0974694031650814e-05
relex weibull,Hard Skill,0,2,0.0,2.0974694031650814e-05,-2.0974694031650814e-05
microsoft dynamics marketing,Hard Skill,0,2,0.0,2.0974694031650814e-05,-2.0974694031650814e-05
microsoft defender antivirus,Hard Skill,0,2,0.0,2.0974694031650814e-05,-2.0974694031650814e-05
microsoft commerce server,Hard Skill,0,2,0.0,2.0974694031650814e-05,-2.0974694031650814e-05
ua business software professional edition,Hard Skill,0,2,0.0,2.0974694031650814e-05,-2.0974694031650814e-05
cadence virtuoso layout suite,Hard Skill,0,2,0.0,2.0974694031650814e-05,-2.0974694031650814e-05
cadence orcad software,Hard Skill,0,2,0.0,2.0974694031650814e-05,-2.0974694031650814e-05
cadence encounter test,Hard Skill,0,2,0.0,2.0974694031650814e-05,-2.0974694031650814e-05
cadence allegro design entry capture and capture cis,Hard Skill,0,2,0.0,2.0974694031650814e-05,-2.0974694031650814e-05
cadre technologies accuplus integrated distribution logistics system,Hard Skill,0,2,0.0,2.0974694031650814e-05,-2.0974694031650814e-05
caliper transcad,Hard Skill,0,2,0.0,2.0974694031650814e-05,-2.0974694031650814e-05
microcog assessment of cognitive functioning,Hard Skill,0,2,0.0,2.0974694031650814e-05,-2.0974694031650814e-05
microchip mplab integrated development environment (ide),Hard Skill,0,2,0.0,2.0974694031650814e-05,-2.0974694031650814e-05
microbiz,Hard Skill,0,2,0.0,2.0974694031650814e-05,-2.0974694031650814e-05
twin tier technologies mims,Hard Skill,0,2,0.0,2.0974694031650814e-05,-2.0974694031650814e-05
cap automation sellwise,Hard Skill,0,2,0.0,2.0974694031650814e-05,-2.0974694031650814e-05
canyon solutions jcats,Hard Skill,0,2,0.0,2.0974694031650814e-05,-2.0974694031650814e-05
carlson survey,Hard Skill,0,2,0.0,2.0974694031650814e-05,-2.0974694031650814e-05
career management systems cms,Hard Skill,0,2,0.0,2.0974694031650814e-05,-2.0974694031650814e-05
case management system software,Hard Skill,0,2,0.0,2.0974694031650814e-05,-2.0974694031650814e-05
casamba smart,Hard Skill,0,2,0.0,2.0974694031650814e-05,-2.0974694031650814e-05
cartography software,Hard Skill,0,2,0.0,2.0974694031650814e-05,-2.0974694031650814e-05
cartesis es magnitude,Hard Skill,0,2,0.0,2.0974694031650814e-05,-2.0974694031650814e-05
tumblr,Hard Skill,0,2,0.0,2.0974694031650814e-05,-2.0974694031650814e-05
tss wireless fleet management suite,Hard Skill,0,2,0.0,2.0974694031650814e-05,-2.0974694031650814e-05
catalog navigation software,Hard Skill,0,2,0.0,2.0974694031650814e-05,-2.0974694031650814e-05
cbord nutrition service suite,Hard Skill,0,2,0.0,2.0974694031650814e-05,-2.0974694031650814e-05
cbord foodservice suite,Hard Skill,0,2,0.0,2.0974694031650814e-05,-2.0974694031650814e-05
cattlesoft cattlemax,Hard Skill,0,2,0.0,2.0974694031650814e-05,-2.0974694031650814e-05
cda international manifold system,Hard Skill,0,2,0.0,2.0974694031650814e-05,-2.0974694031650814e-05
ccis accountability,Hard Skill,0,2,0.0,2.0974694031650814e-05,-2.0974694031650814e-05
cch prosystem fx tax,Hard Skill,0,2,0.0,2.0974694031650814e-05,-2.0974694031650814e-05
central desktop,Hard Skill,0,2,0.0,2.0974694031650814e-05,-2.0974694031650814e-05
true north computer retail plus,Hard Skill,0,2,0.0,2.0974694031650814e-05,-2.0974694031650814e-05
requirejs,Hard Skill,0,2,0.0,2.0974694031650814e-05,-2.0974694031650814e-05
mergerstat price to earnings ratios,Hard Skill,0,2,0.0,2.0974694031650814e-05,-2.0974694031650814e-05
mergerstat control premiums,Hard Skill,0,2,0.0,2.0974694031650814e-05,-2.0974694031650814e-05
menu planning software,Hard Skill,0,2,0.0,2.0974694031650814e-05,-2.0974694031650814e-05
mentor graphics xpedition xdx designer,Hard Skill,0,2,0.0,2.0974694031650814e-05,-2.0974694031650814e-05
methodware proaudit advisor,Hard Skill,0,2,0.0,2.0974694031650814e-05,-2.0974694031650814e-05
meteorjs,Hard Skill,0,2,0.0,2.0974694031650814e-05,-2.0974694031650814e-05
micro focus openview,Hard Skill,0,2,0.0,2.0974694031650814e-05,-2.0974694031650814e-05
micro estimating fabplan,Hard Skill,0,2,0.0,2.0974694031650814e-05,-2.0974694031650814e-05
micosoft sql server analysis services ssas,Hard Skill,0,2,0.0,2.0974694031650814e-05,-2.0974694031650814e-05
mi-co mi-forms,Hard Skill,0,2,0.0,2.0974694031650814e-05,-2.0974694031650814e-05
resource planning software,Hard Skill,0,2,0.0,2.0974694031650814e-05,-2.0974694031650814e-05
resource management software,Hard Skill,0,2,0.0,2.0974694031650814e-05,-2.0974694031650814e-05
meditech medical and practice management mpm suite,Hard Skill,0,2,0.0,2.0974694031650814e-05,-2.0974694031650814e-05
meditech healthcare information system hcis,Hard Skill,0,2,0.0,2.0974694031650814e-05,-2.0974694031650814e-05
meditech behavioral health clinicals,Hard Skill,0,2,0.0,2.0974694031650814e-05,-2.0974694031650814e-05
megger powerdb,Hard Skill,0,2,0.0,2.0974694031650814e-05,-2.0974694031650814e-05
medworxx learning management system,Hard Skill,0,2,0.0,2.0974694031650814e-05,-2.0974694031650814e-05
medstar systems drworks,Hard Skill,0,2,0.0,2.0974694031650814e-05,-2.0974694031650814e-05
mentor graphics software,Hard Skill,0,2,0.0,2.0974694031650814e-05,-2.0974694031650814e-05
mentor graphics leonardospectrum,Hard Skill,0,2,0.0,2.0974694031650814e-05,-2.0974694031650814e-05
mendel,Hard Skill,0,2,0.0,2.0974694031650814e-05,-2.0974694031650814e-05
reserve interactive,Hard Skill,0,2,0.0,2.0974694031650814e-05,-2.0974694031650814e-05
medical record charting software,Hard Skill,0,2,0.0,2.0974694031650814e-05,-2.0974694031650814e-05
medical laser control software,Hard Skill,0,2,0.0,2.0974694031650814e-05,-2.0974694031650814e-05
medical digital imaging software,Hard Skill,0,2,0.0,2.0974694031650814e-05,-2.0974694031650814e-05
medipro medisoft clinical,Hard Skill,0,2,0.0,2.0974694031650814e-05,-2.0974694031650814e-05
medical wizards paramedics toolbox,Hard Skill,0,2,0.0,2.0974694031650814e-05,-2.0974694031650814e-05
medical wizards er suite,Hard Skill,0,2,0.0,2.0974694031650814e-05,-2.0974694031650814e-05
medical wizards er & icu toolbox,Hard Skill,0,2,0.0,2.0974694031650814e-05,-2.0974694031650814e-05
medical system integration software,Hard Skill,0,2,0.0,2.0974694031650814e-05,-2.0974694031650814e-05
resources calculations incorporated softcost,Hard Skill,0,2,0.0,2.0974694031650814e-05,-2.0974694031650814e-05
trivantis lectora,Hard Skill,0,2,0.0,2.0974694031650814e-05,-2.0974694031650814e-05
cerner millennium pathnet,Hard Skill,0,2,0.0,2.0974694031650814e-05,-2.0974694031650814e-05
character generator software,Hard Skill,0,2,0.0,2.0974694031650814e-05,-2.0974694031650814e-05
chaos group v-ray,Hard Skill,0,2,0.0,2.0974694031650814e-05,-2.0974694031650814e-05
cgtech vericut cnc,Hard Skill,0,2,0.0,2.0974694031650814e-05,-2.0974694031650814e-05
cgi-ams strata,Hard Skill,0,2,0.0,2.0974694031650814e-05,-2.0974694031650814e-05
cgi-ams cacs enterprise,Hard Skill,0,2,0.0,2.0974694031650814e-05,-2.0974694031650814e-05
trimble terrasync,Hard Skill,0,2,0.0,2.0974694031650814e-05,-2.0974694031650814e-05
mckesson lytec,Hard Skill,0,2,0.0,2.0974694031650814e-05,-2.0974694031650814e-05
revision control software,Hard Skill,0,2,0.0,2.0974694031650814e-05,-2.0974694031650814e-05
medent,Hard Skill,0,2,0.0,2.0974694031650814e-05,-2.0974694031650814e-05
meddatasolutions regist*r,Hard Skill,0,2,0.0,2.0974694031650814e-05,-2.0974694031650814e-05
med math,Hard Skill,0,2,0.0,2.0974694031650814e-05,-2.0974694031650814e-05
mean time to failure mttf software,Hard Skill,0,2,0.0,2.0974694031650814e-05,-2.0974694031650814e-05
mean time between failures mbtf software,Hard Skill,0,2,0.0,2.0974694031650814e-05,-2.0974694031650814e-05
mediasoft medioffice,Hard Skill,0,2,0.0,2.0974694031650814e-05,-2.0974694031650814e-05
medflow complete,Hard Skill,0,2,0.0,2.0974694031650814e-05,-2.0974694031650814e-05
reverse engineering software,Hard Skill,0,2,0.0,2.0974694031650814e-05,-2.0974694031650814e-05
retrofit energy savings estimation model resem,Hard Skill,0,2,0.0,2.0974694031650814e-05,-2.0974694031650814e-05
trimble hydropro,Hard Skill,0,2,0.0,2.0974694031650814e-05,-2.0974694031650814e-05
trimble gps pathfinder office,Hard Skill,0,2,0.0,2.0974694031650814e-05,-2.0974694031650814e-05
chat software,Hard Skill,0,2,0.0,2.0974694031650814e-05,-2.0974694031650814e-05
charting software,Hard Skill,0,2,0.0,2.0974694031650814e-05,-2.0974694031650814e-05
chart links,Hard Skill,0,2,0.0,2.0974694031650814e-05,-2.0974694031650814e-05
chemstat,Hard Skill,0,2,0.0,2.0974694031650814e-05,-2.0974694031650814e-05
cheminnovation software chem 4-d,Hard Skill,0,2,0.0,2.0974694031650814e-05,-2.0974694031650814e-05
choice job cost,Hard Skill,0,2,0.0,2.0974694031650814e-05,-2.0974694031650814e-05
trimble digital fieldbook,Hard Skill,0,2,0.0,2.0974694031650814e-05,-2.0974694031650814e-05
trimble aggps ez-map,Hard Skill,0,2,0.0,2.0974694031650814e-05,-2.0974694031650814e-05
trigram software acubase pro,Hard Skill,0,2,0.0,2.0974694031650814e-05,-2.0974694031650814e-05
risc virtual training assistant,Hard Skill,0,2,0.0,2.0974694031650814e-05,-2.0974694031650814e-05
risa technologies risa-3d,Hard Skill,0,2,0.0,2.0974694031650814e-05,-2.0974694031650814e-05
right reason technologies righttrack,Hard Skill,0,2,0.0,2.0974694031650814e-05,-2.0974694031650814e-05
mckesson horizon lab,Hard Skill,0,2,0.0,2.0974694031650814e-05,-2.0974694031650814e-05
mckesson ansos one-staff,Hard Skill,0,2,0.0,2.0974694031650814e-05,-2.0974694031650814e-05
mcallister software systems avimark,Hard Skill,0,2,0.0,2.0974694031650814e-05,-2.0974694031650814e-05
mcafee virusscan,Hard Skill,0,2,0.0,2.0974694031650814e-05,-2.0974694031650814e-05
mazak mazatrol smart cnc,Hard Skill,0,2,0.0,2.0974694031650814e-05,-2.0974694031650814e-05
maynard planstaff manager,Hard Skill,0,2,0.0,2.0974694031650814e-05,-2.0974694031650814e-05
mdansby the psychreport,Hard Skill,0,2,0.0,2.0974694031650814e-05,-2.0974694031650814e-05
md synergy medical appointment scheduling,Hard Skill,0,2,0.0,2.0974694031650814e-05,-2.0974694031650814e-05
mctrans hcs+,Hard Skill,0,2,0.0,2.0974694031650814e-05,-2.0974694031650814e-05
mctrans center tsis-corsim,Hard Skill,0,2,0.0,2.0974694031650814e-05,-2.0974694031650814e-05
mastercontrol software,Hard Skill,0,2,0.0,2.0974694031650814e-05,-2.0974694031650814e-05
matheny pattern forecaster plus,Hard Skill,0,2,0.0,2.0974694031650814e-05,-2.0974694031650814e-05
math educational software,Hard Skill,0,2,0.0,2.0974694031650814e-05,-2.0974694031650814e-05
materials resource planning mrp software,Hard Skill,0,2,0.0,2.0974694031650814e-05,-2.0974694031650814e-05
materials management software,Hard Skill,0,2,0.0,2.0974694031650814e-05,-2.0974694031650814e-05
riskmetrics group wealthbench,Hard Skill,0,2,0.0,2.0974694031650814e-05,-2.0974694031650814e-05
riscstation possum,Hard Skill,0,2,0.0,2.0974694031650814e-05,-2.0974694031650814e-05
trendsetter software proanalyst,Hard Skill,0,2,0.0,2.0974694031650814e-05,-2.0974694031650814e-05
cisco systems cisco traffic analyzer,Hard Skill,0,2,0.0,2.0974694031650814e-05,-2.0974694031650814e-05
cisco systems cisco netflow collection engine,Hard Skill,0,2,0.0,2.0974694031650814e-05,-2.0974694031650814e-05
circle systems stat/transfer,Hard Skill,0,2,0.0,2.0974694031650814e-05,-2.0974694031650814e-05
citilabs cube,Hard Skill,0,2,0.0,2.0974694031650814e-05,-2.0974694031650814e-05
cisco systems vpn client,Hard Skill,0,2,0.0,2.0974694031650814e-05,-2.0974694031650814e-05
cisco systems ciscoworks lan management solution,Hard Skill,0,2,0.0,2.0974694031650814e-05,-2.0974694031650814e-05
treasury enforcement communications system tecs,Hard Skill,0,2,0.0,2.0974694031650814e-05,-2.0974694031650814e-05
travis,Hard Skill,0,2,0.0,2.0974694031650814e-05,-2.0974694031650814e-05
travel agent cms,Hard Skill,0,2,0.0,2.0974694031650814e-05,-2.0974694031650814e-05
rockware geochemist's workbench gwb,Hard Skill,0,2,0.0,2.0974694031650814e-05,-2.0974694031650814e-05
rockware chemflux,Hard Skill,0,2,0.0,2.0974694031650814e-05,-2.0974694031650814e-05
master merchant systems music store,Hard Skill,0,2,0.0,2.0974694031650814e-05,-2.0974694031650814e-05
mass appraisal records system mars,Hard Skill,0,2,0.0,2.0974694031650814e-05,-2.0974694031650814e-05
martin d adamiker's truflite,Hard Skill,0,2,0.0,2.0974694031650814e-05,-2.0974694031650814e-05
marklogic,Hard Skill,0,2,0.0,2.0974694031650814e-05,-2.0974694031650814e-05
marketsharp,Hard Skill,0,2,0.0,2.0974694031650814e-05,-2.0974694031650814e-05
market forecast software,Hard Skill,0,2,0.0,2.0974694031650814e-05,-2.0974694031650814e-05
robotic surgery software,Hard Skill,0,2,0.0,2.0974694031650814e-05,-2.0974694031650814e-05
robotic control software,Hard Skill,0,2,0.0,2.0974694031650814e-05,-2.0974694031650814e-05
rms technology flitesoft,Hard Skill,0,2,0.0,2.0974694031650814e-05,-2.0974694031650814e-05
rockware rockworks,Hard Skill,0,2,0.0,2.0974694031650814e-05,-2.0974694031650814e-05
managemore cellular manager,Hard Skill,0,2,0.0,2.0974694031650814e-05,-2.0974694031650814e-05
mapinfo mapmarker,Hard Skill,0,2,0.0,2.0974694031650814e-05,-2.0974694031650814e-05
mariadb,Hard Skill,0,2,0.0,2.0974694031650814e-05,-2.0974694031650814e-05
mapshots easi suite,Hard Skill,0,2,0.0,2.0974694031650814e-05,-2.0974694031650814e-05
mapreduce big data software,Hard Skill,0,2,0.0,2.0974694031650814e-05,-2.0974694031650814e-05
mapr converged data platform,Hard Skill,0,2,0.0,2.0974694031650814e-05,-2.0974694031650814e-05
tranware enterprise suite,Hard Skill,0,2,0.0,2.0974694031650814e-05,-2.0974694031650814e-05
transportation management software,Hard Skill,0,2,0.0,2.0974694031650814e-05,-2.0974694031650814e-05
classtag,Hard Skill,0,2,0.0,2.0974694031650814e-05,-2.0974694031650814e-05
clark labs idrisi andes,Hard Skill,0,2,0.0,2.0974694031650814e-05,-2.0974694031650814e-05
clarity systems ibm clarity,Hard Skill,0,2,0.0,2.0974694031650814e-05,-2.0974694031650814e-05
claim processing system software,Hard Skill,0,2,0.0,2.0974694031650814e-05,-2.0974694031650814e-05
citrix xenapp,Hard Skill,0,2,0.0,2.0974694031650814e-05,-2.0974694031650814e-05
client databases,Hard Skill,0,2,0.0,2.0974694031650814e-05,-2.0974694031650814e-05
client caseload management software,Hard Skill,0,2,0.0,2.0974694031650814e-05,-2.0974694031650814e-05
cleartrial,Hard Skill,0,2,0.0,2.0974694031650814e-05,-2.0974694031650814e-05
transcription software,Hard Skill,0,2,0.0,2.0974694031650814e-05,-2.0974694031650814e-05
trane trace,Hard Skill,0,2,0.0,2.0974694031650814e-05,-2.0974694031650814e-05
rooflogic,Hard Skill,0,2,0.0,2.0974694031650814e-05,-2.0974694031650814e-05
roofing calculator,Hard Skill,0,2,0.0,2.0974694031650814e-05,-2.0974694031650814e-05
magic software,Hard Skill,0,2,0.0,2.0974694031650814e-05,-2.0974694031650814e-05
mailchimp,Hard Skill,0,2,0.0,2.0974694031650814e-05,-2.0974694031650814e-05
magma design automation software,Hard Skill,0,2,0.0,2.0974694031650814e-05,-2.0974694031650814e-05
maintenance planning software,Hard Skill,0,2,0.0,2.0974694031650814e-05,-2.0974694031650814e-05
maintenance information databases,Hard Skill,0,2,0.0,2.0974694031650814e-05,-2.0974694031650814e-05
roof pro estimate software roof pro,Hard Skill,0,2,0.0,2.0974694031650814e-05,-2.0974694031650814e-05
trainontrack learning management system lms,Hard Skill,0,2,0.0,2.0974694031650814e-05,-2.0974694031650814e-05
clinlab lis,Hard Skill,0,2,0.0,2.0974694031650814e-05,-2.0974694031650814e-05
clinical software solutions clin1 suite,Hard Skill,0,2,0.0,2.0974694031650814e-05,-2.0974694031650814e-05
cmsn fieldpak,Hard Skill,0,2,0.0,2.0974694031650814e-05,-2.0974694031650814e-05
cluster server software,Hard Skill,0,2,0.0,2.0974694031650814e-05,-2.0974694031650814e-05
cloveretl,Hard Skill,0,2,0.0,2.0974694031650814e-05,-2.0974694031650814e-05
cloudera impala,Hard Skill,0,2,0.0,2.0974694031650814e-05,-2.0974694031650814e-05
cobent learning and compliance suite lcs,Hard Skill,0,2,0.0,2.0974694031650814e-05,-2.0974694031650814e-05
cnc software mastercam,Hard Skill,0,2,0.0,2.0974694031650814e-05,-2.0974694031650814e-05
cnc consulting machinists' calculator,Hard Skill,0,2,0.0,2.0974694031650814e-05,-2.0974694031650814e-05
traincaster lms,Hard Skill,0,2,0.0,2.0974694031650814e-05,-2.0974694031650814e-05
rsm mcgladrey advanced practice solutions paperless audit,Hard Skill,0,2,0.0,2.0974694031650814e-05,-2.0974694031650814e-05
rsi interactive data language idl software,Hard Skill,0,2,0.0,2.0974694031650814e-05,-2.0974694031650814e-05
lucid iq cmp,Hard Skill,0,2,0.0,2.0974694031650814e-05,-2.0974694031650814e-05
low-level virtual machine llvm compilers,Hard Skill,0,2,0.0,2.0974694031650814e-05,-2.0974694031650814e-05
m-tech hotel service optimization system hotsos,Hard Skill,0,2,0.0,2.0974694031650814e-05,-2.0974694031650814e-05
lyris hq web-analytics solution,Hard Skill,0,2,0.0,2.0974694031650814e-05,-2.0974694031650814e-05
lucidchart,Hard Skill,0,2,0.0,2.0974694031650814e-05,-2.0974694031650814e-05
machine operation software,Hard Skill,0,2,0.0,2.0974694031650814e-05,-2.0974694031650814e-05
roundtable software advantage accounting system,Hard Skill,0,2,0.0,2.0974694031650814e-05,-2.0974694031650814e-05
trafficware simtraffic,Hard Skill,0,2,0.0,2.0974694031650814e-05,-2.0974694031650814e-05
traffic signal software,Hard Skill,0,2,0.0,2.0974694031650814e-05,-2.0974694031650814e-05
tradetools monthly u.s. economic database,Hard Skill,0,2,0.0,2.0974694031650814e-05,-2.0974694031650814e-05
tradetools financial market databases,Hard Skill,0,2,0.0,2.0974694031650814e-05,-2.0974694031650814e-05
cognisyst computerized assessment of response bias carb,Hard Skill,0,2,0.0,2.0974694031650814e-05,-2.0974694031650814e-05
coglin mill rodin,Hard Skill,0,2,0.0,2.0974694031650814e-05,-2.0974694031650814e-05
coding database software,Hard Skill,0,2,0.0,2.0974694031650814e-05,-2.0974694031650814e-05
codesys,Hard Skill,0,2,0.0,2.0974694031650814e-05,-2.0974694031650814e-05
commercial vehicle operations cvo software,Hard Skill,0,2,0.0,2.0974694031650814e-05,-2.0974694031650814e-05
commercial plate reader software,Hard Skill,0,2,0.0,2.0974694031650814e-05,-2.0974694031650814e-05
commercial driver's license information system cdlis,Hard Skill,0,2,0.0,2.0974694031650814e-05,-2.0974694031650814e-05
command interpreters,Hard Skill,0,2,0.0,2.0974694031650814e-05,-2.0974694031650814e-05
comchart emr,Hard Skill,0,2,0.0,2.0974694031650814e-05,-2.0974694031650814e-05
logo design software,Hard Skill,0,2,0.0,2.0974694031650814e-05,-2.0974694031650814e-05
logmatrix nervecenter,Hard Skill,0,2,0.0,2.0974694031650814e-05,-2.0974694031650814e-05
logisuite forwarder,Hard Skill,0,2,0.0,2.0974694031650814e-05,-2.0974694031650814e-05
logisuite enterprise,Hard Skill,0,2,0.0,2.0974694031650814e-05,-2.0974694031650814e-05
logisoft positive pos system,Hard Skill,0,2,0.0,2.0974694031650814e-05,-2.0974694031650814e-05
longview solutions khalix,Hard Skill,0,2,0.0,2.0974694031650814e-05,-2.0974694031650814e-05
longview performance management platform,Hard Skill,0,2,0.0,2.0974694031650814e-05,-2.0974694031650814e-05
longview consolidation,Hard Skill,0,2,0.0,2.0974694031650814e-05,-2.0974694031650814e-05
london computer systems rent manager,Hard Skill,0,2,0.0,2.0974694031650814e-05,-2.0974694031650814e-05
rti international sudaan,Hard Skill,0,2,0.0,2.0974694031650814e-05,-2.0974694031650814e-05
rsm mcgladrey auditor assistant,Hard Skill,0,2,0.0,2.0974694031650814e-05,-2.0974694031650814e-05
sage 50 accounting software,Hard Skill,0,2,0.0,2.0974694031650814e-05,-2.0974694031650814e-05
saga practice manager,Hard Skill,0,2,0.0,2.0974694031650814e-05,-2.0974694031650814e-05
safe software fme,Hard Skill,0,2,0.0,2.0974694031650814e-05,-2.0974694031650814e-05
lob retailpoint,Hard Skill,0,2,0.0,2.0974694031650814e-05,-2.0974694031650814e-05
loan application processing software,Hard Skill,0,2,0.0,2.0974694031650814e-05,-2.0974694031650814e-05
logic synthesis software,Hard Skill,0,2,0.0,2.0974694031650814e-05,-2.0974694031650814e-05
logic software easy projects.net,Hard Skill,0,2,0.0,2.0974694031650814e-05,-2.0974694031650814e-05
log book software,Hard Skill,0,2,0.0,2.0974694031650814e-05,-2.0974694031650814e-05
rust programming language,Hard Skill,0,2,0.0,2.0974694031650814e-05,-2.0974694031650814e-05
sage edp payroll tax,Hard Skill,0,2,0.0,2.0974694031650814e-05,-2.0974694031650814e-05
sage construction anywhere,Hard Skill,0,2,0.0,2.0974694031650814e-05,-2.0974694031650814e-05
sage accounting software,Hard Skill,0,2,0.0,2.0974694031650814e-05,-2.0974694031650814e-05
libreoffice,Hard Skill,0,2,0.0,2.0974694031650814e-05,-2.0974694031650814e-05
lexisnexis time matters,Hard Skill,0,2,0.0,2.0974694031650814e-05,-2.0974694031650814e-05
lexisnexis smartlinx,Hard Skill,0,2,0.0,2.0974694031650814e-05,-2.0974694031650814e-05
lightspeed cloud,Hard Skill,0,2,0.0,2.0974694031650814e-05,-2.0974694031650814e-05
life cycle cost software,Hard Skill,0,2,0.0,2.0974694031650814e-05,-2.0974694031650814e-05
license management software,Hard Skill,0,2,0.0,2.0974694031650814e-05,-2.0974694031650814e-05
lion edge technologies ranch manager,Hard Skill,0,2,0.0,2.0974694031650814e-05,-2.0974694031650814e-05
lindo systems optimization modeling software,Hard Skill,0,2,0.0,2.0974694031650814e-05,-2.0974694031650814e-05
comcash erp,Hard Skill,0,2,0.0,2.0974694031650814e-05,-2.0974694031650814e-05
combase,Hard Skill,0,2,0.0,2.0974694031650814e-05,-2.0974694031650814e-05
traceroute,Hard Skill,0,2,0.0,2.0974694031650814e-05,-2.0974694031650814e-05
towers perrin moses,Hard Skill,0,2,0.0,2.0974694031650814e-05,-2.0974694031650814e-05
compilers,Hard Skill,0,2,0.0,2.0974694031650814e-05,-2.0974694031650814e-05
compass software,Hard Skill,0,2,0.0,2.0974694031650814e-05,-2.0974694031650814e-05
comp pro med polytech,Hard Skill,0,2,0.0,2.0974694031650814e-05,-2.0974694031650814e-05
compris advanced manager's workstation,Hard Skill,0,2,0.0,2.0974694031650814e-05,-2.0974694031650814e-05
component-based scalable logical architecture csla,Hard Skill,0,2,0.0,2.0974694031650814e-05,-2.0974694031650814e-05
compliance software,Hard Skill,0,2,0.0,2.0974694031650814e-05,-2.0974694031650814e-05
sales analysis software,Hard Skill,0,2,0.0,2.0974694031650814e-05,-2.0974694031650814e-05
sage timeslips,Hard Skill,0,2,0.0,2.0974694031650814e-05,-2.0974694031650814e-05
sage saleslogix,Hard Skill,0,2,0.0,2.0974694031650814e-05,-2.0974694031650814e-05
sage peachtree premium accounting for manufacturing,Hard Skill,0,2,0.0,2.0974694031650814e-05,-2.0974694031650814e-05
legal files software,Hard Skill,0,2,0.0,2.0974694031650814e-05,-2.0974694031650814e-05
lexisnexis courtlink strategic profiles,Hard Skill,0,2,0.0,2.0974694031650814e-05,-2.0974694031650814e-05
levare center court,Hard Skill,0,2,0.0,2.0974694031650814e-05,-2.0974694031650814e-05
leonardomd renaissance,Hard Skill,0,2,0.0,2.0974694031650814e-05,-2.0974694031650814e-05
sage mas 500,Hard Skill,0,2,0.0,2.0974694031650814e-05,-2.0974694031650814e-05
total quality management tqm software,Hard Skill,0,2,0.0,2.0974694031650814e-05,-2.0974694031650814e-05
tophat,Hard Skill,0,2,0.0,2.0974694031650814e-05,-2.0974694031650814e-05
computant counterpoint,Hard Skill,0,2,0.0,2.0974694031650814e-05,-2.0974694031650814e-05
comput-ability mechanical insulation key estimator,Hard Skill,0,2,0.0,2.0974694031650814e-05,-2.0974694031650814e-05
compugov docketview,Hard Skill,0,2,0.0,2.0974694031650814e-05,-2.0974694031650814e-05
computer assisted mass appraisal cama software,Hard Skill,0,2,0.0,2.0974694031650814e-05,-2.0974694031650814e-05
salesforce marketing cloud,Hard Skill,0,2,0.0,2.0974694031650814e-05,-2.0974694031650814e-05
laserfiche software,Hard Skill,0,2,0.0,2.0974694031650814e-05,-2.0974694031650814e-05
laserfiche avante,Hard Skill,0,2,0.0,2.0974694031650814e-05,-2.0974694031650814e-05
laser imaging detection and ranging lidar system,Hard Skill,0,2,0.0,2.0974694031650814e-05,-2.0974694031650814e-05
learning fundamentals speech visualization,Hard Skill,0,2,0.0,2.0974694031650814e-05,-2.0974694031650814e-05
learn hq activate lms,Hard Skill,0,2,0.0,2.0974694031650814e-05,-2.0974694031650814e-05
lawson erp,Hard Skill,0,2,0.0,2.0974694031650814e-05,-2.0974694031650814e-05
topaz enterprise software suite,Hard Skill,0,2,0.0,2.0974694031650814e-05,-2.0974694031650814e-05
tmw powersuite,Hard Skill,0,2,0.0,2.0974694031650814e-05,-2.0974694031650814e-05
computer graphics software,Hard Skill,0,2,0.0,2.0974694031650814e-05,-2.0974694031650814e-05
computer generated solutions learning management system,Hard Skill,0,2,0.0,2.0974694031650814e-05,-2.0974694031650814e-05
computer forensic software,Hard Skill,0,2,0.0,2.0974694031650814e-05,-2.0974694031650814e-05
computer diagnostic software,Hard Skill,0,2,0.0,2.0974694031650814e-05,-2.0974694031650814e-05
computer associates log analyzer,Hard Skill,0,2,0.0,2.0974694031650814e-05,-2.0974694031650814e-05
tksoftware rcm software,Hard Skill,0,2,0.0,2.0974694031650814e-05,-2.0974694031650814e-05
tips standard securities calculation mortgage-backed analytics module,Hard Skill,0,2,0.0,2.0974694031650814e-05,-2.0974694031650814e-05
tips standard securities calculation bond analytics module,Hard Skill,0,2,0.0,2.0974694031650814e-05,-2.0974694031650814e-05
sap business intelligence,Hard Skill,0,2,0.0,2.0974694031650814e-05,-2.0974694031650814e-05
sap business and customer relations management software,Hard Skill,0,2,0.0,2.0974694031650814e-05,-2.0974694031650814e-05
labsoft labnet,Hard Skill,0,2,0.0,2.0974694031650814e-05,-2.0974694031650814e-05
landfill gas analysis software,Hard Skill,0,2,0.0,2.0974694031650814e-05,-2.0974694031650814e-05
language arts educational software,Hard Skill,0,2,0.0,2.0974694031650814e-05,-2.0974694031650814e-05
language analysis software,Hard Skill,0,2,0.0,2.0974694031650814e-05,-2.0974694031650814e-05
landtec system software lfg pro,Hard Skill,0,2,0.0,2.0974694031650814e-05,-2.0974694031650814e-05
samba,Hard Skill,0,2,0.0,2.0974694031650814e-05,-2.0974694031650814e-05
salix applied earthcare erosion draw,Hard Skill,0,2,0.0,2.0974694031650814e-05,-2.0974694031650814e-05
timevalue software,Hard Skill,0,2,0.0,2.0974694031650814e-05,-2.0974694031650814e-05
computerized indexing systems,Hard Skill,0,2,0.0,2.0974694031650814e-05,-2.0974694031650814e-05
computerized diagnostic software,Hard Skill,0,2,0.0,2.0974694031650814e-05,-2.0974694031650814e-05
computerized bed control system software,Hard Skill,0,2,0.0,2.0974694031650814e-05,-2.0974694031650814e-05
computerized aircraft log manager calm,Hard Skill,0,2,0.0,2.0974694031650814e-05,-2.0974694031650814e-05
computerized time management systems,Hard Skill,0,2,0.0,2.0974694031650814e-05,-2.0974694031650814e-05
computerized physician order entry cpoe software,Hard Skill,0,2,0.0,2.0974694031650814e-05,-2.0974694031650814e-05
computerized inventory tracking software,Hard Skill,0,2,0.0,2.0974694031650814e-05,-2.0974694031650814e-05
sap businessobjects desktop intelligence,Hard Skill,0,2,0.0,2.0974694031650814e-05,-2.0974694031650814e-05
kronos enterprise workforce management,Hard Skill,0,2,0.0,2.0974694031650814e-05,-2.0974694031650814e-05
kotlin,Hard Skill,0,2,0.0,2.0974694031650814e-05,-2.0974694031650814e-05
labeling software,Hard Skill,0,2,0.0,2.0974694031650814e-05,-2.0974694031650814e-05
label-making software,Hard Skill,0,2,0.0,2.0974694031650814e-05,-2.0974694031650814e-05
label printing software,Hard Skill,0,2,0.0,2.0974694031650814e-05,-2.0974694031650814e-05
time and motion analysis software,Hard Skill,0,2,0.0,2.0974694031650814e-05,-2.0974694031650814e-05
tilegem,Hard Skill,0,2,0.0,2.0974694031650814e-05,-2.0974694031650814e-05
concurrency control software,Hard Skill,0,2,0.0,2.0974694031650814e-05,-2.0974694031650814e-05
comsol multiphysics,Hard Skill,0,2,0.0,2.0974694031650814e-05,-2.0974694031650814e-05
conners' continuous performance test ii,Hard Skill,0,2,0.0,2.0974694031650814e-05,-2.0974694031650814e-05
connectivity software,Hard Skill,0,2,0.0,2.0974694031650814e-05,-2.0974694031650814e-05
tickquest neoticker,Hard Skill,0,2,0.0,2.0974694031650814e-05,-2.0974694031650814e-05
tibco spotfire s+,Hard Skill,0,2,0.0,2.0974694031650814e-05,-2.0974694031650814e-05
kentech machine shop software,Hard Skill,0,2,0.0,2.0974694031650814e-05,-2.0974694031650814e-05
kentech kipware trig kalculator,Hard Skill,0,2,0.0,2.0974694031650814e-05,-2.0974694031650814e-05
kentech kipware studio,Hard Skill,0,2,0.0,2.0974694031650814e-05,-2.0974694031650814e-05
kika veracity,Hard Skill,0,2,0.0,2.0974694031650814e-05,-2.0974694031650814e-05
keysight technologies advanced design system,Hard Skill,0,2,0.0,2.0974694031650814e-05,-2.0974694031650814e-05
keypoint datadesk,Hard Skill,0,2,0.0,2.0974694031650814e-05,-2.0974694031650814e-05
kodak dental systems kodak practiceworks practice management software pms,Hard Skill,0,2,0.0,2.0974694031650814e-05,-2.0974694031650814e-05
knmi turbowin,Hard Skill,0,2,0.0,2.0974694031650814e-05,-2.0974694031650814e-05
sap maintenance,Hard Skill,0,2,0.0,2.0974694031650814e-05,-2.0974694031650814e-05
sap erp human capital management,Hard Skill,0,2,0.0,2.0974694031650814e-05,-2.0974694031650814e-05
contract management software,Hard Skill,0,2,0.0,2.0974694031650814e-05,-2.0974694031650814e-05
continuous emission management software,Hard Skill,0,2,0.0,2.0974694031650814e-05,-2.0974694031650814e-05
contact management systems,Hard Skill,0,2,0.0,2.0974694031650814e-05,-2.0974694031650814e-05
cool roof calculator,Hard Skill,0,2,0.0,2.0974694031650814e-05,-2.0974694031650814e-05
corel presentation,Hard Skill,0,2,0.0,2.0974694031650814e-05,-2.0974694031650814e-05
corel photo-paint,Hard Skill,0,2,0.0,2.0974694031650814e-05,-2.0974694031650814e-05
juniper networks netscreen-security manager,Hard Skill,0,2,0.0,2.0974694031650814e-05,-2.0974694031650814e-05
justice systems fullcourt enterprise,Hard Skill,0,2,0.0,2.0974694031650814e-05,-2.0974694031650814e-05
keb combivis studio,Hard Skill,0,2,0.0,2.0974694031650814e-05,-2.0974694031650814e-05
kaypentax multi-speech,Hard Skill,0,2,0.0,2.0974694031650814e-05,-2.0974694031650814e-05
kapes,Hard Skill,0,2,0.0,2.0974694031650814e-05,-2.0974694031650814e-05
sap replication server,Hard Skill,0,2,0.0,2.0974694031650814e-05,-2.0974694031650814e-05
sap powerdesigner,Hard Skill,0,2,0.0,2.0974694031650814e-05,-2.0974694031650814e-05
three-dimensional 3d virtual surgery software,Hard Skill,0,2,0.0,2.0974694031650814e-05,-2.0974694031650814e-05
corporate focus solium shareworks,Hard Skill,0,2,0.0,2.0974694031650814e-05,-2.0974694031650814e-05
cornerstone ondemand cornerstone learning,Hard Skill,0,2,0.0,2.0974694031650814e-05,-2.0974694031650814e-05
corel ventura,Hard Skill,0,2,0.0,2.0974694031650814e-05,-2.0974694031650814e-05
couchbase server,Hard Skill,0,2,0.0,2.0974694031650814e-05,-2.0974694031650814e-05
costguard,Hard Skill,0,2,0.0,2.0974694031650814e-05,-2.0974694031650814e-05
courtroom scheduling software,Hard Skill,0,2,0.0,2.0974694031650814e-05,-2.0974694031650814e-05
thomson reuters endnote,Hard Skill,0,2,0.0,2.0974694031650814e-05,-2.0974694031650814e-05
scantron imaging software,Hard Skill,0,2,0.0,2.0974694031650814e-05,-2.0974694031650814e-05
scansoft naturally speaking,Hard Skill,0,2,0.0,2.0974694031650814e-05,-2.0974694031650814e-05
sbs keystroke,Hard Skill,0,2,0.0,2.0974694031650814e-05,-2.0974694031650814e-05
jetcam,Hard Skill,0,2,0.0,2.0974694031650814e-05,-2.0974694031650814e-05
jetbrains phpstorm,Hard Skill,0,2,0.0,2.0974694031650814e-05,-2.0974694031650814e-05
jenzabar ex,Hard Skill,0,2,0.0,2.0974694031650814e-05,-2.0974694031650814e-05
john deere apex farm management,Hard Skill,0,2,0.0,2.0974694031650814e-05,-2.0974694031650814e-05
jitterbit,Hard Skill,0,2,0.0,2.0974694031650814e-05,-2.0974694031650814e-05
sawtooth ssi web,Hard Skill,0,2,0.0,2.0974694031650814e-05,-2.0974694031650814e-05
thomson reuters elite prolaw,Hard Skill,0,2,0.0,2.0974694031650814e-05,-2.0974694031650814e-05
credit fraud detection software,Hard Skill,0,2,0.0,2.0974694031650814e-05,-2.0974694031650814e-05
credit card processing software,Hard Skill,0,2,0.0,2.0974694031650814e-05,-2.0974694031650814e-05
credit and risk analysis software,Hard Skill,0,2,0.0,2.0974694031650814e-05,-2.0974694031650814e-05
cruisecontrol,Hard Skill,0,2,0.0,2.0974694031650814e-05,-2.0974694031650814e-05
crosstec netop remote control,Hard Skill,0,2,0.0,2.0974694031650814e-05,-2.0974694031650814e-05
css cls-2000,Hard Skill,0,2,0.0,2.0974694031650814e-05,-2.0974694031650814e-05
crystallography software,Hard Skill,0,2,0.0,2.0974694031650814e-05,-2.0974694031650814e-05
thomson endnote,Hard Skill,0,2,0.0,2.0974694031650814e-05,-2.0974694031650814e-05
scc soft computer softlab,Hard Skill,0,2,0.0,2.0974694031650814e-05,-2.0974694031650814e-05
itt exelis visual information solutions envi,Hard Skill,0,2,0.0,2.0974694031650814e-05,-2.0974694031650814e-05
itron enterprise energy management eem suite,Hard Skill,0,2,0.0,2.0974694031650814e-05,-2.0974694031650814e-05
iterum emedic,Hard Skill,0,2,0.0,2.0974694031650814e-05,-2.0974694031650814e-05
itemtracker,Hard Skill,0,2,0.0,2.0974694031650814e-05,-2.0974694031650814e-05
isograph markov,Hard Skill,0,2,0.0,2.0974694031650814e-05,-2.0974694031650814e-05
jail management software,Hard Skill,0,2,0.0,2.0974694031650814e-05,-2.0974694031650814e-05
ivorix neurostrategy finance,Hard Skill,0,2,0.0,2.0974694031650814e-05,-2.0974694031650814e-05
jekyll,Hard Skill,0,2,0.0,2.0974694031650814e-05,-2.0974694031650814e-05
jda manugistics,Hard Skill,0,2,0.0,2.0974694031650814e-05,-2.0974694031650814e-05
javascript framework software,Hard Skill,0,2,0.0,2.0974694031650814e-05,-2.0974694031650814e-05
james frazier associates datastart,Hard Skill,0,2,0.0,2.0974694031650814e-05,-2.0974694031650814e-05
scientific learning fast forword,Hard Skill,0,2,0.0,2.0974694031650814e-05,-2.0974694031650814e-05
schuyler house schuylab,Hard Skill,0,2,0.0,2.0974694031650814e-05,-2.0974694031650814e-05
"ipro restaurant inventory, recipe & menu software",Hard Skill,0,2,0.0,2.0974694031650814e-05,-2.0974694031650814e-05
schematic design entry software,Hard Skill,0,2,0.0,2.0974694031650814e-05,-2.0974694031650814e-05
cufflinks,Hard Skill,0,2,0.0,2.0974694031650814e-05,-2.0974694031650814e-05
ct summation iblaze,Hard Skill,0,2,0.0,2.0974694031650814e-05,-2.0974694031650814e-05
customer expressions i-sight,Hard Skill,0,2,0.0,2.0974694031650814e-05,-2.0974694031650814e-05
custom software systems starlab,Hard Skill,0,2,0.0,2.0974694031650814e-05,-2.0974694031650814e-05
custom data systems sterling management software,Hard Skill,0,2,0.0,2.0974694031650814e-05,-2.0974694031650814e-05
cyma iv accounting for windows,Hard Skill,0,2,0.0,2.0974694031650814e-05,-2.0974694031650814e-05
cybersoft nutribase,Hard Skill,0,2,0.0,2.0974694031650814e-05,-2.0974694031650814e-05
cyberark,Hard Skill,0,2,0.0,2.0974694031650814e-05,-2.0974694031650814e-05
cyber records medichart express,Hard Skill,0,2,0.0,2.0974694031650814e-05,-2.0974694031650814e-05
theramanager,Hard Skill,0,2,0.0,2.0974694031650814e-05,-2.0974694031650814e-05
the voice learning edition,Hard Skill,0,2,0.0,2.0974694031650814e-05,-2.0974694031650814e-05
dartfish prosuite,Hard Skill,0,2,0.0,2.0974694031650814e-05,-2.0974694031650814e-05
dailyvest investment personalization platform,Hard Skill,0,2,0.0,2.0974694031650814e-05,-2.0974694031650814e-05
internet or intranet image distribution software,Hard Skill,0,2,0.0,2.0974694031650814e-05,-2.0974694031650814e-05
intuit proseries,Hard Skill,0,2,0.0,2.0974694031650814e-05,-2.0974694031650814e-05
intrax procedurenet,Hard Skill,0,2,0.0,2.0974694031650814e-05,-2.0974694031650814e-05
interwoven software,Hard Skill,0,2,0.0,2.0974694031650814e-05,-2.0974694031650814e-05
inventory control systems,Hard Skill,0,2,0.0,2.0974694031650814e-05,-2.0974694031650814e-05
cytel statxact,Hard Skill,0,2,0.0,2.0974694031650814e-05,-2.0974694031650814e-05
data dictionary software,Hard Skill,0,2,0.0,2.0974694031650814e-05,-2.0974694031650814e-05
data conversion software,Hard Skill,0,2,0.0,2.0974694031650814e-05,-2.0974694031650814e-05
the tova company test of variables of attention,Hard Skill,0,2,0.0,2.0974694031650814e-05,-2.0974694031650814e-05
the retail solution,Hard Skill,0,2,0.0,2.0974694031650814e-05,-2.0974694031650814e-05
the omni group omniplan,Hard Skill,0,2,0.0,2.0974694031650814e-05,-2.0974694031650814e-05
the nutrition company foodworks,Hard Skill,0,2,0.0,2.0974694031650814e-05,-2.0974694031650814e-05
data mapping software,Hard Skill,0,2,0.0,2.0974694031650814e-05,-2.0974694031650814e-05
data logger software,Hard Skill,0,2,0.0,2.0974694031650814e-05,-2.0974694031650814e-05
database design software,Hard Skill,0,2,0.0,2.0974694031650814e-05,-2.0974694031650814e-05
database cloning software,Hard Skill,0,2,0.0,2.0974694031650814e-05,-2.0974694031650814e-05
database capacity planning software,Hard Skill,0,2,0.0,2.0974694031650814e-05,-2.0974694031650814e-05
database application software,Hard Skill,0,2,0.0,2.0974694031650814e-05,-2.0974694031650814e-05
data warehouse software,Hard Skill,0,2,0.0,2.0974694031650814e-05,-2.0974694031650814e-05
data validation software,Hard Skill,0,2,0.0,2.0974694031650814e-05,-2.0974694031650814e-05
scientific software group filter drain fd,Hard Skill,0,2,0.0,2.0974694031650814e-05,-2.0974694031650814e-05
scientific software group feflow,Hard Skill,0,2,0.0,2.0974694031650814e-05,-2.0974694031650814e-05
intelligent information conversion technologies meritscholar,Hard Skill,0,2,0.0,2.0974694031650814e-05,-2.0974694031650814e-05
intelladon enterprise knowledge platform ekp,Hard Skill,0,2,0.0,2.0974694031650814e-05,-2.0974694031650814e-05
interactive psychological evaluation software,Hard Skill,0,2,0.0,2.0974694031650814e-05,-2.0974694031650814e-05
intellum rollbook,Hard Skill,0,2,0.0,2.0974694031650814e-05,-2.0974694031650814e-05
intellitrack warehouse management system (wms),Hard Skill,0,2,0.0,2.0974694031650814e-05,-2.0974694031650814e-05
intellitrack 3pl,Hard Skill,0,2,0.0,2.0974694031650814e-05,-2.0974694031650814e-05
intellitax financial solutions software,Hard Skill,0,2,0.0,2.0974694031650814e-05,-2.0974694031650814e-05
interlock shutdown systems,Hard Skill,0,2,0.0,2.0974694031650814e-05,-2.0974694031650814e-05
intergraph mge,Hard Skill,0,2,0.0,2.0974694031650814e-05,-2.0974694031650814e-05
intergraph imagestation stereo softcopy kit ssk,Hard Skill,0,2,0.0,2.0974694031650814e-05,-2.0974694031650814e-05
interenergy software building energy analyzer pro,Hard Skill,0,2,0.0,2.0974694031650814e-05,-2.0974694031650814e-05
interactive voice response software,Hard Skill,0,2,0.0,2.0974694031650814e-05,-2.0974694031650814e-05
innovative interfaces millennium,Hard Skill,0,2,0.0,2.0974694031650814e-05,-2.0974694031650814e-05
instructional software,Hard Skill,0,2,0.0,2.0974694031650814e-05,-2.0974694031650814e-05
inspired elearning ilms,Hard Skill,0,2,0.0,2.0974694031650814e-05,-2.0974694031650814e-05
integra radionics neurosight arc,Hard Skill,0,2,0.0,2.0974694031650814e-05,-2.0974694031650814e-05
insurance rating software,Hard Skill,0,2,0.0,2.0974694031650814e-05,-2.0974694031650814e-05
integrated systems management omnimd,Hard Skill,0,2,0.0,2.0974694031650814e-05,-2.0974694031650814e-05
scientific software group migrate,Hard Skill,0,2,0.0,2.0974694031650814e-05,-2.0974694031650814e-05
scientific software group infinite extent,Hard Skill,0,2,0.0,2.0974694031650814e-05,-2.0974694031650814e-05
data transformation services dts software,Hard Skill,0,2,0.0,2.0974694031650814e-05,-2.0974694031650814e-05
the mathworks simbiology,Hard Skill,0,2,0.0,2.0974694031650814e-05,-2.0974694031650814e-05
the mathworks real-time workshop,Hard Skill,0,2,0.0,2.0974694031650814e-05,-2.0974694031650814e-05
the human equation insite lms,Hard Skill,0,2,0.0,2.0974694031650814e-05,-2.0974694031650814e-05
the gordian group progen online,Hard Skill,0,2,0.0,2.0974694031650814e-05,-2.0974694031650814e-05
datadescription datadesk,Hard Skill,0,2,0.0,2.0974694031650814e-05,-2.0974694031650814e-05
databox,Hard Skill,0,2,0.0,2.0974694031650814e-05,-2.0974694031650814e-05
database testing software,Hard Skill,0,2,0.0,2.0974694031650814e-05,-2.0974694031650814e-05
database security software,Hard Skill,0,2,0.0,2.0974694031650814e-05,-2.0974694031650814e-05
textile management systems rollmaster,Hard Skill,0,2,0.0,2.0974694031650814e-05,-2.0974694031650814e-05
textco biosoftware gene inspector,Hard Skill,0,2,0.0,2.0974694031650814e-05,-2.0974694031650814e-05
infor ssa human capital management,Hard Skill,0,2,0.0,2.0974694031650814e-05,-2.0974694031650814e-05
infor lawson supply chain management,Hard Skill,0,2,0.0,2.0974694031650814e-05,-2.0974694031650814e-05
scientific software international lisrel,Hard Skill,0,2,0.0,2.0974694031650814e-05,-2.0974694031650814e-05
scientific software group svheat,Hard Skill,0,2,0.0,2.0974694031650814e-05,-2.0974694031650814e-05
inforsense inforsense,Hard Skill,0,2,0.0,2.0974694031650814e-05,-2.0974694031650814e-05
informed ems field guide,Hard Skill,0,2,0.0,2.0974694031650814e-05,-2.0974694031650814e-05
information resource products clinical coding expert,Hard Skill,0,2,0.0,2.0974694031650814e-05,-2.0974694031650814e-05
information presentation software,Hard Skill,0,2,0.0,2.0974694031650814e-05,-2.0974694031650814e-05
innova financial solutions derivatives expert,Hard Skill,0,2,0.0,2.0974694031650814e-05,-2.0974694031650814e-05
inmagic textworks,Hard Skill,0,2,0.0,2.0974694031650814e-05,-2.0974694031650814e-05
inkscape,Hard Skill,0,2,0.0,2.0974694031650814e-05,-2.0974694031650814e-05
insight software my vision express,Hard Skill,0,2,0.0,2.0974694031650814e-05,-2.0974694031650814e-05
scikit-learn,Hard Skill,0,2,0.0,2.0974694031650814e-05,-2.0974694031650814e-05
infocorp softwear/pos,Hard Skill,0,2,0.0,2.0974694031650814e-05,-2.0974694031650814e-05
infocorp computer solutions $mart system,Hard Skill,0,2,0.0,2.0974694031650814e-05,-2.0974694031650814e-05
infinity qs proficient,Hard Skill,0,2,0.0,2.0974694031650814e-05,-2.0974694031650814e-05
inetsoft,Hard Skill,0,2,0.0,2.0974694031650814e-05,-2.0974694031650814e-05
information builders webfocus,Hard Skill,0,2,0.0,2.0974694031650814e-05,-2.0974694031650814e-05
informatica powercenter,Hard Skill,0,2,0.0,2.0974694031650814e-05,-2.0974694031650814e-05
informatica big data,Hard Skill,0,2,0.0,2.0974694031650814e-05,-2.0974694031650814e-05
text scanning software,Hard Skill,0,2,0.0,2.0974694031650814e-05,-2.0974694031650814e-05
text mining software,Hard Skill,0,2,0.0,2.0974694031650814e-05,-2.0974694031650814e-05
tetrahex fractal finance,Hard Skill,0,2,0.0,2.0974694031650814e-05,-2.0974694031650814e-05
datasym symfinite,Hard Skill,0,2,0.0,2.0974694031650814e-05,-2.0974694031650814e-05
datasurge geopro,Hard Skill,0,2,0.0,2.0974694031650814e-05,-2.0974694031650814e-05
daystar istructural.com,Hard Skill,0,2,0.0,2.0974694031650814e-05,-2.0974694031650814e-05
daysmart software salon iris,Hard Skill,0,2,0.0,2.0974694031650814e-05,-2.0974694031650814e-05
davinci resolve,Hard Skill,0,2,0.0,2.0974694031650814e-05,-2.0974694031650814e-05
dataxiom statmost,Hard Skill,0,2,0.0,2.0974694031650814e-05,-2.0974694031650814e-05
test routing software,Hard Skill,0,2,0.0,2.0974694031650814e-05,-2.0974694031650814e-05
illumina laboratory information management system lims,Hard Skill,0,2,0.0,2.0974694031650814e-05,-2.0974694031650814e-05
imagic restaurant reservation,Hard Skill,0,2,0.0,2.0974694031650814e-05,-2.0974694031650814e-05
image-guided surgery software,Hard Skill,0,2,0.0,2.0974694031650814e-05,-2.0974694031650814e-05
image processing systems,Hard Skill,0,2,0.0,2.0974694031650814e-05,-2.0974694031650814e-05
index tuning software,Hard Skill,0,2,0.0,2.0974694031650814e-05,-2.0974694031650814e-05
incident tracking software,Hard Skill,0,2,0.0,2.0974694031650814e-05,-2.0974694031650814e-05
scriptella,Hard Skill,0,2,0.0,2.0974694031650814e-05,-2.0974694031650814e-05
scribus,Hard Skill,0,2,0.0,2.0974694031650814e-05,-2.0974694031650814e-05
test result delivery software,Hard Skill,0,2,0.0,2.0974694031650814e-05,-2.0974694031650814e-05
test interpretation software,Hard Skill,0,2,0.0,2.0974694031650814e-05,-2.0974694031650814e-05
test data generator software,Hard Skill,0,2,0.0,2.0974694031650814e-05,-2.0974694031650814e-05
terrasolid terrascan,Hard Skill,0,2,0.0,2.0974694031650814e-05,-2.0974694031650814e-05
dealmaven preslink for powerpoint and word,Hard Skill,0,2,0.0,2.0974694031650814e-05,-2.0974694031650814e-05
dealmaven modeling toolpack for excel,Hard Skill,0,2,0.0,2.0974694031650814e-05,-2.0974694031650814e-05
dealmaven m&a accretion/dilution one-pager,Hard Skill,0,2,0.0,2.0974694031650814e-05,-2.0974694031650814e-05
dealmaven comparable company valuation analysis,Hard Skill,0,2,0.0,2.0974694031650814e-05,-2.0974694031650814e-05
teradata active enterprise data warehouse,Hard Skill,0,2,0.0,2.0974694031650814e-05,-2.0974694031650814e-05
securities analysis software,Hard Skill,0,2,0.0,2.0974694031650814e-05,-2.0974694031650814e-05
secure shell ssh software,Hard Skill,0,2,0.0,2.0974694031650814e-05,-2.0974694031650814e-05
idx systems idxtend,Hard Skill,0,2,0.0,2.0974694031650814e-05,-2.0974694031650814e-05
idexx laboratories idexx cornerstone,Hard Skill,0,2,0.0,2.0974694031650814e-05,-2.0974694031650814e-05
ics learning group inquisiq ex,Hard Skill,0,2,0.0,2.0974694031650814e-05,-2.0974694031650814e-05
ikonami at-learning tool,Hard Skill,0,2,0.0,2.0974694031650814e-05,-2.0974694031650814e-05
seattle systems shapemaker,Hard Skill,0,2,0.0,2.0974694031650814e-05,-2.0974694031650814e-05
seacoast laboratory data systems surroundlab plus,Hard Skill,0,2,0.0,2.0974694031650814e-05,-2.0974694031650814e-05
dechant consulting services iwitness,Hard Skill,0,2,0.0,2.0974694031650814e-05,-2.0974694031650814e-05
debuggers,Hard Skill,0,2,0.0,2.0974694031650814e-05,-2.0974694031650814e-05
delivery routing system drs,Hard Skill,0,2,0.0,2.0974694031650814e-05,-2.0974694031650814e-05
delft geosystems mstab,Hard Skill,0,2,0.0,2.0974694031650814e-05,-2.0974694031650814e-05
teleradiology systems,Hard Skill,0,2,0.0,2.0974694031650814e-05,-2.0974694031650814e-05
dental intra-oral imaging software,Hard Skill,0,2,0.0,2.0974694031650814e-05,-2.0974694031650814e-05
seismic micro-technology kingdom,Hard Skill,0,2,0.0,2.0974694031650814e-05,-2.0974694031650814e-05
ibm spss amos,Hard Skill,0,2,0.0,2.0974694031650814e-05,-2.0974694031650814e-05
ibm rational robot,Hard Skill,0,2,0.0,2.0974694031650814e-05,-2.0974694031650814e-05
ichartplus,Hard Skill,0,2,0.0,2.0974694031650814e-05,-2.0974694031650814e-05
ibm z/os operating systems,Hard Skill,0,2,0.0,2.0974694031650814e-05,-2.0974694031650814e-05
dental imaging software,Hard Skill,0,2,0.0,2.0974694031650814e-05,-2.0974694031650814e-05
dental digital radiology software,Hard Skill,0,2,0.0,2.0974694031650814e-05,-2.0974694031650814e-05
dental clinical records software,Hard Skill,0,2,0.0,2.0974694031650814e-05,-2.0974694031650814e-05
dental charting software,Hard Skill,0,2,0.0,2.0974694031650814e-05,-2.0974694031650814e-05
designbuilder software designbuilder,Hard Skill,0,2,0.0,2.0974694031650814e-05,-2.0974694031650814e-05
desco esc,Hard Skill,0,2,0.0,2.0974694031650814e-05,-2.0974694031650814e-05
derivatives imagine trading system,Hard Skill,0,2,0.0,2.0974694031650814e-05,-2.0974694031650814e-05
devwave estimate works,Hard Skill,0,2,0.0,2.0974694031650814e-05,-2.0974694031650814e-05
servicemax,Hard Skill,0,2,0.0,2.0974694031650814e-05,-2.0974694031650814e-05
serif drawplus,Hard Skill,0,2,0.0,2.0974694031650814e-05,-2.0974694031650814e-05
sentryone sql sentry,Hard Skill,0,2,0.0,2.0974694031650814e-05,-2.0974694031650814e-05
ibm rational data architect,Hard Skill,0,2,0.0,2.0974694031650814e-05,-2.0974694031650814e-05
ibm rational build forge,Hard Skill,0,2,0.0,2.0974694031650814e-05,-2.0974694031650814e-05
semicron systems,Hard Skill,0,2,0.0,2.0974694031650814e-05,-2.0974694031650814e-05
telania eleap learning management system lms/lcms,Hard Skill,0,2,0.0,2.0974694031650814e-05,-2.0974694031650814e-05
teksoft camworks,Hard Skill,0,2,0.0,2.0974694031650814e-05,-2.0974694031650814e-05
tekla software,Hard Skill,0,2,0.0,2.0974694031650814e-05,-2.0974694031650814e-05
techsmith snagit,Hard Skill,0,2,0.0,2.0974694031650814e-05,-2.0974694031650814e-05
digichart ob-gyn,Hard Skill,0,2,0.0,2.0974694031650814e-05,-2.0974694031650814e-05
dietmaster systems dietmaster,Hard Skill,0,2,0.0,2.0974694031650814e-05,-2.0974694031650814e-05
diagnostic image review software,Hard Skill,0,2,0.0,2.0974694031650814e-05,-2.0974694031650814e-05
dhi water and environment mike she,Hard Skill,0,2,0.0,2.0974694031650814e-05,-2.0974694031650814e-05
dhi mike urban,Hard Skill,0,2,0.0,2.0974694031650814e-05,-2.0974694031650814e-05
techonsoftware hazmatce pro,Hard Skill,0,2,0.0,2.0974694031650814e-05,-2.0974694031650814e-05
techniques.org knowledgeworks lms,Hard Skill,0,2,0.0,2.0974694031650814e-05,-2.0974694031650814e-05
ibm adstar,Hard Skill,0,2,0.0,2.0974694031650814e-05,-2.0974694031650814e-05
iatric systems mobilab,Hard Skill,0,2,0.0,2.0974694031650814e-05,-2.0974694031650814e-05
ibm filenet content manager,Hard Skill,0,2,0.0,2.0974694031650814e-05,-2.0974694031650814e-05
ibm digital analytics,Hard Skill,0,2,0.0,2.0974694031650814e-05,-2.0974694031650814e-05
ibm costimater,Hard Skill,0,2,0.0,2.0974694031650814e-05,-2.0974694031650814e-05
ibm lotus approach,Hard Skill,0,2,0.0,2.0974694031650814e-05,-2.0974694031650814e-05
ibm iseries access,Hard Skill,0,2,0.0,2.0974694031650814e-05,-2.0974694031650814e-05
ibm interactive system productivity facility ispf,Hard Skill,0,2,0.0,2.0974694031650814e-05,-2.0974694031650814e-05
techhackers swap @nalyst,Hard Skill,0,2,0.0,2.0974694031650814e-05,-2.0974694031650814e-05
techhackers mbs @nalyst,Hard Skill,0,2,0.0,2.0974694031650814e-05,-2.0974694031650814e-05
techhackers iro @nalyst,Hard Skill,0,2,0.0,2.0974694031650814e-05,-2.0974694031650814e-05
digital equipment corporation digital fortran 90,Hard Skill,0,2,0.0,2.0974694031650814e-05,-2.0974694031650814e-05
digital dispatch,Hard Skill,0,2,0.0,2.0974694031650814e-05,-2.0974694031650814e-05
digital contract software,Hard Skill,0,2,0.0,2.0974694031650814e-05,-2.0974694031650814e-05
digitools roof cad,Hard Skill,0,2,0.0,2.0974694031650814e-05,-2.0974694031650814e-05
digital mapping software,Hard Skill,0,2,0.0,2.0974694031650814e-05,-2.0974694031650814e-05
digital image management solutions crime scene,Hard Skill,0,2,0.0,2.0974694031650814e-05,-2.0974694031650814e-05
techhackers financial @nalyst,Hard Skill,0,2,0.0,2.0974694031650814e-05,-2.0974694031650814e-05
techhackers exotic @nalyst,Hard Skill,0,2,0.0,2.0974694031650814e-05,-2.0974694031650814e-05
techhackers credit @nalyst,Hard Skill,0,2,0.0,2.0974694031650814e-05,-2.0974694031650814e-05
techhackers convertible bond @nalyst,Hard Skill,0,2,0.0,2.0974694031650814e-05,-2.0974694031650814e-05
showing suite real estate software,Hard Skill,0,2,0.0,2.0974694031650814e-05,-2.0974694031650814e-05
hyperion enterprise,Hard Skill,0,2,0.0,2.0974694031650814e-05,-2.0974694031650814e-05
hydrocad software solutions hydrocad stormwater modeling system,Hard Skill,0,2,0.0,2.0974694031650814e-05,-2.0974694031650814e-05
i-flex solutions reveleus investment performance measurement,Hard Skill,0,2,0.0,2.0974694031650814e-05,-2.0974694031650814e-05
hypertox,Hard Skill,0,2,0.0,2.0974694031650814e-05,-2.0974694031650814e-05
ibm cognos,Hard Skill,0,2,0.0,2.0974694031650814e-05,-2.0974694031650814e-05
ibm catia,Hard Skill,0,2,0.0,2.0974694031650814e-05,-2.0974694031650814e-05
tebis computer aided design software,Hard Skill,0,2,0.0,2.0974694031650814e-05,-2.0974694031650814e-05
tax planning software,Hard Skill,0,2,0.0,2.0974694031650814e-05,-2.0974694031650814e-05
discrete event simulation software,Hard Skill,0,2,0.0,2.0974694031650814e-05,-2.0974694031650814e-05
distributed database management software,Hard Skill,0,2,0.0,2.0974694031650814e-05,-2.0974694031650814e-05
disk operating system dos,Hard Skill,0,2,0.0,2.0974694031650814e-05,-2.0974694031650814e-05
tanner eda l-edit,Hard Skill,0,2,0.0,2.0974694031650814e-05,-2.0974694031650814e-05
tanium software,Hard Skill,0,2,0.0,2.0974694031650814e-05,-2.0974694031650814e-05
siemens soarian financials,Hard Skill,0,2,0.0,2.0974694031650814e-05,-2.0974694031650814e-05
siemens simatic wincc,Hard Skill,0,2,0.0,2.0974694031650814e-05,-2.0974694031650814e-05
siemens simatic step 7,Hard Skill,0,2,0.0,2.0974694031650814e-05,-2.0974694031650814e-05
hydraulic modeling software,Hard Skill,0,2,0.0,2.0974694031650814e-05,-2.0974694031650814e-05
hvac tools software,Hard Skill,0,2,0.0,2.0974694031650814e-05,-2.0974694031650814e-05
humidity and vapor drive calculation software,Hard Skill,0,2,0.0,2.0974694031650814e-05,-2.0974694031650814e-05
humanic design human resources management system,Hard Skill,0,2,0.0,2.0974694031650814e-05,-2.0974694031650814e-05
siemens novius lab,Hard Skill,0,2,0.0,2.0974694031650814e-05,-2.0974694031650814e-05
dos shell script,Hard Skill,0,2,0.0,2.0974694031650814e-05,-2.0974694031650814e-05
dominknow learning center,Hard Skill,0,2,0.0,2.0974694031650814e-05,-2.0974694031650814e-05
domin-8 enterprise solutions tenant pro,Hard Skill,0,2,0.0,2.0974694031650814e-05,-2.0974694031650814e-05
dolphin imaging & management solutions dolphin management,Hard Skill,0,2,0.0,2.0974694031650814e-05,-2.0974694031650814e-05
docutrac quicdoc,Hard Skill,0,2,0.0,2.0974694031650814e-05,-2.0974694031650814e-05
docusign esignature,Hard Skill,0,2,0.0,2.0974694031650814e-05,-2.0974694031650814e-05
doxstor flight level logbook,Hard Skill,0,2,0.0,2.0974694031650814e-05,-2.0974694031650814e-05
dowling associates traffix,Hard Skill,0,2,0.0,2.0974694031650814e-05,-2.0974694031650814e-05
talend open studio,Hard Skill,0,2,0.0,2.0974694031650814e-05,-2.0974694031650814e-05
sierra scientific software cris,Hard Skill,0,2,0.0,2.0974694031650814e-05,-2.0974694031650814e-05
hit software allora,Hard Skill,0,2,0.0,2.0974694031650814e-05,-2.0974694031650814e-05
hospitality control solutions aloha point-of-sale,Hard Skill,0,2,0.0,2.0974694031650814e-05,-2.0974694031650814e-05
honeypot,Hard Skill,0,2,0.0,2.0974694031650814e-05,-2.0974694031650814e-05
home energy efficient design heed,Hard Skill,0,2,0.0,2.0974694031650814e-05,-2.0974694031650814e-05
holt systems emedrec,Hard Skill,0,2,0.0,2.0974694031650814e-05,-2.0974694031650814e-05
hp webinspect,Hard Skill,0,2,0.0,2.0974694031650814e-05,-2.0974694031650814e-05
hp trim,Hard Skill,0,2,0.0,2.0974694031650814e-05,-2.0974694031650814e-05
hp dataprotector,Hard Skill,0,2,0.0,2.0974694031650814e-05,-2.0974694031650814e-05
hp autonomy teamsite,Hard Skill,0,2,0.0,2.0974694031650814e-05,-2.0974694031650814e-05
hp 49g+ appraiser fee calculator,Hard Skill,0,2,0.0,2.0974694031650814e-05,-2.0974694031650814e-05
siemens soarian scheduling,Hard Skill,0,2,0.0,2.0974694031650814e-05,-2.0974694031650814e-05
heron crosstie general ledger,Hard Skill,0,2,0.0,2.0974694031650814e-05,-2.0974694031650814e-05
henry schein easy dental,Hard Skill,0,2,0.0,2.0974694031650814e-05,-2.0974694031650814e-05
henry schein dentalvision professional,Hard Skill,0,2,0.0,2.0974694031650814e-05,-2.0974694031650814e-05
high school scheduling and transcript hsst,Hard Skill,0,2,0.0,2.0974694031650814e-05,-2.0974694031650814e-05
hierarchical simulation program with integrated circuit emphasis hspice,Hard Skill,0,2,0.0,2.0974694031650814e-05,-2.0974694031650814e-05
hexagon metrology pc-dmis,Hard Skill,0,2,0.0,2.0974694031650814e-05,-2.0974694031650814e-05
hexagon intergraph,Hard Skill,0,2,0.0,2.0974694031650814e-05,-2.0974694031650814e-05
hex laboratory systems lab/hex,Hard Skill,0,2,0.0,2.0974694031650814e-05,-2.0974694031650814e-05
hewlett-packard hp network node manager,Hard Skill,0,2,0.0,2.0974694031650814e-05,-2.0974694031650814e-05
signal analysis software,Hard Skill,0,2,0.0,2.0974694031650814e-05,-2.0974694031650814e-05
sigmund software sigmund enterprise management,Hard Skill,0,2,0.0,2.0974694031650814e-05,-2.0974694031650814e-05
drug coding software,Hard Skill,0,2,0.0,2.0974694031650814e-05,-2.0974694031650814e-05
drg grouping software,Hard Skill,0,2,0.0,2.0974694031650814e-05,-2.0974694031650814e-05
dun and bradstreet global decisionmaker,Hard Skill,0,2,0.0,2.0974694031650814e-05,-2.0974694031650814e-05
dsn software oral surgery-exec,Hard Skill,0,2,0.0,2.0974694031650814e-05,-2.0974694031650814e-05
drug database software,Hard Skill,0,2,0.0,2.0974694031650814e-05,-2.0974694031650814e-05
dzs software solutions clinplus,Hard Skill,0,2,0.0,2.0974694031650814e-05,-2.0974694031650814e-05
dynix digital library,Hard Skill,0,2,0.0,2.0974694031650814e-05,-2.0974694031650814e-05
dynamic modeling software,Hard Skill,0,2,0.0,2.0974694031650814e-05,-2.0974694031650814e-05
dynamic host configuration protocol dhcp,Hard Skill,0,2,0.0,2.0974694031650814e-05,-2.0974694031650814e-05
sirsidynix symphony,Hard Skill,0,2,0.0,2.0974694031650814e-05,-2.0974694031650814e-05
simultaneous location and mapping slam,Hard Skill,0,2,0.0,2.0974694031650814e-05,-2.0974694031650814e-05
hematology laboratory workflow management software,Hard Skill,0,2,0.0,2.0974694031650814e-05,-2.0974694031650814e-05
healthvision tdsynergy lis,Hard Skill,0,2,0.0,2.0974694031650814e-05,-2.0974694031650814e-05
simple api for xml sax,Hard Skill,0,2,0.0,2.0974694031650814e-05,-2.0974694031650814e-05
hewlett packard quicktest professional,Hard Skill,0,2,0.0,2.0974694031650814e-05,-2.0974694031650814e-05
systems and data disaster recovery software,Hard Skill,0,2,0.0,2.0974694031650814e-05,-2.0974694031650814e-05
systems and applications migration software,Hard Skill,0,2,0.0,2.0974694031650814e-05,-2.0974694031650814e-05
systems analysis programs for hands on integrated reliability evaluation software saphire,Hard Skill,0,2,0.0,2.0974694031650814e-05,-2.0974694031650814e-05
system3 pos software,Hard Skill,0,2,0.0,2.0974694031650814e-05,-2.0974694031650814e-05
eagle point landcadd,Hard Skill,0,2,0.0,2.0974694031650814e-05,-2.0974694031650814e-05
e-mds topse&m coder,Hard Skill,0,2,0.0,2.0974694031650814e-05,-2.0974694031650814e-05
e-mds topschart,Hard Skill,0,2,0.0,2.0974694031650814e-05,-2.0974694031650814e-05
e-mds bill,Hard Skill,0,2,0.0,2.0974694031650814e-05,-2.0974694031650814e-05
skylog services skylog pro,Hard Skill,0,2,0.0,2.0974694031650814e-05,-2.0974694031650814e-05
skillsoft skillport,Hard Skill,0,2,0.0,2.0974694031650814e-05,-2.0974694031650814e-05
hashicorp vagrant,Hard Skill,0,2,0.0,2.0974694031650814e-05,-2.0974694031650814e-05
harvard graphics,Hard Skill,0,2,0.0,2.0974694031650814e-05,-2.0974694031650814e-05
healthline systems eyecom,Hard Skill,0,2,0.0,2.0974694031650814e-05,-2.0974694031650814e-05
health care data healthprobe,Hard Skill,0,2,0.0,2.0974694031650814e-05,-2.0974694031650814e-05
sitecore cms,Hard Skill,0,2,0.0,2.0974694031650814e-05,-2.0974694031650814e-05
sitecomp survey,Hard Skill,0,2,0.0,2.0974694031650814e-05,-2.0974694031650814e-05
site remediation management software,Hard Skill,0,2,0.0,2.0974694031650814e-05,-2.0974694031650814e-05
syscon court clerk,Hard Skill,0,2,0.0,2.0974694031650814e-05,-2.0974694031650814e-05
easycad iris 2d,Hard Skill,0,2,0.0,2.0974694031650814e-05,-2.0974694031650814e-05
easy dispatch,Hard Skill,0,2,0.0,2.0974694031650814e-05,-2.0974694031650814e-05
ecredit enterprise,Hard Skill,0,2,0.0,2.0974694031650814e-05,-2.0974694031650814e-05
economic forecasting software,Hard Skill,0,2,0.0,2.0974694031650814e-05,-2.0974694031650814e-05
economic analysis group eag casetrack,Hard Skill,0,2,0.0,2.0974694031650814e-05,-2.0974694031650814e-05
ecological risk assessment software,Hard Skill,0,2,0.0,2.0974694031650814e-05,-2.0974694031650814e-05
ecologic adam indoor air quality and analytical data management,Hard Skill,0,2,0.0,2.0974694031650814e-05,-2.0974694031650814e-05
synopsys hspice,Hard Skill,0,2,0.0,2.0974694031650814e-05,-2.0974694031650814e-05
synopsys design compiler,Hard Skill,0,2,0.0,2.0974694031650814e-05,-2.0974694031650814e-05
guardian rfid,Hard Skill,0,2,0.0,2.0974694031650814e-05,-2.0974694031650814e-05
halogen epraisal,Hard Skill,0,2,0.0,2.0974694031650814e-05,-2.0974694031650814e-05
halogen e360,Hard Skill,0,2,0.0,2.0974694031650814e-05,-2.0974694031650814e-05
skyscape rosen and barkin's 5-minute emergency medicine consult,Hard Skill,0,2,0.0,2.0974694031650814e-05,-2.0974694031650814e-05
skyscape medical software,Hard Skill,0,2,0.0,2.0974694031650814e-05,-2.0974694031650814e-05
skyscape anesthesiadrugs,Hard Skill,0,2,0.0,2.0974694031650814e-05,-2.0974694031650814e-05
sync essentials trade accountant,Hard Skill,0,2,0.0,2.0974694031650814e-05,-2.0974694031650814e-05
synapse outspoken,Hard Skill,0,2,0.0,2.0974694031650814e-05,-2.0974694031650814e-05
eedo knowledgeware eedo force ten,Hard Skill,0,2,0.0,2.0974694031650814e-05,-2.0974694031650814e-05
edimis anesthesia manager,Hard Skill,0,2,0.0,2.0974694031650814e-05,-2.0974694031650814e-05
ehs carerevolution,Hard Skill,0,2,0.0,2.0974694031650814e-05,-2.0974694031650814e-05
smsi twister data integrator,Hard Skill,0,2,0.0,2.0974694031650814e-05,-2.0974694031650814e-05
smartsheet,Hard Skill,0,2,0.0,2.0974694031650814e-05,-2.0974694031650814e-05
grid generation software,Hard Skill,0,2,0.0,2.0974694031650814e-05,-2.0974694031650814e-05
grid analysis and display system grads,Hard Skill,0,2,0.0,2.0974694031650814e-05,-2.0974694031650814e-05
greenway medical technologies primechart,Hard Skill,0,2,0.0,2.0974694031650814e-05,-2.0974694031650814e-05
greenway health primesuite,Hard Skill,0,2,0.0,2.0974694031650814e-05,-2.0974694031650814e-05
greenhouse gas management software,Hard Skill,0,2,0.0,2.0974694031650814e-05,-2.0974694031650814e-05
greenbrier graphics deed plotter,Hard Skill,0,2,0.0,2.0974694031650814e-05,-2.0974694031650814e-05
smartbear software automatedqa testcomplete,Hard Skill,0,2,0.0,2.0974694031650814e-05,-2.0974694031650814e-05
efftec efftrack,Hard Skill,0,2,0.0,2.0974694031650814e-05,-2.0974694031650814e-05
symetric sciences symetric,Hard Skill,0,2,0.0,2.0974694031650814e-05,-2.0974694031650814e-05
symantec norton utilities,Hard Skill,0,2,0.0,2.0974694031650814e-05,-2.0974694031650814e-05
electronic aircraft information databases,Hard Skill,0,2,0.0,2.0974694031650814e-05,-2.0974694031650814e-05
elearningforce joomlalms,Hard Skill,0,2,0.0,2.0974694031650814e-05,-2.0974694031650814e-05
electronic data interchange edi systems,Hard Skill,0,2,0.0,2.0974694031650814e-05,-2.0974694031650814e-05
electronic data capture edc software,Hard Skill,0,2,0.0,2.0974694031650814e-05,-2.0974694031650814e-05
elekta impac software intellilab,Hard Skill,0,2,0.0,2.0974694031650814e-05,-2.0974694031650814e-05
electronic train management systems etms,Hard Skill,0,2,0.0,2.0974694031650814e-05,-2.0974694031650814e-05
grammarly editor,Hard Skill,0,2,0.0,2.0974694031650814e-05,-2.0974694031650814e-05
gpc autocab,Hard Skill,0,2,0.0,2.0974694031650814e-05,-2.0974694031650814e-05
grass valley edius,Hard Skill,0,2,0.0,2.0974694031650814e-05,-2.0974694031650814e-05
elite minds rightwriter,Hard Skill,0,2,0.0,2.0974694031650814e-05,-2.0974694031650814e-05
elr software elr extra language resources,Hard Skill,0,2,0.0,2.0974694031650814e-05,-2.0974694031650814e-05
ellucian banner erp,Hard Skill,0,2,0.0,2.0974694031650814e-05,-2.0974694031650814e-05
embroidery design software,Hard Skill,0,2,0.0,2.0974694031650814e-05,-2.0974694031650814e-05
embedded systems testing software,Hard Skill,0,2,0.0,2.0974694031650814e-05,-2.0974694031650814e-05
embarcadero technologies dbartisan,Hard Skill,0,2,0.0,2.0974694031650814e-05,-2.0974694031650814e-05
surgery workflow communication software,Hard Skill,0,2,0.0,2.0974694031650814e-05,-2.0974694031650814e-05
emergency notification system software,Hard Skill,0,2,0.0,2.0974694031650814e-05,-2.0974694031650814e-05
emds practice partner,Hard Skill,0,2,0.0,2.0974694031650814e-05,-2.0974694031650814e-05
employee self-service software,Hard Skill,0,2,0.0,2.0974694031650814e-05,-2.0974694031650814e-05
employee performance management system,Hard Skill,0,2,0.0,2.0974694031650814e-05,-2.0974694031650814e-05
empirisoft medialab,Hard Skill,0,2,0.0,2.0974694031650814e-05,-2.0974694031650814e-05
endosoft,Hard Skill,0,2,0.0,2.0974694031650814e-05,-2.0974694031650814e-05
encoder software,Hard Skill,0,2,0.0,2.0974694031650814e-05,-2.0974694031650814e-05
surface modeling software,Hard Skill,0,2,0.0,2.0974694031650814e-05,-2.0974694031650814e-05
supply system software,Hard Skill,0,2,0.0,2.0974694031650814e-05,-2.0974694031650814e-05
supply documentation software,Hard Skill,0,2,0.0,2.0974694031650814e-05,-2.0974694031650814e-05
social work software clienttouch,Hard Skill,0,2,0.0,2.0974694031650814e-05,-2.0974694031650814e-05
goq wordq,Hard Skill,0,2,0.0,2.0974694031650814e-05,-2.0974694031650814e-05
social networking software,Hard Skill,0,2,0.0,2.0974694031650814e-05,-2.0974694031650814e-05
superanova,Hard Skill,0,2,0.0,2.0974694031650814e-05,-2.0974694031650814e-05
engine analysis software,Hard Skill,0,2,0.0,2.0974694031650814e-05,-2.0974694031650814e-05
enggist & grandjean egs f&b control,Hard Skill,0,2,0.0,2.0974694031650814e-05,-2.0974694031650814e-05
energyplus,Hard Skill,0,2,0.0,2.0974694031650814e-05,-2.0974694031650814e-05
energy efficient rehab advisor,Hard Skill,0,2,0.0,2.0974694031650814e-05,-2.0974694031650814e-05
energy cost evaluation software,Hard Skill,0,2,0.0,2.0974694031650814e-05,-2.0974694031650814e-05
entity management software,Hard Skill,0,2,0.0,2.0974694031650814e-05,-2.0974694031650814e-05
sungard kiodex risk workbench,Hard Skill,0,2,0.0,2.0974694031650814e-05,-2.0974694031650814e-05
epharmasolutions emvr,Hard Skill,0,2,0.0,2.0974694031650814e-05,-2.0974694031650814e-05
softrax revenue management,Hard Skill,0,2,0.0,2.0974694031650814e-05,-2.0974694031650814e-05
softrail aei rail & road manager,Hard Skill,0,2,0.0,2.0974694031650814e-05,-2.0974694031650814e-05
softrail aei automatic yard tracking system,Hard Skill,0,2,0.0,2.0974694031650814e-05,-2.0974694031650814e-05
softpedia shopinvo,Hard Skill,0,2,0.0,2.0974694031650814e-05,-2.0974694031650814e-05
softmed chartreserve,Hard Skill,0,2,0.0,2.0974694031650814e-05,-2.0974694031650814e-05
softmed chartrelease,Hard Skill,0,2,0.0,2.0974694031650814e-05,-2.0974694031650814e-05
softmed chartlocater,Hard Skill,0,2,0.0,2.0974694031650814e-05,-2.0974694031650814e-05
google calendar,Hard Skill,0,2,0.0,2.0974694031650814e-05,-2.0974694031650814e-05
enzymex,Hard Skill,0,2,0.0,2.0974694031650814e-05,-2.0974694031650814e-05
environmental health and safety documentation software,Hard Skill,0,2,0.0,2.0974694031650814e-05,-2.0974694031650814e-05
epiclab laboratory information system,Hard Skill,0,2,0.0,2.0974694031650814e-05,-2.0974694031650814e-05
epic systems software,Hard Skill,0,2,0.0,2.0974694031650814e-05,-2.0974694031650814e-05
equifax interconnect,Hard Skill,0,2,0.0,2.0974694031650814e-05,-2.0974694031650814e-05
equifax application engine,Hard Skill,0,2,0.0,2.0974694031650814e-05,-2.0974694031650814e-05
equifax advanced decisioning,Hard Skill,0,2,0.0,2.0974694031650814e-05,-2.0974694031650814e-05
equative timeledger,Hard Skill,0,2,0.0,2.0974694031650814e-05,-2.0974694031650814e-05
sungard bancware,Hard Skill,0,2,0.0,2.0974694031650814e-05,-2.0974694031650814e-05
sungard assurance,Hard Skill,0,2,0.0,2.0974694031650814e-05,-2.0974694031650814e-05
software distribution software,Hard Skill,0,2,0.0,2.0974694031650814e-05,-2.0974694031650814e-05
software distribution management software,Hard Skill,0,2,0.0,2.0974694031650814e-05,-2.0974694031650814e-05
software asset management sam software,Hard Skill,0,2,0.0,2.0974694031650814e-05,-2.0974694031650814e-05
software ag enterprise software,Hard Skill,0,2,0.0,2.0974694031650814e-05,-2.0974694031650814e-05
softstar costar cocomo ii,Hard Skill,0,2,0.0,2.0974694031650814e-05,-2.0974694031650814e-05
golden helix helixtree,Hard Skill,0,2,0.0,2.0974694031650814e-05,-2.0974694031650814e-05
gnome gnutrition,Hard Skill,0,2,0.0,2.0974694031650814e-05,-2.0974694031650814e-05
softree technical systems terrain tools,Hard Skill,0,2,0.0,2.0974694031650814e-05,-2.0974694031650814e-05
sumtotal systems totallms,Hard Skill,0,2,0.0,2.0974694031650814e-05,-2.0974694031650814e-05
esri arceditor,Hard Skill,0,2,0.0,2.0974694031650814e-05,-2.0974694031650814e-05
esri arccatalog,Hard Skill,0,2,0.0,2.0974694031650814e-05,-2.0974694031650814e-05
esha research the food processor,Hard Skill,0,2,0.0,2.0974694031650814e-05,-2.0974694031650814e-05
erdas er mapper,Hard Skill,0,2,0.0,2.0974694031650814e-05,-2.0974694031650814e-05
esri arcsde,Hard Skill,0,2,0.0,2.0974694031650814e-05,-2.0974694031650814e-05
esri arclogistics,Hard Skill,0,2,0.0,2.0974694031650814e-05,-2.0974694031650814e-05
geosoft oasis montaj,Hard Skill,0,2,0.0,2.0974694031650814e-05,-2.0974694031650814e-05
geometrix data systems training partner,Hard Skill,0,2,0.0,2.0974694031650814e-05,-2.0974694031650814e-05
giraffe production systems giraffe schedule system,Hard Skill,0,2,0.0,2.0974694031650814e-05,-2.0974694031650814e-05
gift registry software,Hard Skill,0,2,0.0,2.0974694031650814e-05,-2.0974694031650814e-05
ggy axis,Hard Skill,0,2,0.0,2.0974694031650814e-05,-2.0974694031650814e-05
global mapper software global mapper,Hard Skill,0,2,0.0,2.0974694031650814e-05,-2.0974694031650814e-05
global insight aremos,Hard Skill,0,2,0.0,2.0974694031650814e-05,-2.0974694031650814e-05
software on sailboats desktop sales manager,Hard Skill,0,2,0.0,2.0974694031650814e-05,-2.0974694031650814e-05
esri arcgis survey 123,Hard Skill,0,2,0.0,2.0974694031650814e-05,-2.0974694031650814e-05
esri arcgis arcpy,Hard Skill,0,2,0.0,2.0974694031650814e-05,-2.0974694031650814e-05
style guide databases,Hard Skill,0,2,0.0,2.0974694031650814e-05,-2.0974694031650814e-05
studymanager sponsor edition,Hard Skill,0,2,0.0,2.0974694031650814e-05,-2.0974694031650814e-05
estima regression analysis of time series rats,Hard Skill,0,2,0.0,2.0974694031650814e-05,-2.0974694031650814e-05
estate planning software,Hard Skill,0,2,0.0,2.0974694031650814e-05,-2.0974694031650814e-05
esri what if?,Hard Skill,0,2,0.0,2.0974694031650814e-05,-2.0974694031650814e-05
student record software,Hard Skill,0,2,0.0,2.0974694031650814e-05,-2.0974694031650814e-05
gemcom surpac,Hard Skill,0,2,0.0,2.0974694031650814e-05,-2.0974694031650814e-05
geac mpc production,Hard Skill,0,2,0.0,2.0974694031650814e-05,-2.0974694031650814e-05
ge healthcare logician,Hard Skill,0,2,0.0,2.0974694031650814e-05,-2.0974694031650814e-05
ge healthcare imagequant tl,Hard Skill,0,2,0.0,2.0974694031650814e-05,-2.0974694031650814e-05
general algebraic modeling system gams,Hard Skill,0,2,0.0,2.0974694031650814e-05,-2.0974694031650814e-05
genetic algorithm software,Hard Skill,0,2,0.0,2.0974694031650814e-05,-2.0974694031650814e-05
genetic algorithm optimization software,Hard Skill,0,2,0.0,2.0974694031650814e-05,-2.0974694031650814e-05
geo-slope seep/w,Hard Skill,0,2,0.0,2.0974694031650814e-05,-2.0974694031650814e-05
genome analysis toolkit gatk,Hard Skill,0,2,0.0,2.0974694031650814e-05,-2.0974694031650814e-05
soilvision systems svoffice,Hard Skill,0,2,0.0,2.0974694031650814e-05,-2.0974694031650814e-05
student and exchange visitor information system sevis,Hard Skill,0,2,0.0,2.0974694031650814e-05,-2.0974694031650814e-05
structured data entry software,Hard Skill,0,2,0.0,2.0974694031650814e-05,-2.0974694031650814e-05
structure prediction software,Hard Skill,0,2,0.0,2.0974694031650814e-05,-2.0974694031650814e-05
etelenext lis,Hard Skill,0,2,0.0,2.0974694031650814e-05,-2.0974694031650814e-05
etap,Hard Skill,0,2,0.0,2.0974694031650814e-05,-2.0974694031650814e-05
evergreen technology eagle bid estimating,Hard Skill,0,2,0.0,2.0974694031650814e-05,-2.0974694031650814e-05
eventhelix webtaxi,Hard Skill,0,2,0.0,2.0974694031650814e-05,-2.0974694031650814e-05
event scheduling software,Hard Skill,0,2,0.0,2.0974694031650814e-05,-2.0974694031650814e-05
gallery systems the museum system,Hard Skill,0,2,0.0,2.0974694031650814e-05,-2.0974694031650814e-05
gallery systems embark,Hard Skill,0,2,0.0,2.0974694031650814e-05,-2.0974694031650814e-05
gas dispersion model software,Hard Skill,0,2,0.0,2.0974694031650814e-05,-2.0974694031650814e-05
galorath seer-sem,Hard Skill,0,2,0.0,2.0974694031650814e-05,-2.0974694031650814e-05
ge healthcare centricity laboratory,Hard Skill,0,2,0.0,2.0974694031650814e-05,-2.0974694031650814e-05
ge energy gatecycle,Hard Skill,0,2,0.0,2.0974694031650814e-05,-2.0974694031650814e-05
solidworks cosmosworks,Hard Skill,0,2,0.0,2.0974694031650814e-05,-2.0974694031650814e-05
solidcam cam software,Hard Skill,0,2,0.0,2.0974694031650814e-05,-2.0974694031650814e-05
stratasys fdm medmodeler,Hard Skill,0,2,0.0,2.0974694031650814e-05,-2.0974694031650814e-05
exact software macola es labor performance,Hard Skill,0,2,0.0,2.0974694031650814e-05,-2.0974694031650814e-05
exact business software,Hard Skill,0,2,0.0,2.0974694031650814e-05,-2.0974694031650814e-05
ex libris group voyager,Hard Skill,0,2,0.0,2.0974694031650814e-05,-2.0974694031650814e-05
ex libris group aleph,Hard Skill,0,2,0.0,2.0974694031650814e-05,-2.0974694031650814e-05
expert health data programming vitalnet,Hard Skill,0,2,0.0,2.0974694031650814e-05,-2.0974694031650814e-05
experience in software webplanner,Hard Skill,0,2,0.0,2.0974694031650814e-05,-2.0974694031650814e-05
experian transact sm,Hard Skill,0,2,0.0,2.0974694031650814e-05,-2.0974694031650814e-05
experian strategy management,Hard Skill,0,2,0.0,2.0974694031650814e-05,-2.0974694031650814e-05
experian retention triggers,Hard Skill,0,2,0.0,2.0974694031650814e-05,-2.0974694031650814e-05
experian quest,Hard Skill,0,2,0.0,2.0974694031650814e-05,-2.0974694031650814e-05
experian fraudshield,Hard Skill,0,2,0.0,2.0974694031650814e-05,-2.0974694031650814e-05
experian detect,Hard Skill,0,2,0.0,2.0974694031650814e-05,-2.0974694031650814e-05
freddie mac loan prospector,Hard Skill,0,2,0.0,2.0974694031650814e-05,-2.0974694031650814e-05
fractal pattern analysis software,Hard Skill,0,2,0.0,2.0974694031650814e-05,-2.0974694031650814e-05
fox meadows encountermanager,Hard Skill,0,2,0.0,2.0974694031650814e-05,-2.0974694031650814e-05
fox meadows chartingplus,Hard Skill,0,2,0.0,2.0974694031650814e-05,-2.0974694031650814e-05
fox meadows accent data manager,Hard Skill,0,2,0.0,2.0974694031650814e-05,-2.0974694031650814e-05
four soft 4s visilog,Hard Skill,0,2,0.0,2.0974694031650814e-05,-2.0974694031650814e-05
four soft 4s elog,Hard Skill,0,2,0.0,2.0974694031650814e-05,-2.0974694031650814e-05
fugitive emission leak detection software,Hard Skill,0,2,0.0,2.0974694031650814e-05,-2.0974694031650814e-05
sorenson media sorenson squeeze,Hard Skill,0,2,0.0,2.0974694031650814e-05,-2.0974694031650814e-05
sony sound forge,Hard Skill,0,2,0.0,2.0974694031650814e-05,-2.0974694031650814e-05
g-cube solutions wizdom web lms,Hard Skill,0,2,0.0,2.0974694031650814e-05,-2.0974694031650814e-05
flexbox,Hard Skill,0,2,0.0,2.0974694031650814e-05,-2.0974694031650814e-05
fletcher-flora health care systems labpak lis,Hard Skill,0,2,0.0,2.0974694031650814e-05,-2.0974694031650814e-05
fletcher-flora health care systems fflex esuite lis,Hard Skill,0,2,0.0,2.0974694031650814e-05,-2.0974694031650814e-05
spectroscopy software,Hard Skill,0,2,0.0,2.0974694031650814e-05,-2.0974694031650814e-05
spectrasoft docupro,Hard Skill,0,2,0.0,2.0974694031650814e-05,-2.0974694031650814e-05
spectrasoft appointmentspro,Hard Skill,0,2,0.0,2.0974694031650814e-05,-2.0974694031650814e-05
specimen tracking software,Hard Skill,0,2,0.0,2.0974694031650814e-05,-2.0974694031650814e-05
specimen labeling system software,Hard Skill,0,2,0.0,2.0974694031650814e-05,-2.0974694031650814e-05
fluke corporation flukeview forms,Hard Skill,0,2,0.0,2.0974694031650814e-05,-2.0974694031650814e-05
food service solutions foodco,Hard Skill,0,2,0.0,2.0974694031650814e-05,-2.0974694031650814e-05
focus floor covering software,Hard Skill,0,2,0.0,2.0974694031650814e-05,-2.0974694031650814e-05
speech analysis software,Hard Skill,0,2,0.0,2.0974694031650814e-05,-2.0974694031650814e-05
first insight maximeyes,Hard Skill,0,2,0.0,2.0974694031650814e-05,-2.0974694031650814e-05
flat file checker,Hard Skill,0,2,0.0,2.0974694031650814e-05,-2.0974694031650814e-05
flammap,Hard Skill,0,2,0.0,2.0974694031650814e-05,-2.0974694031650814e-05
fitnesse,Hard Skill,0,2,0.0,2.0974694031650814e-05,-2.0974694031650814e-05
fishxing,Hard Skill,0,2,0.0,2.0974694031650814e-05,-2.0974694031650814e-05
floorcost estimator for excel,Hard Skill,0,2,0.0,2.0974694031650814e-05,-2.0974694031650814e-05
floor planning software,Hard Skill,0,2,0.0,2.0974694031650814e-05,-2.0974694031650814e-05
flight simulation software,Hard Skill,0,2,0.0,2.0974694031650814e-05,-2.0974694031650814e-05
flextraining total e-learning solution,Hard Skill,0,2,0.0,2.0974694031650814e-05,-2.0974694031650814e-05
exele topview,Hard Skill,0,2,0.0,2.0974694031650814e-05,-2.0974694031650814e-05
stormwater runoff modeling software,Hard Skill,0,2,0.0,2.0974694031650814e-05,-2.0974694031650814e-05
stochastic modeling software,Hard Skill,0,2,0.0,2.0974694031650814e-05,-2.0974694031650814e-05
stereolithography sla rapid prototyping systems,Hard Skill,0,2,0.0,2.0974694031650814e-05,-2.0974694031650814e-05
express business valuations,Hard Skill,0,2,0.0,2.0974694031650814e-05,-2.0974694031650814e-05
steele mutual fund and variable annuity expert,Hard Skill,0,2,0.0,2.0974694031650814e-05,-2.0974694031650814e-05
statistical solutions bmdp,Hard Skill,0,2,0.0,2.0974694031650814e-05,-2.0974694031650814e-05
spreadware pro forma,Hard Skill,0,2,0.0,2.0974694031650814e-05,-2.0974694031650814e-05
spreadware business valuator,Hard Skill,0,2,0.0,2.0974694031650814e-05,-2.0974694031650814e-05
spreadware business financial analysis,Hard Skill,0,2,0.0,2.0974694031650814e-05,-2.0974694031650814e-05
finite difference time domain fdtd software,Hard Skill,0,2,0.0,2.0974694031650814e-05,-2.0974694031650814e-05
fineng solutions quantis,Hard Skill,0,2,0.0,2.0974694031650814e-05,-2.0974694031650814e-05
fineng solutions perform,Hard Skill,0,2,0.0,2.0974694031650814e-05,-2.0974694031650814e-05
spillman technologies records management,Hard Skill,0,2,0.0,2.0974694031650814e-05,-2.0974694031650814e-05
statistical processing software,Hard Skill,0,2,0.0,2.0974694031650814e-05,-2.0974694031650814e-05
ez software solutions,Hard Skill,0,2,0.0,2.0974694031650814e-05,-2.0974694031650814e-05
ez lcms,Hard Skill,0,2,0.0,2.0974694031650814e-05,-2.0974694031650814e-05
factiva,Hard Skill,0,2,0.0,2.0974694031650814e-05,-2.0974694031650814e-05
facility energy management software,Hard Skill,0,2,0.0,2.0974694031650814e-05,-2.0974694031650814e-05
facility energy decision systems feds,Hard Skill,0,2,0.0,2.0974694031650814e-05,-2.0974694031650814e-05
ezclaim medical billing software,Hard Skill,0,2,0.0,2.0974694031650814e-05,-2.0974694031650814e-05
ezchartwriter,Hard Skill,0,2,0.0,2.0974694031650814e-05,-2.0974694031650814e-05
static free software electric vlsi design system,Hard Skill,0,2,0.0,2.0974694031650814e-05,-2.0974694031650814e-05
stac software reachout,Hard Skill,0,2,0.0,2.0974694031650814e-05,-2.0974694031650814e-05
sst development group sstoolbox,Hard Skill,0,2,0.0,2.0974694031650814e-05,-2.0974694031650814e-05
ssa global infinium financial management,Hard Skill,0,2,0.0,2.0974694031650814e-05,-2.0974694031650814e-05
financial compliance software,Hard Skill,0,2,0.0,2.0974694031650814e-05,-2.0974694031650814e-05
financial statement software,Hard Skill,0,2,0.0,2.0974694031650814e-05,-2.0974694031650814e-05
financial needs analysis software,Hard Skill,0,2,0.0,2.0974694031650814e-05,-2.0974694031650814e-05
financial modeling software,Hard Skill,0,2,0.0,2.0974694031650814e-05,-2.0974694031650814e-05
stat-ease design-expert,Hard Skill,0,2,0.0,2.0974694031650814e-05,-2.0974694031650814e-05
fair isaac capstone decision manager,Hard Skill,0,2,0.0,2.0974694031650814e-05,-2.0974694031650814e-05
fair isaac application risk model software,Hard Skill,0,2,0.0,2.0974694031650814e-05,-2.0974694031650814e-05
failure reporting analysis and corrective action fracas software,Hard Skill,0,2,0.0,2.0974694031650814e-05,-2.0974694031650814e-05
failure mode effects and criticality analysis fmeca software,Hard Skill,0,2,0.0,2.0974694031650814e-05,-2.0974694031650814e-05
fanuc robotics irvision,Hard Skill,0,2,0.0,2.0974694031650814e-05,-2.0974694031650814e-05
fair isaac falcon id,Hard Skill,0,2,0.0,2.0974694031650814e-05,-2.0974694031650814e-05
starpint software super slug,Hard Skill,0,2,0.0,2.0974694031650814e-05,-2.0974694031650814e-05
standardized general markup language sgml,Hard Skill,0,2,0.0,2.0974694031650814e-05,-2.0974694031650814e-05
standard generalized markup language sgml,Hard Skill,0,2,0.0,2.0974694031650814e-05,-2.0974694031650814e-05
fastcase legal software,Hard Skill,0,2,0.0,2.0974694031650814e-05,-2.0974694031650814e-05
fasta,Hard Skill,0,2,0.0,2.0974694031650814e-05,-2.0974694031650814e-05
farsite,Hard Skill,0,2,0.0,2.0974694031650814e-05,-2.0974694031650814e-05
farm works software trac,Hard Skill,0,2,0.0,2.0974694031650814e-05,-2.0974694031650814e-05
fedex ship manager,Hard Skill,0,2,0.0,2.0974694031650814e-05,-2.0974694031650814e-05
federal renewable energy screening assistant fresa,Hard Skill,0,2,0.0,2.0974694031650814e-05,-2.0974694031650814e-05
fault testing software,Hard Skill,0,2,0.0,2.0974694031650814e-05,-2.0974694031650814e-05
fault modeling software,Hard Skill,0,2,0.0,2.0974694031650814e-05,-2.0974694031650814e-05
fielding data labs optomizer,Hard Skill,0,2,0.0,2.0974694031650814e-05,-2.0974694031650814e-05
ferret,Hard Skill,0,2,0.0,2.0974694031650814e-05,-2.0974694031650814e-05
staff scheduling software,Hard Skill,0,2,0.0,2.0974694031650814e-05,-2.0974694031650814e-05
z-tree,Hard Skill,0,2,0.0,2.0974694031650814e-05,-2.0974694031650814e-05
a mathematical programming language ampl,Hard Skill,0,2,0.0,2.0974694031650814e-05,-2.0974694031650814e-05
a la mode wintotal,Hard Skill,0,2,0.0,2.0974694031650814e-05,-2.0974694031650814e-05
5am glassbox translational research,Hard Skill,0,2,0.0,2.0974694031650814e-05,-2.0974694031650814e-05
3pl central,Hard Skill,0,2,0.0,2.0974694031650814e-05,-2.0974694031650814e-05
3m encoder,Hard Skill,0,2,0.0,2.0974694031650814e-05,-2.0974694031650814e-05
3m electronic monitoring,Hard Skill,0,2,0.0,2.0974694031650814e-05,-2.0974694031650814e-05
yardi systems yardi voyager commercial,Hard Skill,0,2,0.0,2.0974694031650814e-05,-2.0974694031650814e-05
yahoo! email,Hard Skill,0,2,0.0,2.0974694031650814e-05,-2.0974694031650814e-05
pilot navigator software load balance,Hard Skill,0,2,0.0,2.0974694031650814e-05,-2.0974694031650814e-05
picis caresuite,Hard Skill,0,2,0.0,2.0974694031650814e-05,-2.0974694031650814e-05
piccolo software piccolotaxi,Hard Skill,0,2,0.0,2.0974694031650814e-05,-2.0974694031650814e-05
pixar renderman studio,Hard Skill,0,2,0.0,2.0974694031650814e-05,-2.0974694031650814e-05
piping and instrumentation design pid software,Hard Skill,0,2,0.0,2.0974694031650814e-05,-2.0974694031650814e-05
plume modeling software,Hard Skill,0,2,0.0,2.0974694031650814e-05,-2.0974694031650814e-05
plateau learning management system lms,Hard Skill,0,2,0.0,2.0974694031650814e-05,-2.0974694031650814e-05
polaris microsystems charterlog,Hard Skill,0,2,0.0,2.0974694031650814e-05,-2.0974694031650814e-05
polaris microsystems aerolog pro,Hard Skill,0,2,0.0,2.0974694031650814e-05,-2.0974694031650814e-05
pix4d pix4dcapture,Hard Skill,0,3,0.0,3.146204104747622e-05,-3.146204104747622e-05
3d graphics software,Hard Skill,0,3,0.0,3.146204104747622e-05,-3.146204104747622e-05
photogrammetric software,Hard Skill,0,3,0.0,3.146204104747622e-05,-3.146204104747622e-05
pix4d pix4dmapper,Hard Skill,0,3,0.0,3.146204104747622e-05,-3.146204104747622e-05
portfolio management software,Hard Skill,0,3,0.0,3.146204104747622e-05,-3.146204104747622e-05
pixologic zbrush,Hard Skill,0,3,0.0,3.146204104747622e-05,-3.146204104747622e-05
caliper maptitude,Hard Skill,0,3,0.0,3.146204104747622e-05,-3.146204104747622e-05
call-processing language cpl,Hard Skill,0,3,0.0,3.146204104747622e-05,-3.146204104747622e-05
microsoft business contact manager,Hard Skill,0,3,0.0,3.146204104747622e-05,-3.146204104747622e-05
microsoft directx,Hard Skill,0,3,0.0,3.146204104747622e-05,-3.146204104747622e-05
microsoft dynamics crm,Hard Skill,0,3,0.0,3.146204104747622e-05,-3.146204104747622e-05
reliability analysis software,Hard Skill,0,3,0.0,3.146204104747622e-05,-3.146204104747622e-05
reliability centered maintenance rcm software,Hard Skill,0,3,0.0,3.146204104747622e-05,-3.146204104747622e-05
reliasoft weibull++ 6,Hard Skill,0,3,0.0,3.146204104747622e-05,-3.146204104747622e-05
xcode,Hard Skill,0,3,0.0,3.146204104747622e-05,-3.146204104747622e-05
practiceworks systems kodak winoms cs,Hard Skill,0,3,0.0,3.146204104747622e-05,-3.146204104747622e-05
personal computer diagnostic software,Hard Skill,0,3,0.0,3.146204104747622e-05,-3.146204104747622e-05
st. paul travelers e-carma,Hard Skill,0,3,0.0,3.146204104747622e-05,-3.146204104747622e-05
static analysis software,Hard Skill,0,3,0.0,3.146204104747622e-05,-3.146204104747622e-05
eyemd emr healthcare systems eyemd emr,Hard Skill,0,3,0.0,3.146204104747622e-05,-3.146204104747622e-05
finite element analysis software,Hard Skill,0,3,0.0,3.146204104747622e-05,-3.146204104747622e-05
fire incident reporting systems,Hard Skill,0,3,0.0,3.146204104747622e-05,-3.146204104747622e-05
starlims,Hard Skill,0,3,0.0,3.146204104747622e-05,-3.146204104747622e-05
fannie mae desktop underwriter,Hard Skill,0,3,0.0,3.146204104747622e-05,-3.146204104747622e-05
exact max,Hard Skill,0,3,0.0,3.146204104747622e-05,-3.146204104747622e-05
stress testing software,Hard Skill,0,3,0.0,3.146204104747622e-05,-3.146204104747622e-05
gaussian software,Hard Skill,0,3,0.0,3.146204104747622e-05,-3.146204104747622e-05
squeegee,Hard Skill,0,3,0.0,3.146204104747622e-05,-3.146204104747622e-05
storage management software,Hard Skill,0,3,0.0,3.146204104747622e-05,-3.146204104747622e-05
flir thermal studio suite,Hard Skill,0,3,0.0,3.146204104747622e-05,-3.146204104747622e-05
flooring technologies qfloors,Hard Skill,0,3,0.0,3.146204104747622e-05,-3.146204104747622e-05
addison health systems writepad ehr,Hard Skill,0,3,0.0,3.146204104747622e-05,-3.146204104747622e-05
microscopic image capturing software,Hard Skill,0,3,0.0,3.146204104747622e-05,-3.146204104747622e-05
business forecast systems forecast pro,Hard Skill,0,3,0.0,3.146204104747622e-05,-3.146204104747622e-05
business intelligence software,Hard Skill,0,3,0.0,3.146204104747622e-05,-3.146204104747622e-05
braintrain captain's log,Hard Skill,0,3,0.0,3.146204104747622e-05,-3.146204104747622e-05
camfit data limited microfit,Hard Skill,0,3,0.0,3.146204104747622e-05,-3.146204104747622e-05
remote control software,Hard Skill,0,3,0.0,3.146204104747622e-05,-3.146204104747622e-05
bowen & groves m1 erp,Hard Skill,0,3,0.0,3.146204104747622e-05,-3.146204104747622e-05
microsoft esp sdk,Hard Skill,0,3,0.0,3.146204104747622e-05,-3.146204104747622e-05
xara designer pro,Hard Skill,0,3,0.0,3.146204104747622e-05,-3.146204104747622e-05
pattern recognition software,Hard Skill,0,3,0.0,3.146204104747622e-05,-3.146204104747622e-05
password management software,Hard Skill,0,3,0.0,3.146204104747622e-05,-3.146204104747622e-05
patch management software,Hard Skill,0,3,0.0,3.146204104747622e-05,-3.146204104747622e-05
forth,Hard Skill,0,3,0.0,3.146204104747622e-05,-3.146204104747622e-05
foodman home-delivery,Hard Skill,0,3,0.0,3.146204104747622e-05,-3.146204104747622e-05
flow chart software,Hard Skill,0,3,0.0,3.146204104747622e-05,-3.146204104747622e-05
functional testing software,Hard Skill,0,3,0.0,3.146204104747622e-05,-3.146204104747622e-05
fpa software maccs,Hard Skill,0,3,0.0,3.146204104747622e-05,-3.146204104747622e-05
microsoft great plains personal data keeper,Hard Skill,0,3,0.0,3.146204104747622e-05,-3.146204104747622e-05
rehab documentation company redoc suite,Hard Skill,0,3,0.0,3.146204104747622e-05,-3.146204104747622e-05
unistat statistical package,Hard Skill,0,3,0.0,3.146204104747622e-05,-3.146204104747622e-05
unit testing software,Hard Skill,0,3,0.0,3.146204104747622e-05,-3.146204104747622e-05
repairtrax,Hard Skill,0,3,0.0,3.146204104747622e-05,-3.146204104747622e-05
report generation software,Hard Skill,0,3,0.0,3.146204104747622e-05,-3.146204104747622e-05
centers for disease control and prevention cdc wonder,Hard Skill,0,3,0.0,3.146204104747622e-05,-3.146204104747622e-05
worldcat,Hard Skill,0,3,0.0,3.146204104747622e-05,-3.146204104747622e-05
gambit scheme,Hard Skill,0,3,0.0,3.146204104747622e-05,-3.146204104747622e-05
gaea technologies winsieve,Hard Skill,0,3,0.0,3.146204104747622e-05,-3.146204104747622e-05
gait analysis software,Hard Skill,0,3,0.0,3.146204104747622e-05,-3.146204104747622e-05
event-driven state-machines programming,Hard Skill,0,3,0.0,3.146204104747622e-05,-3.146204104747622e-05
string oriented symbolic language snobol,Hard Skill,0,3,0.0,3.146204104747622e-05,-3.146204104747622e-05
structured query report sqr,Hard Skill,0,3,0.0,3.146204104747622e-05,-3.146204104747622e-05
geometric camworks,Hard Skill,0,3,0.0,3.146204104747622e-05,-3.146204104747622e-05
tumbleweed securetransport,Hard Skill,0,3,0.0,3.146204104747622e-05,-3.146204104747622e-05
cgi-ams bureaulink enterprise,Hard Skill,0,3,0.0,3.146204104747622e-05,-3.146204104747622e-05
cerner profile,Hard Skill,0,3,0.0,3.146204104747622e-05,-3.146204104747622e-05
medicware emr,Hard Skill,0,3,0.0,3.146204104747622e-05,-3.146204104747622e-05
mentor graphics pads,Hard Skill,0,3,0.0,3.146204104747622e-05,-3.146204104747622e-05
unreal technology unreal engine,Hard Skill,0,3,0.0,3.146204104747622e-05,-3.146204104747622e-05
microsoft mappoint,Hard Skill,0,3,0.0,3.146204104747622e-05,-3.146204104747622e-05
microsoft netmeeting,Hard Skill,0,3,0.0,3.146204104747622e-05,-3.146204104747622e-05
microsoft dynamics nav,Hard Skill,0,3,0.0,3.146204104747622e-05,-3.146204104747622e-05
microsoft dynamics sl,Hard Skill,0,3,0.0,3.146204104747622e-05,-3.146204104747622e-05
trimble geomatics office,Hard Skill,0,3,0.0,3.146204104747622e-05,-3.146204104747622e-05
medical reference software,Hard Skill,0,3,0.0,3.146204104747622e-05,-3.146204104747622e-05
rethink ed,Hard Skill,0,3,0.0,3.146204104747622e-05,-3.146204104747622e-05
bmc software control-m,Hard Skill,0,3,0.0,3.146204104747622e-05,-3.146204104747622e-05
gene codes sequencher,Hard Skill,0,3,0.0,3.146204104747622e-05,-3.146204104747622e-05
esri site scan for arcgis,Hard Skill,0,3,0.0,3.146204104747622e-05,-3.146204104747622e-05
esri arcgis geostatistical analyst,Hard Skill,0,3,0.0,3.146204104747622e-05,-3.146204104747622e-05
gibbscam,Hard Skill,0,3,0.0,3.146204104747622e-05,-3.146204104747622e-05
workflow software,Hard Skill,0,3,0.0,3.146204104747622e-05,-3.146204104747622e-05
workforce software empcenter time and attendance,Hard Skill,0,3,0.0,3.146204104747622e-05,-3.146204104747622e-05
worktech maximo,Hard Skill,0,3,0.0,3.146204104747622e-05,-3.146204104747622e-05
bizbench,Hard Skill,0,3,0.0,3.146204104747622e-05,-3.146204104747622e-05
blackbaud etapestry,Hard Skill,0,3,0.0,3.146204104747622e-05,-3.146204104747622e-05
bioex systems exercise pro,Hard Skill,0,3,0.0,3.146204104747622e-05,-3.146204104747622e-05
bill of materials software,Hard Skill,0,3,0.0,3.146204104747622e-05,-3.146204104747622e-05
traverse pc,Hard Skill,0,3,0.0,3.146204104747622e-05,-3.146204104747622e-05
rivermorph,Hard Skill,0,3,0.0,3.146204104747622e-05,-3.146204104747622e-05
maximizer software maximizer enterprise,Hard Skill,0,3,0.0,3.146204104747622e-05,-3.146204104747622e-05
palisade @risk,Hard Skill,0,3,0.0,3.146204104747622e-05,-3.146204104747622e-05
palisade stattools,Hard Skill,0,3,0.0,3.146204104747622e-05,-3.146204104747622e-05
pricing software,Hard Skill,0,3,0.0,3.146204104747622e-05,-3.146204104747622e-05
primer3,Hard Skill,0,3,0.0,3.146204104747622e-05,-3.146204104747622e-05
work order software,Hard Skill,0,3,0.0,3.146204104747622e-05,-3.146204104747622e-05
work technology worktech time,Hard Skill,0,3,0.0,3.146204104747622e-05,-3.146204104747622e-05
adobe imageready,Hard Skill,0,3,0.0,3.146204104747622e-05,-3.146204104747622e-05
adobe livemotion,Hard Skill,0,3,0.0,3.146204104747622e-05,-3.146204104747622e-05
sumtotal systems toolbook,Hard Skill,0,3,0.0,3.146204104747622e-05,-3.146204104747622e-05
recovery testing software,Hard Skill,0,3,0.0,3.146204104747622e-05,-3.146204104747622e-05
recrystallize crystal reports,Hard Skill,0,3,0.0,3.146204104747622e-05,-3.146204104747622e-05
root kit detection software,Hard Skill,0,3,0.0,3.146204104747622e-05,-3.146204104747622e-05
trancite logic systems scenepd,Hard Skill,0,3,0.0,3.146204104747622e-05,-3.146204104747622e-05
transportation management system tms software,Hard Skill,0,3,0.0,3.146204104747622e-05,-3.146204104747622e-05
maptek vulcan,Hard Skill,0,3,0.0,3.146204104747622e-05,-3.146204104747622e-05
manufacturing resource planning mrp software,Hard Skill,0,3,0.0,3.146204104747622e-05,-3.146204104747622e-05
pacific solutions floorright,Hard Skill,0,3,0.0,3.146204104747622e-05,-3.146204104747622e-05
packet filter software,Hard Skill,0,3,0.0,3.146204104747622e-05,-3.146204104747622e-05
orchard software orchard harvest lis,Hard Skill,0,3,0.0,3.146204104747622e-05,-3.146204104747622e-05
orion law management systems orion,Hard Skill,0,3,0.0,3.146204104747622e-05,-3.146204104747622e-05
epic epiccare inpatient clinical system,Hard Skill,0,3,0.0,3.146204104747622e-05,-3.146204104747622e-05
lp360,Hard Skill,0,3,0.0,3.146204104747622e-05,-3.146204104747622e-05
lsa visual easy lean,Hard Skill,0,3,0.0,3.146204104747622e-05,-3.146204104747622e-05
rsi envi,Hard Skill,0,3,0.0,3.146204104747622e-05,-3.146204104747622e-05
clover technology galena,Hard Skill,0,3,0.0,3.146204104747622e-05,-3.146204104747622e-05
clinical trial management software,Hard Skill,0,3,0.0,3.146204104747622e-05,-3.146204104747622e-05
makemusic finale,Hard Skill,0,3,0.0,3.146204104747622e-05,-3.146204104747622e-05
bigloo scheme,Hard Skill,0,3,0.0,3.146204104747622e-05,-3.146204104747622e-05
bill of lading software,Hard Skill,0,3,0.0,3.146204104747622e-05,-3.146204104747622e-05
bentley staad,Hard Skill,0,3,0.0,3.146204104747622e-05,-3.146204104747622e-05
bentley systems projectwise,Hard Skill,0,3,0.0,3.146204104747622e-05,-3.146204104747622e-05
aestiva purchase order,Hard Skill,0,3,0.0,3.146204104747622e-05,-3.146204104747622e-05
aec software fasttrack schedule,Hard Skill,0,3,0.0,3.146204104747622e-05,-3.146204104747622e-05
aeronautical charts,Hard Skill,0,3,0.0,3.146204104747622e-05,-3.146204104747622e-05
wintac pro,Hard Skill,0,3,0.0,3.146204104747622e-05,-3.146204104747622e-05
eos systems photomodeler,Hard Skill,0,3,0.0,3.146204104747622e-05,-3.146204104747622e-05
enterprise resource planning erp system,Hard Skill,0,3,0.0,3.146204104747622e-05,-3.146204104747622e-05
sunquest information systems sunquest laboratory,Hard Skill,0,3,0.0,3.146204104747622e-05,-3.146204104747622e-05
social solutions eto,Hard Skill,0,3,0.0,3.146204104747622e-05,-3.146204104747622e-05
berkeley internet domain name bind,Hard Skill,0,3,0.0,3.146204104747622e-05,-3.146204104747622e-05
bentley geopak civil engineering suite,Hard Skill,0,3,0.0,3.146204104747622e-05,-3.146204104747622e-05
bentley inroads suite,Hard Skill,0,3,0.0,3.146204104747622e-05,-3.146204104747622e-05
belmar & associates mortware,Hard Skill,0,3,0.0,3.146204104747622e-05,-3.146204104747622e-05
vehicle management software,Hard Skill,0,3,0.0,3.146204104747622e-05,-3.146204104747622e-05
basecamp,Hard Skill,0,3,0.0,3.146204104747622e-05,-3.146204104747622e-05
b-method,Hard Skill,0,3,0.0,3.146204104747622e-05,-3.146204104747622e-05
sage 100 erp,Hard Skill,0,3,0.0,3.146204104747622e-05,-3.146204104747622e-05
collaborative application markup language caml,Hard Skill,0,3,0.0,3.146204104747622e-05,-3.146204104747622e-05
programming language one pl/i,Hard Skill,0,3,0.0,3.146204104747622e-05,-3.146204104747622e-05
oracle business intelligence suite,Hard Skill,0,3,0.0,3.146204104747622e-05,-3.146204104747622e-05
wilhelm publishing threshold,Hard Skill,0,3,0.0,3.146204104747622e-05,-3.146204104747622e-05
wilson's computer applications realeasy appraisals,Hard Skill,0,3,0.0,3.146204104747622e-05,-3.146204104747622e-05
wind flow modeling software,Hard Skill,0,3,0.0,3.146204104747622e-05,-3.146204104747622e-05
productivity software,Hard Skill,0,3,0.0,3.146204104747622e-05,-3.146204104747622e-05
softcafe menupro,Hard Skill,0,3,0.0,3.146204104747622e-05,-3.146204104747622e-05
encoded archival system ead,Hard Skill,0,3,0.0,3.146204104747622e-05,-3.146204104747622e-05
emc networker,Hard Skill,0,3,0.0,3.146204104747622e-05,-3.146204104747622e-05
emds medisoft,Hard Skill,0,3,0.0,3.146204104747622e-05,-3.146204104747622e-05
emerald software group emerald green office,Hard Skill,0,3,0.0,3.146204104747622e-05,-3.146204104747622e-05
smartcamcnc smartcam,Hard Skill,0,3,0.0,3.146204104747622e-05,-3.146204104747622e-05
greenplum database,Hard Skill,0,3,0.0,3.146204104747622e-05,-3.146204104747622e-05
embedded systems development software,Hard Skill,0,3,0.0,3.146204104747622e-05,-3.146204104747622e-05
electronic medical record emr systems,Hard Skill,0,3,0.0,3.146204104747622e-05,-3.146204104747622e-05
electronic time clock etc,Hard Skill,0,3,0.0,3.146204104747622e-05,-3.146204104747622e-05
snapchat,Hard Skill,0,3,0.0,3.146204104747622e-05,-3.146204104747622e-05
graphisoft archicad,Hard Skill,0,3,0.0,3.146204104747622e-05,-3.146204104747622e-05
graphql,Hard Skill,0,3,0.0,3.146204104747622e-05,-3.146204104747622e-05
grafana labs grafana cloud,Hard Skill,0,3,0.0,3.146204104747622e-05,-3.146204104747622e-05
graphic presentation software,Hard Skill,0,3,0.0,3.146204104747622e-05,-3.146204104747622e-05
graphical user interface gui builder software,Hard Skill,0,3,0.0,3.146204104747622e-05,-3.146204104747622e-05
mac helpmate,Hard Skill,0,3,0.0,3.146204104747622e-05,-3.146204104747622e-05
machine control software,Hard Skill,0,3,0.0,3.146204104747622e-05,-3.146204104747622e-05
sale processing software,Hard Skill,0,3,0.0,3.146204104747622e-05,-3.146204104747622e-05
component object model com software,Hard Skill,0,3,0.0,3.146204104747622e-05,-3.146204104747622e-05
common gateway interface cgi,Hard Skill,0,3,0.0,3.146204104747622e-05,-3.146204104747622e-05
common lisp object system clos,Hard Skill,0,3,0.0,3.146204104747622e-05,-3.146204104747622e-05
tradesman's software master estimator,Hard Skill,0,3,0.0,3.146204104747622e-05,-3.146204104747622e-05
backup and archival software,Hard Skill,0,3,0.0,3.146204104747622e-05,-3.146204104747622e-05
avid technology sibelius,Hard Skill,0,3,0.0,3.146204104747622e-05,-3.146204104747622e-05
synergy software kaleidagraph,Hard Skill,0,3,0.0,3.146204104747622e-05,-3.146204104747622e-05
harland financial solutions decisionpro,Hard Skill,0,3,0.0,3.146204104747622e-05,-3.146204104747622e-05
alpha software alpha five,Hard Skill,0,3,0.0,3.146204104747622e-05,-3.146204104747622e-05
algorithmic language algol,Hard Skill,0,3,0.0,3.146204104747622e-05,-3.146204104747622e-05
aldelo systems aldelo for restaurants pro,Hard Skill,0,3,0.0,3.146204104747622e-05,-3.146204104747622e-05
symantec pcanywhere,Hard Skill,0,3,0.0,3.146204104747622e-05,-3.146204104747622e-05
awk,Hard Skill,0,3,0.0,3.146204104747622e-05,-3.146204104747622e-05
microsoft visual sourcesafe,Hard Skill,0,3,0.0,3.146204104747622e-05,-3.146204104747622e-05
computer aided software engineering case tools,Hard Skill,0,3,0.0,3.146204104747622e-05,-3.146204104747622e-05
computer assisted design software,Hard Skill,0,3,0.0,3.146204104747622e-05,-3.146204104747622e-05
sage mas 90 erp,Hard Skill,0,3,0.0,3.146204104747622e-05,-3.146204104747622e-05
lexisnexis casemap,Hard Skill,0,3,0.0,3.146204104747622e-05,-3.146204104747622e-05
avid pro tools,Hard Skill,0,3,0.0,3.146204104747622e-05,-3.146204104747622e-05
amazing charts,Hard Skill,0,3,0.0,3.146204104747622e-05,-3.146204104747622e-05
propertyware,Hard Skill,0,3,0.0,3.146204104747622e-05,-3.146204104747622e-05
whitesmoke,Hard Skill,0,3,0.0,3.146204104747622e-05,-3.146204104747622e-05
egs calcmenu,Hard Skill,0,3,0.0,3.146204104747622e-05,-3.146204104747622e-05
editcnc,Hard Skill,0,3,0.0,3.146204104747622e-05,-3.146204104747622e-05
edulastic,Hard Skill,0,3,0.0,3.146204104747622e-05,-3.146204104747622e-05
vertafore imageright,Hard Skill,0,3,0.0,3.146204104747622e-05,-3.146204104747622e-05
migration software,Hard Skill,0,3,0.0,3.146204104747622e-05,-3.146204104747622e-05
migration testing software,Hard Skill,0,3,0.0,3.146204104747622e-05,-3.146204104747622e-05
millennium software atrex,Hard Skill,0,3,0.0,3.146204104747622e-05,-3.146204104747622e-05
computer on-line real-time applications language coral 66,Hard Skill,0,3,0.0,3.146204104747622e-05,-3.146204104747622e-05
computer associates integrated data management system ca-idms,Hard Skill,0,3,0.0,3.146204104747622e-05,-3.146204104747622e-05
tool command language tcl,Hard Skill,0,3,0.0,3.146204104747622e-05,-3.146204104747622e-05
lawson human resource management,Hard Skill,0,3,0.0,3.146204104747622e-05,-3.146204104747622e-05
leading market technologies expo,Hard Skill,0,3,0.0,3.146204104747622e-05,-3.146204104747622e-05
latex,Hard Skill,0,3,0.0,3.146204104747622e-05,-3.146204104747622e-05
sales force automation software,Hard Skill,0,3,0.0,3.146204104747622e-05,-3.146204104747622e-05
computerized maintenance management system software cmms,Hard Skill,0,3,0.0,3.146204104747622e-05,-3.146204104747622e-05
computer-aided drafting or design software,Hard Skill,0,3,0.0,3.146204104747622e-05,-3.146204104747622e-05
computer-aided engineering cae software,Hard Skill,0,3,0.0,3.146204104747622e-05,-3.146204104747622e-05
computerease construction accounting software,Hard Skill,0,3,0.0,3.146204104747622e-05,-3.146204104747622e-05
landmark graphics geographix,Hard Skill,0,3,0.0,3.146204104747622e-05,-3.146204104747622e-05
groundwater modeling system gms,Hard Skill,0,3,0.0,3.146204104747622e-05,-3.146204104747622e-05
groundwater vistas,Hard Skill,0,3,0.0,3.146204104747622e-05,-3.146204104747622e-05
earthsoft equis geology,Hard Skill,0,3,0.0,3.146204104747622e-05,-3.146204104747622e-05
syspro business software,Hard Skill,0,3,0.0,3.146204104747622e-05,-3.146204104747622e-05
hazardous materials management hms software,Hard Skill,0,3,0.0,3.146204104747622e-05,-3.146204104747622e-05
openroads designer,Hard Skill,0,3,0.0,3.146204104747622e-05,-3.146204104747622e-05
open dental,Hard Skill,0,3,0.0,3.146204104747622e-05,-3.146204104747622e-05
open graphics library opengl,Hard Skill,0,3,0.0,3.146204104747622e-05,-3.146204104747622e-05
web service definition language wdsl,Hard Skill,0,3,0.0,3.146204104747622e-05,-3.146204104747622e-05
american medical association codemanager,Hard Skill,0,3,0.0,3.146204104747622e-05,-3.146204104747622e-05
american national standards institute ansi c,Hard Skill,0,3,0.0,3.146204104747622e-05,-3.146204104747622e-05
american sign language browser,Hard Skill,0,3,0.0,3.146204104747622e-05,-3.146204104747622e-05
web page design and editing software,Hard Skill,0,3,0.0,3.146204104747622e-05,-3.146204104747622e-05
opendronemap,Hard Skill,0,3,0.0,3.146204104747622e-05,-3.146204104747622e-05
openoffice.org,Hard Skill,0,3,0.0,3.146204104747622e-05,-3.146204104747622e-05
e++ pattern language,Hard Skill,0,3,0.0,3.146204104747622e-05,-3.146204104747622e-05
simple network management protocol snmp software,Hard Skill,0,3,0.0,3.146204104747622e-05,-3.146204104747622e-05
radio frequency identification rfid software,Hard Skill,0,3,0.0,3.146204104747622e-05,-3.146204104747622e-05
modula,Hard Skill,0,3,0.0,3.146204104747622e-05,-3.146204104747622e-05
molecular simulation software,Hard Skill,0,3,0.0,3.146204104747622e-05,-3.146204104747622e-05
modeling software,Hard Skill,0,3,0.0,3.146204104747622e-05,-3.146204104747622e-05
constant contact,Hard Skill,0,3,0.0,3.146204104747622e-05,-3.146204104747622e-05
time and attendance collection system tacs,Hard Skill,0,3,0.0,3.146204104747622e-05,-3.146204104747622e-05
sap business one,Hard Skill,0,3,0.0,3.146204104747622e-05,-3.146204104747622e-05
kronos workforce payroll,Hard Skill,0,3,0.0,3.146204104747622e-05,-3.146204104747622e-05
coordinate geometry cogo software,Hard Skill,0,3,0.0,3.146204104747622e-05,-3.146204104747622e-05
tibco s-plus,Hard Skill,0,3,0.0,3.146204104747622e-05,-3.146204104747622e-05
kitty hawk,Hard Skill,0,3,0.0,3.146204104747622e-05,-3.146204104747622e-05
sap netweaver,Hard Skill,0,3,0.0,3.146204104747622e-05,-3.146204104747622e-05
minesight,Hard Skill,0,3,0.0,3.146204104747622e-05,-3.146204104747622e-05
autodesk mudbox,Hard Skill,0,3,0.0,3.146204104747622e-05,-3.146204104747622e-05
autodesk sketchbook pro,Hard Skill,0,3,0.0,3.146204104747622e-05,-3.146204104747622e-05
omnirim records management suite,Hard Skill,0,3,0.0,3.146204104747622e-05,-3.146204104747622e-05
online computer library center (oclc) databases,Hard Skill,0,3,0.0,3.146204104747622e-05,-3.146204104747622e-05
objective caml,Hard Skill,0,3,0.0,3.146204104747622e-05,-3.146204104747622e-05
dynamic analysis software,Hard Skill,0,3,0.0,3.146204104747622e-05,-3.146204104747622e-05
web page creation and editing software,Hard Skill,0,3,0.0,3.146204104747622e-05,-3.146204104747622e-05
analyzerxl,Hard Skill,0,3,0.0,3.146204104747622e-05,-3.146204104747622e-05
autodesk autocad map 3d,Hard Skill,0,3,0.0,3.146204104747622e-05,-3.146204104747622e-05
msc software adams,Hard Skill,0,3,0.0,3.146204104747622e-05,-3.146204104747622e-05
thomson reuters westlaw edge,Hard Skill,0,3,0.0,3.146204104747622e-05,-3.146204104747622e-05
kali linux,Hard Skill,0,3,0.0,3.146204104747622e-05,-3.146204104747622e-05
msc software patran,Hard Skill,0,3,0.0,3.146204104747622e-05,-3.146204104747622e-05
moody's kmv creditedge,Hard Skill,0,3,0.0,3.146204104747622e-05,-3.146204104747622e-05
autocrit editing wizard,Hard Skill,0,3,0.0,3.146204104747622e-05,-3.146204104747622e-05
siemens teamcenter,Hard Skill,0,3,0.0,3.146204104747622e-05,-3.146204104747622e-05
dp technology esprit,Hard Skill,0,3,0.0,3.146204104747622e-05,-3.146204104747622e-05
siemens modelsim,Hard Skill,0,3,0.0,3.146204104747622e-05,-3.146204104747622e-05
ansys multiphysics,Hard Skill,0,3,0.0,3.146204104747622e-05,-3.146204104747622e-05
anti-spyware software,Hard Skill,0,3,0.0,3.146204104747622e-05,-3.146204104747622e-05
antivirus software,Hard Skill,0,3,0.0,3.146204104747622e-05,-3.146204104747622e-05
aol mapquest,Hard Skill,0,3,0.0,3.146204104747622e-05,-3.146204104747622e-05
musical instrument digital interface midi software,Hard Skill,0,3,0.0,3.146204104747622e-05,-3.146204104747622e-05
mutation testing software,Hard Skill,0,3,0.0,3.146204104747622e-05,-3.146204104747622e-05
crystalmaker,Hard Skill,0,3,0.0,3.146204104747622e-05,-3.146204104747622e-05
cpsi cpsi system,Hard Skill,0,3,0.0,3.146204104747622e-05,-3.146204104747622e-05
sbs international maestro suite,Hard Skill,0,3,0.0,3.146204104747622e-05,-3.146204104747622e-05
multi-line optical character reader ocr software,Hard Skill,0,3,0.0,3.146204104747622e-05,-3.146204104747622e-05
technical manual database software,Hard Skill,0,3,0.0,3.146204104747622e-05,-3.146204104747622e-05
watir,Hard Skill,0,3,0.0,3.146204104747622e-05,-3.146204104747622e-05
wavefunction spartan,Hard Skill,0,3,0.0,3.146204104747622e-05,-3.146204104747622e-05
document object model dom scripting,Hard Skill,0,3,0.0,3.146204104747622e-05,-3.146204104747622e-05
distributed component object model dcom software,Hard Skill,0,3,0.0,3.146204104747622e-05,-3.146204104747622e-05
disassembler software,Hard Skill,0,3,0.0,3.146204104747622e-05,-3.146204104747622e-05
ibm check processing control system cpsc,Hard Skill,0,3,0.0,3.146204104747622e-05,-3.146204104747622e-05
national instruments multisim,Hard Skill,0,3,0.0,3.146204104747622e-05,-3.146204104747622e-05
quantitative micro software eviews,Hard Skill,0,3,0.0,3.146204104747622e-05,-3.146204104747622e-05
atx total accounting office,Hard Skill,0,3,0.0,3.146204104747622e-05,-3.146204104747622e-05
audion laboratories voxpro,Hard Skill,0,3,0.0,3.146204104747622e-05,-3.146204104747622e-05
schlumberger petrel e&p,Hard Skill,0,3,0.0,3.146204104747622e-05,-3.146204104747622e-05
invision software,Hard Skill,0,3,0.0,3.146204104747622e-05,-3.146204104747622e-05
invivo data epx epro management system,Hard Skill,0,3,0.0,3.146204104747622e-05,-3.146204104747622e-05
ipro,Hard Skill,0,3,0.0,3.146204104747622e-05,-3.146204104747622e-05
intuit turbotax,Hard Skill,0,3,0.0,3.146204104747622e-05,-3.146204104747622e-05
oberon,Hard Skill,0,3,0.0,3.146204104747622e-05,-3.146204104747622e-05
nuesoft technologies nuemd,Hard Skill,0,3,0.0,3.146204104747622e-05,-3.146204104747622e-05
apple cocoa,Hard Skill,0,3,0.0,3.146204104747622e-05,-3.146204104747622e-05
water flow modeling software,Hard Skill,0,3,0.0,3.146204104747622e-05,-3.146204104747622e-05
hydrologic simulation program fortan hspf software,Hard Skill,0,3,0.0,3.146204104747622e-05,-3.146204104747622e-05
hydrosolve aqtesolv,Hard Skill,0,3,0.0,3.146204104747622e-05,-3.146204104747622e-05
digital imaging communications in medicine dicom medical imaging software,Hard Skill,0,3,0.0,3.146204104747622e-05,-3.146204104747622e-05
technical data management system tdms,Hard Skill,0,3,0.0,3.146204104747622e-05,-3.146204104747622e-05
quality control software,Hard Skill,0,3,0.0,3.146204104747622e-05,-3.146204104747622e-05
qualtrics insight,Hard Skill,0,3,0.0,3.146204104747622e-05,-3.146204104747622e-05
atlas construction business forms,Hard Skill,0,3,0.0,3.146204104747622e-05,-3.146204104747622e-05
atlassian bitbucket,Hard Skill,0,3,0.0,3.146204104747622e-05,-3.146204104747622e-05
athena software penelope case management,Hard Skill,0,3,0.0,3.146204104747622e-05,-3.146204104747622e-05
qsm slim suite,Hard Skill,0,3,0.0,3.146204104747622e-05,-3.146204104747622e-05
data acquisition systems,Hard Skill,0,3,0.0,3.146204104747622e-05,-3.146204104747622e-05
inventory software,Hard Skill,0,3,0.0,3.146204104747622e-05,-3.146204104747622e-05
interstate connection icon,Hard Skill,0,3,0.0,3.146204104747622e-05,-3.146204104747622e-05
wam software,Hard Skill,0,3,0.0,3.146204104747622e-05,-3.146204104747622e-05
ward systems group genehunter,Hard Skill,0,3,0.0,3.146204104747622e-05,-3.146204104747622e-05
norton antivirus,Hard Skill,0,3,0.0,3.146204104747622e-05,-3.146204104747622e-05
teleconferencing software,Hard Skill,0,3,0.0,3.146204104747622e-05,-3.146204104747622e-05
o*net online,Hard Skill,0,3,0.0,3.146204104747622e-05,-3.146204104747622e-05
inscribe,Hard Skill,0,3,0.0,3.146204104747622e-05,-3.146204104747622e-05
interoperability testing software,Hard Skill,0,3,0.0,3.146204104747622e-05,-3.146204104747622e-05
database reporting software,Hard Skill,0,3,0.0,3.146204104747622e-05,-3.146204104747622e-05
data modeling software,Hard Skill,0,3,0.0,3.146204104747622e-05,-3.146204104747622e-05
visual statement vista fx3 csi,Hard Skill,0,3,0.0,3.146204104747622e-05,-3.146204104747622e-05
aspen graphics technical analysis software,Hard Skill,0,3,0.0,3.146204104747622e-05,-3.146204104747622e-05
information systems integration software,Hard Skill,0,3,0.0,3.146204104747622e-05,-3.146204104747622e-05
integration testing software,Hard Skill,0,3,0.0,3.146204104747622e-05,-3.146204104747622e-05
image editing software,Hard Skill,0,3,0.0,3.146204104747622e-05,-3.146204104747622e-05
image enhancement software,Hard Skill,0,3,0.0,3.146204104747622e-05,-3.146204104747622e-05
testing software,Hard Skill,0,3,0.0,3.146204104747622e-05,-3.146204104747622e-05
datavision,Hard Skill,0,3,0.0,3.146204104747622e-05,-3.146204104747622e-05
dataworks plus digital crimescene,Hard Skill,0,3,0.0,3.146204104747622e-05,-3.146204104747622e-05
daysmart software appointment-plus,Hard Skill,0,3,0.0,3.146204104747622e-05,-3.146204104747622e-05
testng,Hard Skill,0,3,0.0,3.146204104747622e-05,-3.146204104747622e-05
infor erp baan,Hard Skill,0,3,0.0,3.146204104747622e-05,-3.146204104747622e-05
iea software emerald,Hard Skill,0,3,0.0,3.146204104747622e-05,-3.146204104747622e-05
icon programming language,Hard Skill,0,3,0.0,3.146204104747622e-05,-3.146204104747622e-05
idx systems patient chart tracking,Hard Skill,0,3,0.0,3.146204104747622e-05,-3.146204104747622e-05
deoxyribonucleic acid dna sequence analysis software,Hard Skill,0,3,0.0,3.146204104747622e-05,-3.146204104747622e-05
derivicom finoptions xl,Hard Skill,0,3,0.0,3.146204104747622e-05,-3.146204104747622e-05
design of experiments doe software,Hard Skill,0,3,0.0,3.146204104747622e-05,-3.146204104747622e-05
ibm tivoli software,Hard Skill,0,3,0.0,3.146204104747622e-05,-3.146204104747622e-05
icanotes,Hard Skill,0,3,0.0,3.146204104747622e-05,-3.146204104747622e-05
icims talent cloud software,Hard Skill,0,3,0.0,3.146204104747622e-05,-3.146204104747622e-05
ibm rational purifyplus,Hard Skill,0,3,0.0,3.146204104747622e-05,-3.146204104747622e-05
vue.javascript,Hard Skill,0,3,0.0,3.146204104747622e-05,-3.146204104747622e-05
ptc pro/pipe,Hard Skill,0,3,0.0,3.146204104747622e-05,-3.146204104747622e-05
neurosolutions for matlab,Hard Skill,0,3,0.0,3.146204104747622e-05,-3.146204104747622e-05
delivery operations information system dois,Hard Skill,0,3,0.0,3.146204104747622e-05,-3.146204104747622e-05
decisioneering crystal ball,Hard Skill,0,3,0.0,3.146204104747622e-05,-3.146204104747622e-05
seamonkey,Hard Skill,0,3,0.0,3.146204104747622e-05,-3.146204104747622e-05
ihs petra,Hard Skill,0,3,0.0,3.146204104747622e-05,-3.146204104747622e-05
security testing software,Hard Skill,0,3,0.0,3.146204104747622e-05,-3.146204104747622e-05
terminal emulation software,Hard Skill,0,3,0.0,3.146204104747622e-05,-3.146204104747622e-05
test automation software,Hard Skill,0,3,0.0,3.146204104747622e-05,-3.146204104747622e-05
test design software,Hard Skill,0,3,0.0,3.146204104747622e-05,-3.146204104747622e-05
test implementation software,Hard Skill,0,3,0.0,3.146204104747622e-05,-3.146204104747622e-05
incident command system ics software,Hard Skill,0,3,0.0,3.146204104747622e-05,-3.146204104747622e-05
individualized educational program iep software,Hard Skill,0,3,0.0,3.146204104747622e-05,-3.146204104747622e-05
qgis,Hard Skill,0,3,0.0,3.146204104747622e-05,-3.146204104747622e-05
ardupilot mission planner,Hard Skill,0,3,0.0,3.146204104747622e-05,-3.146204104747622e-05
aptean made2manage,Hard Skill,0,3,0.0,3.146204104747622e-05,-3.146204104747622e-05
yardi systems yardi enterprise,Hard Skill,0,3,0.0,3.146204104747622e-05,-3.146204104747622e-05
fifth walk billingtracker,Hard Skill,0,3,0.0,3.146204104747622e-05,-3.146204104747622e-05
fault tree analysis fta software,Hard Skill,0,3,0.0,3.146204104747622e-05,-3.146204104747622e-05
portswigger burp suite,Hard Skill,0,3,0.0,3.146204104747622e-05,-3.146204104747622e-05
xp software xpswmm,Hard Skill,0,3,0.0,3.146204104747622e-05,-3.146204104747622e-05
accessdata ftk,Hard Skill,0,3,0.0,3.146204104747622e-05,-3.146204104747622e-05
accounts payable software,Hard Skill,0,3,0.0,3.146204104747622e-05,-3.146204104747622e-05
abc compiler,Hard Skill,0,3,0.0,3.146204104747622e-05,-3.146204104747622e-05
abc: the aspectbench compiler for aspectj,Hard Skill,0,3,0.0,3.146204104747622e-05,-3.146204104747622e-05
a-systems jobview,Hard Skill,0,3,0.0,3.146204104747622e-05,-3.146204104747622e-05
stat! systems qd clinical,Hard Skill,0,3,0.0,3.146204104747622e-05,-3.146204104747622e-05
state soil geographic statsgo database,Hard Skill,0,3,0.0,3.146204104747622e-05,-3.146204104747622e-05
statgraphics,Hard Skill,0,3,0.0,3.146204104747622e-05,-3.146204104747622e-05
financial planning software,Hard Skill,0,3,0.0,3.146204104747622e-05,-3.146204104747622e-05
file server software,Hard Skill,0,3,0.0,3.146204104747622e-05,-3.146204104747622e-05
file transfer protocol ftp software,Hard Skill,0,3,0.0,3.146204104747622e-05,-3.146204104747622e-05
pentaho kettle,Hard Skill,0,3,0.0,3.146204104747622e-05,-3.146204104747622e-05
actsoft comet tracker,Hard Skill,0,3,0.0,3.146204104747622e-05,-3.146204104747622e-05
practice partner total practice partner,Hard Skill,0,4,0.0,4.194938806330163e-05,-4.194938806330163e-05
exact software macola es,Hard Skill,0,4,0.0,4.194938806330163e-05,-4.194938806330163e-05
experian credinomics,Hard Skill,0,4,0.0,4.194938806330163e-05,-4.194938806330163e-05
fleet management software,Hard Skill,0,4,0.0,4.194938806330163e-05,-4.194938806330163e-05
ugcs,Hard Skill,0,4,0.0,4.194938806330163e-05,-4.194938806330163e-05
bugzilla,Hard Skill,0,4,0.0,4.194938806330163e-05,-4.194938806330163e-05
apple quicktime,Hard Skill,0,4,0.0,4.194938806330163e-05,-4.194938806330163e-05
delphi discovery,Hard Skill,0,4,0.0,4.194938806330163e-05,-4.194938806330163e-05
deltek costpoint,Hard Skill,0,4,0.0,4.194938806330163e-05,-4.194938806330163e-05
dbase plus,Hard Skill,0,4,0.0,4.194938806330163e-05,-4.194938806330163e-05
imsi turbocad,Hard Skill,0,4,0.0,4.194938806330163e-05,-4.194938806330163e-05
micros systems hsi profits series,Hard Skill,0,4,0.0,4.194938806330163e-05,-4.194938806330163e-05
patient tracking software,Hard Skill,0,4,0.0,4.194938806330163e-05,-4.194938806330163e-05
sparta systems trackwise,Hard Skill,0,4,0.0,4.194938806330163e-05,-4.194938806330163e-05
source code editor software,Hard Skill,0,4,0.0,4.194938806330163e-05,-4.194938806330163e-05
microsoft frx,Hard Skill,0,4,0.0,4.194938806330163e-05,-4.194938806330163e-05
regression testing software,Hard Skill,0,4,0.0,4.194938806330163e-05,-4.194938806330163e-05
relational database management system software,Hard Skill,0,4,0.0,4.194938806330163e-05,-4.194938806330163e-05
microsoft azure devops services,Hard Skill,0,4,0.0,4.194938806330163e-05,-4.194938806330163e-05
scientific software international hlm,Hard Skill,0,4,0.0,4.194938806330163e-05,-4.194938806330163e-05
instant messaging software,Hard Skill,0,4,0.0,4.194938806330163e-05,-4.194938806330163e-05
informatica corporation powercenter,Hard Skill,0,4,0.0,4.194938806330163e-05,-4.194938806330163e-05
security incident management software,Hard Skill,0,4,0.0,4.194938806330163e-05,-4.194938806330163e-05
metasploit,Hard Skill,0,4,0.0,4.194938806330163e-05,-4.194938806330163e-05
adobe experience manager (aem),Hard Skill,0,4,0.0,4.194938806330163e-05,-4.194938806330163e-05
ethereal,Hard Skill,0,4,0.0,4.194938806330163e-05,-4.194938806330163e-05
centers for disease control and prevention epi info,Hard Skill,0,4,0.0,4.194938806330163e-05,-4.194938806330163e-05
carlson survcadd,Hard Skill,0,4,0.0,4.194938806330163e-05,-4.194938806330163e-05
ceridian dayforce enterprise hcm,Hard Skill,0,4,0.0,4.194938806330163e-05,-4.194938806330163e-05
restaurantplus pro,Hard Skill,0,4,0.0,4.194938806330163e-05,-4.194938806330163e-05
bootstrap,Hard Skill,0,4,0.0,4.194938806330163e-05,-4.194938806330163e-05
redis,Hard Skill,0,4,0.0,4.194938806330163e-05,-4.194938806330163e-05
usability testing software,Hard Skill,0,4,0.0,4.194938806330163e-05,-4.194938806330163e-05
measure square floorestimate pro,Hard Skill,0,4,0.0,4.194938806330163e-05,-4.194938806330163e-05
medcomsoft record,Hard Skill,0,4,0.0,4.194938806330163e-05,-4.194938806330163e-05
trimble pathfinder office,Hard Skill,0,4,0.0,4.194938806330163e-05,-4.194938806330163e-05
bloomberg professional,Hard Skill,0,4,0.0,4.194938806330163e-05,-4.194938806330163e-05
gnuplot,Hard Skill,0,4,0.0,4.194938806330163e-05,-4.194938806330163e-05
general ledger software,Hard Skill,0,4,0.0,4.194938806330163e-05,-4.194938806330163e-05
dartware intermapper,Hard Skill,0,4,0.0,4.194938806330163e-05,-4.194938806330163e-05
ncr neighborhoodpos,Hard Skill,0,4,0.0,4.194938806330163e-05,-4.194938806330163e-05
as/400 database,Hard Skill,0,4,0.0,4.194938806330163e-05,-4.194938806330163e-05
articulate rapid e-learning studio,Hard Skill,0,4,0.0,4.194938806330163e-05,-4.194938806330163e-05
vmware esx server,Hard Skill,0,4,0.0,4.194938806330163e-05,-4.194938806330163e-05
pytorch,Hard Skill,0,4,0.0,4.194938806330163e-05,-4.194938806330163e-05
network and system vulnerability assessment software,Hard Skill,0,4,0.0,4.194938806330163e-05,-4.194938806330163e-05
gitlab,Hard Skill,0,4,0.0,4.194938806330163e-05,-4.194938806330163e-05
adobe presenter,Hard Skill,0,4,0.0,4.194938806330163e-05,-4.194938806330163e-05
valusoft mastercook,Hard Skill,0,4,0.0,4.194938806330163e-05,-4.194938806330163e-05
rockware modflow,Hard Skill,0,4,0.0,4.194938806330163e-05,-4.194938806330163e-05
mathematical software,Hard Skill,0,4,0.0,4.194938806330163e-05,-4.194938806330163e-05
geogebra,Hard Skill,0,4,0.0,4.194938806330163e-05,-4.194938806330163e-05
intrusion detection system ids,Hard Skill,0,4,0.0,4.194938806330163e-05,-4.194938806330163e-05
application management software,Hard Skill,0,4,0.0,4.194938806330163e-05,-4.194938806330163e-05
noldus information technology the observer xt,Hard Skill,0,4,0.0,4.194938806330163e-05,-4.194938806330163e-05
diagramming software,Hard Skill,0,4,0.0,4.194938806330163e-05,-4.194938806330163e-05
techsmith camtasia,Hard Skill,0,4,0.0,4.194938806330163e-05,-4.194938806330163e-05
ibm qradar siem,Hard Skill,0,4,0.0,4.194938806330163e-05,-4.194938806330163e-05
instructure canvas,Hard Skill,0,4,0.0,4.194938806330163e-05,-4.194938806330163e-05
esri arcmap,Hard Skill,0,4,0.0,4.194938806330163e-05,-4.194938806330163e-05
gnu octave,Hard Skill,0,4,0.0,4.194938806330163e-05,-4.194938806330163e-05
microsoft power automate,Hard Skill,0,4,0.0,4.194938806330163e-05,-4.194938806330163e-05
red hat ansible engine,Hard Skill,0,4,0.0,4.194938806330163e-05,-4.194938806330163e-05
mapinfo professional,Hard Skill,0,4,0.0,4.194938806330163e-05,-4.194938806330163e-05
wonderware software,Hard Skill,0,4,0.0,4.194938806330163e-05,-4.194938806330163e-05
scheme,Hard Skill,0,4,0.0,4.194938806330163e-05,-4.194938806330163e-05
apple appleworks,Hard Skill,0,4,0.0,4.194938806330163e-05,-4.194938806330163e-05
apache oozie,Hard Skill,0,4,0.0,4.194938806330163e-05,-4.194938806330163e-05
hyland onbase enterprise content management,Hard Skill,0,4,0.0,4.194938806330163e-05,-4.194938806330163e-05
hyland software onbase,Hard Skill,0,4,0.0,4.194938806330163e-05,-4.194938806330163e-05
netsuite netcrm,Hard Skill,0,4,0.0,4.194938806330163e-05,-4.194938806330163e-05
ncr advanced checkout solution,Hard Skill,0,4,0.0,4.194938806330163e-05,-4.194938806330163e-05
order management software,Hard Skill,0,4,0.0,4.194938806330163e-05,-4.194938806330163e-05
originlab origin,Hard Skill,0,4,0.0,4.194938806330163e-05,-4.194938806330163e-05
google chrome,Hard Skill,0,4,0.0,4.194938806330163e-05,-4.194938806330163e-05
m-code,Hard Skill,0,4,0.0,4.194938806330163e-05,-4.194938806330163e-05
cloudcompare,Hard Skill,0,4,0.0,4.194938806330163e-05,-4.194938806330163e-05
embarcadero jbuilder,Hard Skill,0,4,0.0,4.194938806330163e-05,-4.194938806330163e-05
winestimator winest,Hard Skill,0,4,0.0,4.194938806330163e-05,-4.194938806330163e-05
oracle sql loader,Hard Skill,0,4,0.0,4.194938806330163e-05,-4.194938806330163e-05
bentley geopak bridge,Hard Skill,0,4,0.0,4.194938806330163e-05,-4.194938806330163e-05
beginner's all-purpose symbolic instruction code basic,Hard Skill,0,4,0.0,4.194938806330163e-05,-4.194938806330163e-05
load testing software,Hard Skill,0,4,0.0,4.194938806330163e-05,-4.194938806330163e-05
sage 100 contractor,Hard Skill,0,4,0.0,4.194938806330163e-05,-4.194938806330163e-05
craftsman cd estimator,Hard Skill,0,4,0.0,4.194938806330163e-05,-4.194938806330163e-05
scanning software,Hard Skill,0,4,0.0,4.194938806330163e-05,-4.194938806330163e-05
apache sqoop,Hard Skill,0,4,0.0,4.194938806330163e-05,-4.194938806330163e-05
apache avro,Hard Skill,0,4,0.0,4.194938806330163e-05,-4.194938806330163e-05
dm2 bills of lading,Hard Skill,0,4,0.0,4.194938806330163e-05,-4.194938806330163e-05
tax compliance property tax management software,Hard Skill,0,4,0.0,4.194938806330163e-05,-4.194938806330163e-05
ibm cognos business intelligence,Hard Skill,0,4,0.0,4.194938806330163e-05,-4.194938806330163e-05
quickbase business management software,Hard Skill,0,4,0.0,4.194938806330163e-05,-4.194938806330163e-05
navisworks jetstream,Hard Skill,0,4,0.0,4.194938806330163e-05,-4.194938806330163e-05
airdata,Hard Skill,0,4,0.0,4.194938806330163e-05,-4.194938806330163e-05
softech cadra,Hard Skill,0,4,0.0,4.194938806330163e-05,-4.194938806330163e-05
survey software,Hard Skill,0,4,0.0,4.194938806330163e-05,-4.194938806330163e-05
emc documentum,Hard Skill,0,4,0.0,4.194938806330163e-05,-4.194938806330163e-05
element management software,Hard Skill,0,4,0.0,4.194938806330163e-05,-4.194938806330163e-05
graphpad software graphpad prism,Hard Skill,0,4,0.0,4.194938806330163e-05,-4.194938806330163e-05
avidian technologies prophet,Hard Skill,0,4,0.0,4.194938806330163e-05,-4.194938806330163e-05
hmis advantage,Hard Skill,0,4,0.0,4.194938806330163e-05,-4.194938806330163e-05
talend big data integration,Hard Skill,0,4,0.0,4.194938806330163e-05,-4.194938806330163e-05
talend data fabric,Hard Skill,0,4,0.0,4.194938806330163e-05,-4.194938806330163e-05
domain name system dns,Hard Skill,0,4,0.0,4.194938806330163e-05,-4.194938806330163e-05
human modeling software,Hard Skill,0,4,0.0,4.194938806330163e-05,-4.194938806330163e-05
apache jmeter,Hard Skill,0,4,0.0,4.194938806330163e-05,-4.194938806330163e-05
virus scanning software,Hard Skill,0,4,0.0,4.194938806330163e-05,-4.194938806330163e-05
muthen & muthen mplus,Hard Skill,0,4,0.0,4.194938806330163e-05,-4.194938806330163e-05
itt visual information solutions envi,Hard Skill,0,4,0.0,4.194938806330163e-05,-4.194938806330163e-05
iron mountain accutrac records management software,Hard Skill,0,4,0.0,4.194938806330163e-05,-4.194938806330163e-05
culinary software services cheftec,Hard Skill,0,4,0.0,4.194938806330163e-05,-4.194938806330163e-05
crime mapping software,Hard Skill,0,4,0.0,4.194938806330163e-05,-4.194938806330163e-05
hand held spell checkers,Hard Skill,0,4,0.0,4.194938806330163e-05,-4.194938806330163e-05
hardware description language hdl,Hard Skill,0,4,0.0,4.194938806330163e-05,-4.194938806330163e-05
promodel,Hard Skill,0,4,0.0,4.194938806330163e-05,-4.194938806330163e-05
allscripts healthcare automation software,Hard Skill,0,4,0.0,4.194938806330163e-05,-4.194938806330163e-05
allscripts sunrise,Hard Skill,0,4,0.0,4.194938806330163e-05,-4.194938806330163e-05
symantec visual cafe,Hard Skill,0,4,0.0,4.194938806330163e-05,-4.194938806330163e-05
axxya systems nutritionist pro,Hard Skill,0,4,0.0,4.194938806330163e-05,-4.194938806330163e-05
aya associates comp-u-floor,Hard Skill,0,4,0.0,4.194938806330163e-05,-4.194938806330163e-05
microsoft windows xp,Hard Skill,0,4,0.0,4.194938806330163e-05,-4.194938806330163e-05
compris software,Hard Skill,0,4,0.0,4.194938806330163e-05,-4.194938806330163e-05
computer aided composite drawing software,Hard Skill,0,4,0.0,4.194938806330163e-05,-4.194938806330163e-05
systemverilog,Hard Skill,0,4,0.0,4.194938806330163e-05,-4.194938806330163e-05
drawing and drafting software,Hard Skill,0,4,0.0,4.194938806330163e-05,-4.194938806330163e-05
drawing software,Hard Skill,0,4,0.0,4.194938806330163e-05,-4.194938806330163e-05
hewlett-packard hp openvms,Hard Skill,0,4,0.0,4.194938806330163e-05,-4.194938806330163e-05
autodesk autocad mechanical,Hard Skill,0,4,0.0,4.194938806330163e-05,-4.194938806330163e-05
msc software nastran,Hard Skill,0,4,0.0,4.194938806330163e-05,-4.194938806330163e-05
cpr international generalcost estimator,Hard Skill,0,4,0.0,4.194938806330163e-05,-4.194938806330163e-05
three-dimensional modeling software,Hard Skill,0,4,0.0,4.194938806330163e-05,-4.194938806330163e-05
motion analysis software,Hard Skill,0,4,0.0,4.194938806330163e-05,-4.194938806330163e-05
time and attendance software,Hard Skill,0,4,0.0,4.194938806330163e-05,-4.194938806330163e-05
time reporting software,Hard Skill,0,4,0.0,4.194938806330163e-05,-4.194938806330163e-05
contact management software,Hard Skill,0,4,0.0,4.194938806330163e-05,-4.194938806330163e-05
tibco spotfire,Hard Skill,0,4,0.0,4.194938806330163e-05,-4.194938806330163e-05
kodak dental systems kodak softdent practice management software pms,Hard Skill,0,4,0.0,4.194938806330163e-05,-4.194938806330163e-05
mitre att&ck software,Hard Skill,0,4,0.0,4.194938806330163e-05,-4.194938806330163e-05
vero software edgecam,Hard Skill,0,4,0.0,4.194938806330163e-05,-4.194938806330163e-05
vero software surfcam,Hard Skill,0,4,0.0,4.194938806330163e-05,-4.194938806330163e-05
property management system pms software,Hard Skill,0,4,0.0,4.194938806330163e-05,-4.194938806330163e-05
wide area network wan software,Hard Skill,0,4,0.0,4.194938806330163e-05,-4.194938806330163e-05
oracle cloud software,Hard Skill,0,4,0.0,4.194938806330163e-05,-4.194938806330163e-05
oracle e-business suite,Hard Skill,0,4,0.0,4.194938806330163e-05,-4.194938806330163e-05
educational software,Hard Skill,0,4,0.0,4.194938806330163e-05,-4.194938806330163e-05
avid technology inews,Hard Skill,0,4,0.0,4.194938806330163e-05,-4.194938806330163e-05
website development software,Hard Skill,0,4,0.0,4.194938806330163e-05,-4.194938806330163e-05
haskell,Hard Skill,0,4,0.0,4.194938806330163e-05,-4.194938806330163e-05
skm systems analysis power tools,Hard Skill,0,4,0.0,4.194938806330163e-05,-4.194938806330163e-05
systat software sigmastat,Hard Skill,0,4,0.0,4.194938806330163e-05,-4.194938806330163e-05
system and data disaster recovery software,Hard Skill,0,4,0.0,4.194938806330163e-05,-4.194938806330163e-05
hec-1,Hard Skill,0,4,0.0,4.194938806330163e-05,-4.194938806330163e-05
video analysis software,Hard Skill,0,4,0.0,4.194938806330163e-05,-4.194938806330163e-05
sap netweaver bw,Hard Skill,0,4,0.0,4.194938806330163e-05,-4.194938806330163e-05
ladder logic,Hard Skill,0,4,0.0,4.194938806330163e-05,-4.194938806330163e-05
computer numerical control cnc software,Hard Skill,0,4,0.0,4.194938806330163e-05,-4.194938806330163e-05
computer based training software,Hard Skill,0,4,0.0,4.194938806330163e-05,-4.194938806330163e-05
computer imaging software,Hard Skill,0,4,0.0,4.194938806330163e-05,-4.194938806330163e-05
time tracking software,Hard Skill,0,4,0.0,4.194938806330163e-05,-4.194938806330163e-05
very high speed integrated circuit vhsic hardware description language vhdl simulation software,Hard Skill,0,4,0.0,4.194938806330163e-05,-4.194938806330163e-05
automated inventory software,Hard Skill,0,4,0.0,4.194938806330163e-05,-4.194938806330163e-05
guidance software encase enterprise,Hard Skill,0,4,0.0,4.194938806330163e-05,-4.194938806330163e-05
phylip,Hard Skill,0,4,0.0,4.194938806330163e-05,-4.194938806330163e-05
ping identity,Hard Skill,0,4,0.0,4.194938806330163e-05,-4.194938806330163e-05
abacusnext hotdocs,Hard Skill,0,4,0.0,4.194938806330163e-05,-4.194938806330163e-05
calendar software,Hard Skill,0,4,0.0,4.194938806330163e-05,-4.194938806330163e-05
arcsight enterprise threat and risk management,Hard Skill,0,4,0.0,4.194938806330163e-05,-4.194938806330163e-05
a programming language apl,Hard Skill,0,4,0.0,4.194938806330163e-05,-4.194938806330163e-05
zabbix,Hard Skill,0,4,0.0,4.194938806330163e-05,-4.194938806330163e-05
financial reporting software,Hard Skill,0,4,0.0,4.194938806330163e-05,-4.194938806330163e-05
filing system software,Hard Skill,0,4,0.0,4.194938806330163e-05,-4.194938806330163e-05
perforce software,Hard Skill,0,4,0.0,4.194938806330163e-05,-4.194938806330163e-05
active directory software,Hard Skill,0,5,0.0,5.2436735079127034e-05,-5.2436735079127034e-05
personnel scheduling software,Hard Skill,0,5,0.0,5.2436735079127034e-05,-5.2436735079127034e-05
failure mode and effects analysis fmea software,Hard Skill,0,5,0.0,5.2436735079127034e-05,-5.2436735079127034e-05
field programmable gate array fpga design software,Hard Skill,0,5,0.0,5.2436735079127034e-05,-5.2436735079127034e-05
accounts receivable software,Hard Skill,0,5,0.0,5.2436735079127034e-05,-5.2436735079127034e-05
acd systems canvas,Hard Skill,0,5,0.0,5.2436735079127034e-05,-5.2436735079127034e-05
platform as a service paas,Hard Skill,0,5,0.0,5.2436735079127034e-05,-5.2436735079127034e-05
pointclickcare healthcare software,Hard Skill,0,5,0.0,5.2436735079127034e-05,-5.2436735079127034e-05
voice recognition software,Hard Skill,0,5,0.0,5.2436735079127034e-05,-5.2436735079127034e-05
pcc pediatric partner,Hard Skill,0,5,0.0,5.2436735079127034e-05,-5.2436735079127034e-05
ab initio,Hard Skill,0,5,0.0,5.2436735079127034e-05,-5.2436735079127034e-05
pinterest,Hard Skill,0,5,0.0,5.2436735079127034e-05,-5.2436735079127034e-05
calibration software,Hard Skill,0,5,0.0,5.2436735079127034e-05,-5.2436735079127034e-05
monte carlo simulation software,Hard Skill,0,5,0.0,5.2436735079127034e-05,-5.2436735079127034e-05
oracle business intelligence discoverer,Hard Skill,0,5,0.0,5.2436735079127034e-05,-5.2436735079127034e-05
heat software goldmine,Hard Skill,0,5,0.0,5.2436735079127034e-05,-5.2436735079127034e-05
autodessys form z,Hard Skill,0,5,0.0,5.2436735079127034e-05,-5.2436735079127034e-05
videoconferencing software,Hard Skill,0,5,0.0,5.2436735079127034e-05,-5.2436735079127034e-05
sap concur,Hard Skill,0,5,0.0,5.2436735079127034e-05,-5.2436735079127034e-05
hec-hms,Hard Skill,0,5,0.0,5.2436735079127034e-05,-5.2436735079127034e-05
econometric software limdep,Hard Skill,0,5,0.0,5.2436735079127034e-05,-5.2436735079127034e-05
smalltalk,Hard Skill,0,5,0.0,5.2436735079127034e-05,-5.2436735079127034e-05
audacity,Hard Skill,0,5,0.0,5.2436735079127034e-05,-5.2436735079127034e-05
tcpdump,Hard Skill,0,5,0.0,5.2436735079127034e-05,-5.2436735079127034e-05
smartdraw legal,Hard Skill,0,5,0.0,5.2436735079127034e-05,-5.2436735079127034e-05
sage erp accpac,Hard Skill,0,5,0.0,5.2436735079127034e-05,-5.2436735079127034e-05
sage hrms,Hard Skill,0,5,0.0,5.2436735079127034e-05,-5.2436735079127034e-05
electronic design automation eda software,Hard Skill,0,5,0.0,5.2436735079127034e-05,-5.2436735079127034e-05
mumps m,Hard Skill,0,5,0.0,5.2436735079127034e-05,-5.2436735079127034e-05
sage mas 200 erp,Hard Skill,0,5,0.0,5.2436735079127034e-05,-5.2436735079127034e-05
construction software center easyest,Hard Skill,0,5,0.0,5.2436735079127034e-05,-5.2436735079127034e-05
sap erp,Hard Skill,0,5,0.0,5.2436735079127034e-05,-5.2436735079127034e-05
oracle application server,Hard Skill,0,5,0.0,5.2436735079127034e-05,-5.2436735079127034e-05
eiffel,Hard Skill,0,5,0.0,5.2436735079127034e-05,-5.2436735079127034e-05
optical character recognition ocr software,Hard Skill,0,5,0.0,5.2436735079127034e-05,-5.2436735079127034e-05
avid technology audio visual editing software,Hard Skill,0,5,0.0,5.2436735079127034e-05,-5.2436735079127034e-05
apache hbase,Hard Skill,0,5,0.0,5.2436735079127034e-05,-5.2436735079127034e-05
human resources management system hrms,Hard Skill,0,5,0.0,5.2436735079127034e-05,-5.2436735079127034e-05
siemens solid edge,Hard Skill,0,5,0.0,5.2436735079127034e-05,-5.2436735079127034e-05
litchi,Hard Skill,0,5,0.0,5.2436735079127034e-05,-5.2436735079127034e-05
local area network lan software,Hard Skill,0,5,0.0,5.2436735079127034e-05,-5.2436735079127034e-05
kapwing,Hard Skill,0,5,0.0,5.2436735079127034e-05,-5.2436735079127034e-05
cost accounting software,Hard Skill,0,5,0.0,5.2436735079127034e-05,-5.2436735079127034e-05
autodesk 3ds max design,Hard Skill,0,5,0.0,5.2436735079127034e-05,-5.2436735079127034e-05
configuration management software,Hard Skill,0,5,0.0,5.2436735079127034e-05,-5.2436735079127034e-05
single sign-on sso,Hard Skill,0,5,0.0,5.2436735079127034e-05,-5.2436735079127034e-05
slido interaction software,Hard Skill,0,5,0.0,5.2436735079127034e-05,-5.2436735079127034e-05
optimization software,Hard Skill,0,5,0.0,5.2436735079127034e-05,-5.2436735079127034e-05
analyse-it,Hard Skill,0,5,0.0,5.2436735079127034e-05,-5.2436735079127034e-05
patch and update management software,Hard Skill,0,5,0.0,5.2436735079127034e-05,-5.2436735079127034e-05
patterson dental supply patterson eaglesoft,Hard Skill,0,5,0.0,5.2436735079127034e-05,-5.2436735079127034e-05
insight direct serviceceo,Hard Skill,0,5,0.0,5.2436735079127034e-05,-5.2436735079127034e-05
the cad zone the crime zone,Hard Skill,0,5,0.0,5.2436735079127034e-05,-5.2436735079127034e-05
ugs solid edge,Hard Skill,0,5,0.0,5.2436735079127034e-05,-5.2436735079127034e-05
rockwell automation arena,Hard Skill,0,5,0.0,5.2436735079127034e-05,-5.2436735079127034e-05
microsoft paint,Hard Skill,0,5,0.0,5.2436735079127034e-05,-5.2436735079127034e-05
designware 3d eyewitness,Hard Skill,0,5,0.0,5.2436735079127034e-05,-5.2436735079127034e-05
intrusion prevention system ips,Hard Skill,0,5,0.0,5.2436735079127034e-05,-5.2436735079127034e-05
database management systems,Hard Skill,0,5,0.0,5.2436735079127034e-05,-5.2436735079127034e-05
esri arcpad,Hard Skill,0,5,0.0,5.2436735079127034e-05,-5.2436735079127034e-05
esri arcview 3d analyst,Hard Skill,0,5,0.0,5.2436735079127034e-05,-5.2436735079127034e-05
diagnostic and procedural coding software,Hard Skill,0,5,0.0,5.2436735079127034e-05,-5.2436735079127034e-05
ibm informix,Hard Skill,0,5,0.0,5.2436735079127034e-05,-5.2436735079127034e-05
estimating software,Hard Skill,0,5,0.0,5.2436735079127034e-05,-5.2436735079127034e-05
pyxis medstation software,Hard Skill,0,5,0.0,5.2436735079127034e-05,-5.2436735079127034e-05
network intrusion detection software,Hard Skill,0,5,0.0,5.2436735079127034e-05,-5.2436735079127034e-05
esri arcgis spatial analyst,Hard Skill,0,5,0.0,5.2436735079127034e-05,-5.2436735079127034e-05
circuit simulation software,Hard Skill,0,5,0.0,5.2436735079127034e-05,-5.2436735079127034e-05
inventory control system software,Hard Skill,0,5,0.0,5.2436735079127034e-05,-5.2436735079127034e-05
esri arcims,Hard Skill,0,5,0.0,5.2436735079127034e-05,-5.2436735079127034e-05
mapinfo,Hard Skill,0,5,0.0,5.2436735079127034e-05,-5.2436735079127034e-05
epicor vantage erp,Hard Skill,0,5,0.0,5.2436735079127034e-05,-5.2436735079127034e-05
oracle reports,Hard Skill,0,5,0.0,5.2436735079127034e-05,-5.2436735079127034e-05
adp enterprise hr,Hard Skill,0,5,0.0,5.2436735079127034e-05,-5.2436735079127034e-05
data definition language ddl,Hard Skill,0,5,0.0,5.2436735079127034e-05,-5.2436735079127034e-05
apple iwork pages,Hard Skill,0,5,0.0,5.2436735079127034e-05,-5.2436735079127034e-05
data analysis software,Hard Skill,0,5,0.0,5.2436735079127034e-05,-5.2436735079127034e-05
national integrated ballistics information network nibin,Hard Skill,0,5,0.0,5.2436735079127034e-05,-5.2436735079127034e-05
epocrates,Hard Skill,0,5,0.0,5.2436735079127034e-05,-5.2436735079127034e-05
orcad capture,Hard Skill,0,5,0.0,5.2436735079127034e-05,-5.2436735079127034e-05
clustalw,Hard Skill,0,5,0.0,5.2436735079127034e-05,-5.2436735079127034e-05
oracle siebel server sync,Hard Skill,0,5,0.0,5.2436735079127034e-05,-5.2436735079127034e-05
bentley systems inroads suite,Hard Skill,0,5,0.0,5.2436735079127034e-05,-5.2436735079127034e-05
job costing software,Hard Skill,0,5,0.0,5.2436735079127034e-05,-5.2436735079127034e-05
apache flume,Hard Skill,0,5,0.0,5.2436735079127034e-05,-5.2436735079127034e-05
adobe distiller,Hard Skill,0,5,0.0,5.2436735079127034e-05,-5.2436735079127034e-05
adobe coldfusion,Hard Skill,0,5,0.0,5.2436735079127034e-05,-5.2436735079127034e-05
ibm rational requisitepro,Hard Skill,0,5,0.0,5.2436735079127034e-05,-5.2436735079127034e-05
image processing software,Hard Skill,0,5,0.0,5.2436735079127034e-05,-5.2436735079127034e-05
ado.net,Hard Skill,0,5,0.0,5.2436735079127034e-05,-5.2436735079127034e-05
tenable nessus,Hard Skill,0,5,0.0,5.2436735079127034e-05,-5.2436735079127034e-05
delcam powermill,Hard Skill,0,5,0.0,5.2436735079127034e-05,-5.2436735079127034e-05
microservices architecture,Hard Skill,0,5,0.0,5.2436735079127034e-05,-5.2436735079127034e-05
tensorflow,Hard Skill,0,5,0.0,5.2436735079127034e-05,-5.2436735079127034e-05
ultimate software ultipro workplace,Hard Skill,0,5,0.0,5.2436735079127034e-05,-5.2436735079127034e-05
statistical process control spc software,Hard Skill,0,5,0.0,5.2436735079127034e-05,-5.2436735079127034e-05
extensible stylesheet language xsl,Hard Skill,0,5,0.0,5.2436735079127034e-05,-5.2436735079127034e-05
pascal,Hard Skill,0,5,0.0,5.2436735079127034e-05,-5.2436735079127034e-05
neural network modeling software,Hard Skill,0,5,0.0,5.2436735079127034e-05,-5.2436735079127034e-05
deployment software,Hard Skill,0,5,0.0,5.2436735079127034e-05,-5.2436735079127034e-05
security assertion markup language saml,Hard Skill,0,5,0.0,5.2436735079127034e-05,-5.2436735079127034e-05
maya nastran,Hard Skill,0,5,0.0,5.2436735079127034e-05,-5.2436735079127034e-05
unity technologies unity,Hard Skill,0,5,0.0,5.2436735079127034e-05,-5.2436735079127034e-05
medical software,Hard Skill,0,5,0.0,5.2436735079127034e-05,-5.2436735079127034e-05
restructured extended executor rexx,Hard Skill,0,5,0.0,5.2436735079127034e-05,-5.2436735079127034e-05
informatica software,Hard Skill,0,5,0.0,5.2436735079127034e-05,-5.2436735079127034e-05
infor erp syteline,Hard Skill,0,5,0.0,5.2436735079127034e-05,-5.2436735079127034e-05
case management software,Hard Skill,0,5,0.0,5.2436735079127034e-05,-5.2436735079127034e-05
trimble terramodel,Hard Skill,0,5,0.0,5.2436735079127034e-05,-5.2436735079127034e-05
data manipulation language dml,Hard Skill,0,5,0.0,5.2436735079127034e-05,-5.2436735079127034e-05
chatbot software,Hard Skill,0,5,0.0,5.2436735079127034e-05,-5.2436735079127034e-05
asana,Hard Skill,0,5,0.0,5.2436735079127034e-05,-5.2436735079127034e-05
voice activated software,Hard Skill,0,5,0.0,5.2436735079127034e-05,-5.2436735079127034e-05
ibm aix,Hard Skill,0,6,0.0,6.292408209495244e-05,-6.292408209495244e-05
xactware xactimate,Hard Skill,0,6,0.0,6.292408209495244e-05,-6.292408209495244e-05
extensible stylesheet language transformations xslt,Hard Skill,0,6,0.0,6.292408209495244e-05,-6.292408209495244e-05
purchasing software,Hard Skill,0,6,0.0,6.292408209495244e-05,-6.292408209495244e-05
cadence pspice,Hard Skill,0,6,0.0,6.292408209495244e-05,-6.292408209495244e-05
microsoft dynamics ax,Hard Skill,0,6,0.0,6.292408209495244e-05,-6.292408209495244e-05
pcc ehr,Hard Skill,0,6,0.0,6.292408209495244e-05,-6.292408209495244e-05
pear deck,Hard Skill,0,6,0.0,6.292408209495244e-05,-6.292408209495244e-05
defect tracking software,Hard Skill,0,6,0.0,6.292408209495244e-05,-6.292408209495244e-05
adobe director,Hard Skill,0,6,0.0,6.292408209495244e-05,-6.292408209495244e-05
speech recognition software,Hard Skill,0,6,0.0,6.292408209495244e-05,-6.292408209495244e-05
network intrusion prevention systems nips,Hard Skill,0,6,0.0,6.292408209495244e-05,-6.292408209495244e-05
applicant tracking software,Hard Skill,0,6,0.0,6.292408209495244e-05,-6.292408209495244e-05
erp software,Hard Skill,0,6,0.0,6.292408209495244e-05,-6.292408209495244e-05
material safety data sheet msds software,Hard Skill,0,6,0.0,6.292408209495244e-05,-6.292408209495244e-05
classdojo,Hard Skill,0,6,0.0,6.292408209495244e-05,-6.292408209495244e-05
materials requirement planning mrp software,Hard Skill,0,6,0.0,6.292408209495244e-05,-6.292408209495244e-05
maxon cinema 4d,Hard Skill,0,6,0.0,6.292408209495244e-05,-6.292408209495244e-05
bloomz,Hard Skill,0,6,0.0,6.292408209495244e-05,-6.292408209495244e-05
esri software,Hard Skill,0,6,0.0,6.292408209495244e-05,-6.292408209495244e-05
graphics creation software,Hard Skill,0,6,0.0,6.292408209495244e-05,-6.292408209495244e-05
rockwell rslogix,Hard Skill,0,6,0.0,6.292408209495244e-05,-6.292408209495244e-05
avid technology media composer,Hard Skill,0,6,0.0,6.292408209495244e-05,-6.292408209495244e-05
on center quick bid,Hard Skill,0,6,0.0,6.292408209495244e-05,-6.292408209495244e-05
very high-speed integrated circuit vhsic hardware description language vhdl,Hard Skill,0,6,0.0,6.292408209495244e-05,-6.292408209495244e-05
web content management system cms software,Hard Skill,0,6,0.0,6.292408209495244e-05,-6.292408209495244e-05
systat software sigmaplot,Hard Skill,0,6,0.0,6.292408209495244e-05,-6.292408209495244e-05
openai chatgpt,Hard Skill,0,6,0.0,6.292408209495244e-05,-6.292408209495244e-05
list processing language lisp,Hard Skill,0,6,0.0,6.292408209495244e-05,-6.292408209495244e-05
computational fluid dynamics cfd software,Hard Skill,0,6,0.0,6.292408209495244e-05,-6.292408209495244e-05
construction management software proest,Hard Skill,0,6,0.0,6.292408209495244e-05,-6.292408209495244e-05
law enforcement information databases,Hard Skill,0,6,0.0,6.292408209495244e-05,-6.292408209495244e-05
content management systems cms,Hard Skill,0,6,0.0,6.292408209495244e-05,-6.292408209495244e-05
computerized numerical control cnc software,Hard Skill,0,6,0.0,6.292408209495244e-05,-6.292408209495244e-05
prognosis innovation healthcare chartaccess,Hard Skill,0,6,0.0,6.292408209495244e-05,-6.292408209495244e-05
quark enterprise publishing software,Hard Skill,0,6,0.0,6.292408209495244e-05,-6.292408209495244e-05
adobe captivate,Hard Skill,0,6,0.0,6.292408209495244e-05,-6.292408209495244e-05
integrated automated fingerprint identification system iafis,Hard Skill,0,6,0.0,6.292408209495244e-05,-6.292408209495244e-05
geographic resources analysis support system grass,Hard Skill,0,6,0.0,6.292408209495244e-05,-6.292408209495244e-05
network directory services software,Hard Skill,0,6,0.0,6.292408209495244e-05,-6.292408209495244e-05
desmos,Hard Skill,0,6,0.0,6.292408209495244e-05,-6.292408209495244e-05
budgeting software,Hard Skill,0,6,0.0,6.292408209495244e-05,-6.292408209495244e-05
the general store,Hard Skill,0,6,0.0,6.292408209495244e-05,-6.292408209495244e-05
embarcadero delphi,Hard Skill,0,6,0.0,6.292408209495244e-05,-6.292408209495244e-05
object oriented development environment software,Hard Skill,0,6,0.0,6.292408209495244e-05,-6.292408209495244e-05
software as a service saas,Hard Skill,0,6,0.0,6.292408209495244e-05,-6.292408209495244e-05
intuit quickbooks point of sale,Hard Skill,0,6,0.0,6.292408209495244e-05,-6.292408209495244e-05
netscape navigator,Hard Skill,0,6,0.0,6.292408209495244e-05,-6.292408209495244e-05
gnu image manipulation program gimp,Hard Skill,0,6,0.0,6.292408209495244e-05,-6.292408209495244e-05
nuance dragon naturallyspeaking,Hard Skill,0,6,0.0,6.292408209495244e-05,-6.292408209495244e-05
ibm middleware,Hard Skill,0,6,0.0,6.292408209495244e-05,-6.292408209495244e-05
basic local alignment search tool blast,Hard Skill,0,6,0.0,6.292408209495244e-05,-6.292408209495244e-05
procore software,Hard Skill,0,6,0.0,6.292408209495244e-05,-6.292408209495244e-05
microsoft team foundation server,Hard Skill,0,6,0.0,6.292408209495244e-05,-6.292408209495244e-05
oracle sql developer,Hard Skill,0,6,0.0,6.292408209495244e-05,-6.292408209495244e-05
root cause analysis software,Hard Skill,0,6,0.0,6.292408209495244e-05,-6.292408209495244e-05
google earth pro,Hard Skill,0,6,0.0,6.292408209495244e-05,-6.292408209495244e-05
act!,Hard Skill,0,7,0.0,7.341142911077784e-05,-7.341142911077784e-05
statcom patient flow logistics enterprise suite,Hard Skill,0,7,0.0,7.341142911077784e-05,-7.341142911077784e-05
web conferencing software,Hard Skill,0,7,0.0,7.341142911077784e-05,-7.341142911077784e-05
amkai amkaicharts,Hard Skill,0,7,0.0,7.341142911077784e-05,-7.341142911077784e-05
operational data store ods software,Hard Skill,0,7,0.0,7.341142911077784e-05,-7.341142911077784e-05
version control software,Hard Skill,0,7,0.0,7.341142911077784e-05,-7.341142911077784e-05
sap businessobjects data integrator,Hard Skill,0,7,0.0,7.341142911077784e-05,-7.341142911077784e-05
poll everywhere,Hard Skill,0,7,0.0,7.341142911077784e-05,-7.341142911077784e-05
edpuzzle,Hard Skill,0,7,0.0,7.341142911077784e-05,-7.341142911077784e-05
access management software,Hard Skill,0,7,0.0,7.341142911077784e-05,-7.341142911077784e-05
typescript,Hard Skill,0,7,0.0,7.341142911077784e-05,-7.341142911077784e-05
route mapping software,Hard Skill,0,7,0.0,7.341142911077784e-05,-7.341142911077784e-05
web application software,Hard Skill,0,7,0.0,7.341142911077784e-05,-7.341142911077784e-05
help desk software,Hard Skill,0,7,0.0,7.341142911077784e-05,-7.341142911077784e-05
electronic data interchange edi software,Hard Skill,0,7,0.0,7.341142911077784e-05,-7.341142911077784e-05
autodesk land desktop,Hard Skill,0,7,0.0,7.341142911077784e-05,-7.341142911077784e-05
sap powerbuilder,Hard Skill,0,7,0.0,7.341142911077784e-05,-7.341142911077784e-05
hcss heavybid,Hard Skill,0,7,0.0,7.341142911077784e-05,-7.341142911077784e-05
hypertext preprocessor php,Hard Skill,0,7,0.0,7.341142911077784e-05,-7.341142911077784e-05
cisco systems ciscoworks,Hard Skill,0,7,0.0,7.341142911077784e-05,-7.341142911077784e-05
user interface design software,Hard Skill,0,7,0.0,7.341142911077784e-05,-7.341142911077784e-05
records management software,Hard Skill,0,7,0.0,7.341142911077784e-05,-7.341142911077784e-05
apple iwork keynote,Hard Skill,0,7,0.0,7.341142911077784e-05,-7.341142911077784e-05
real time operating system rtos software,Hard Skill,0,7,0.0,7.341142911077784e-05,-7.341142911077784e-05
golden software surfer,Hard Skill,0,7,0.0,7.341142911077784e-05,-7.341142911077784e-05
dassault systemes abaqus,Hard Skill,0,7,0.0,7.341142911077784e-05,-7.341142911077784e-05
data logging software,Hard Skill,0,7,0.0,7.341142911077784e-05,-7.341142911077784e-05
reporting software,Hard Skill,0,7,0.0,7.341142911077784e-05,-7.341142911077784e-05
requirements management software,Hard Skill,0,7,0.0,7.341142911077784e-05,-7.341142911077784e-05
ibm websphere mq,Hard Skill,0,7,0.0,7.341142911077784e-05,-7.341142911077784e-05
g-code,Hard Skill,0,7,0.0,7.341142911077784e-05,-7.341142911077784e-05
solarwinds,Hard Skill,0,7,0.0,7.341142911077784e-05,-7.341142911077784e-05
dbase,Hard Skill,0,7,0.0,7.341142911077784e-05,-7.341142911077784e-05
microsoft frontpage,Hard Skill,0,7,0.0,7.341142911077784e-05,-7.341142911077784e-05
medscribbler enterprise,Hard Skill,0,7,0.0,7.341142911077784e-05,-7.341142911077784e-05
image analysis software,Hard Skill,0,7,0.0,7.341142911077784e-05,-7.341142911077784e-05
business software applications,Hard Skill,0,7,0.0,7.341142911077784e-05,-7.341142911077784e-05
aptech systems gauss,Hard Skill,0,7,0.0,7.341142911077784e-05,-7.341142911077784e-05
appletree,Hard Skill,0,7,0.0,7.341142911077784e-05,-7.341142911077784e-05
ibm rational rose xde,Hard Skill,0,7,0.0,7.341142911077784e-05,-7.341142911077784e-05
adobe acrobat reader,Hard Skill,0,7,0.0,7.341142911077784e-05,-7.341142911077784e-05
finite element analysis fea software,Hard Skill,0,7,0.0,7.341142911077784e-05,-7.341142911077784e-05
plexis software plexis pos,Hard Skill,0,7,0.0,7.341142911077784e-05,-7.341142911077784e-05
student information systems sis software,Hard Skill,0,8,0.0,8.389877612660325e-05,-8.389877612660325e-05
microfour practicestudio.net emr,Hard Skill,0,8,0.0,8.389877612660325e-05,-8.389877612660325e-05
social media software,Hard Skill,0,8,0.0,8.389877612660325e-05,-8.389877612660325e-05
google cloud software,Hard Skill,0,8,0.0,8.389877612660325e-05,-8.389877612660325e-05
google sheets,Hard Skill,0,8,0.0,8.389877612660325e-05,-8.389877612660325e-05
rockware arcmap,Hard Skill,0,8,0.0,8.389877612660325e-05,-8.389877612660325e-05
amazon kinesis,Hard Skill,0,8,0.0,8.389877612660325e-05,-8.389877612660325e-05
web server software,Hard Skill,0,8,0.0,8.389877612660325e-05,-8.389877612660325e-05
alteryx software,Hard Skill,0,8,0.0,8.389877612660325e-05,-8.389877612660325e-05
online databases,Hard Skill,0,8,0.0,8.389877612660325e-05,-8.389877612660325e-05
easycbm,Hard Skill,0,8,0.0,8.389877612660325e-05,-8.389877612660325e-05
hcss heavyjob,Hard Skill,0,8,0.0,8.389877612660325e-05,-8.389877612660325e-05
blogging software,Hard Skill,0,8,0.0,8.389877612660325e-05,-8.389877612660325e-05
employee scheduling software,Hard Skill,0,8,0.0,8.389877612660325e-05,-8.389877612660325e-05
customer information databases,Hard Skill,0,8,0.0,8.389877612660325e-05,-8.389877612660325e-05
autodesk 3ds max,Hard Skill,0,8,0.0,8.389877612660325e-05,-8.389877612660325e-05
sage 300 construction and real estate,Hard Skill,0,8,0.0,8.389877612660325e-05,-8.389877612660325e-05
screen magnification software,Hard Skill,0,8,0.0,8.389877612660325e-05,-8.389877612660325e-05
data mining software,Hard Skill,0,8,0.0,8.389877612660325e-05,-8.389877612660325e-05
database management software,Hard Skill,0,8,0.0,8.389877612660325e-05,-8.389877612660325e-05
text to speech software,Hard Skill,0,8,0.0,8.389877612660325e-05,-8.389877612660325e-05
interface definition language idl,Hard Skill,0,8,0.0,8.389877612660325e-05,-8.389877612660325e-05
texas medical software springcharts emr,Hard Skill,0,8,0.0,8.389877612660325e-05,-8.389877612660325e-05
maintenance record software,Hard Skill,0,8,0.0,8.389877612660325e-05,-8.389877612660325e-05
ibm rational clearquest,Hard Skill,0,8,0.0,8.389877612660325e-05,-8.389877612660325e-05
ibm maximo asset management,Hard Skill,0,8,0.0,8.389877612660325e-05,-8.389877612660325e-05
ibm rational clearcase,Hard Skill,0,8,0.0,8.389877612660325e-05,-8.389877612660325e-05
cnc mastercam,Hard Skill,0,8,0.0,8.389877612660325e-05,-8.389877612660325e-05
tadpoles,Hard Skill,0,8,0.0,8.389877612660325e-05,-8.389877612660325e-05
ansys fluent,Hard Skill,0,8,0.0,8.389877612660325e-05,-8.389877612660325e-05
computer aided dispatch software,Hard Skill,0,8,0.0,8.389877612660325e-05,-8.389877612660325e-05
canu,Hard Skill,0,8,0.0,8.389877612660325e-05,-8.389877612660325e-05
cpr visual estimator,Hard Skill,0,8,0.0,8.389877612660325e-05,-8.389877612660325e-05
quizlet,Hard Skill,0,8,0.0,8.389877612660325e-05,-8.389877612660325e-05
thomson reuters westlaw,Hard Skill,0,8,0.0,8.389877612660325e-05,-8.389877612660325e-05
corel quattropro,Hard Skill,0,8,0.0,8.389877612660325e-05,-8.389877612660325e-05
rapid prototyping software,Hard Skill,0,8,0.0,8.389877612660325e-05,-8.389877612660325e-05
automated installation software,Hard Skill,0,8,0.0,8.389877612660325e-05,-8.389877612660325e-05
healthfusion meditouch,Hard Skill,0,9,0.0,9.438612314242865e-05,-9.438612314242865e-05
hec-ras,Hard Skill,0,9,0.0,9.438612314242865e-05,-9.438612314242865e-05
simplifymd,Hard Skill,0,9,0.0,9.438612314242865e-05,-9.438612314242865e-05
system testing software,Hard Skill,0,9,0.0,9.438612314242865e-05,-9.438612314242865e-05
allscripts pm,Hard Skill,0,9,0.0,9.438612314242865e-05,-9.438612314242865e-05
mastercam computer-aided design and manufacturing software,Hard Skill,0,9,0.0,9.438612314242865e-05,-9.438612314242865e-05
synamed emr,Hard Skill,0,9,0.0,9.438612314242865e-05,-9.438612314242865e-05
mckesson practice plus,Hard Skill,0,9,0.0,9.438612314242865e-05,-9.438612314242865e-05
software libraries,Hard Skill,0,9,0.0,9.438612314242865e-05,-9.438612314242865e-05
epic practice management,Hard Skill,0,9,0.0,9.438612314242865e-05,-9.438612314242865e-05
google gmail,Hard Skill,0,9,0.0,9.438612314242865e-05,-9.438612314242865e-05
carecloud central,Hard Skill,0,9,0.0,9.438612314242865e-05,-9.438612314242865e-05
oracle java 2 platform enterprise edition j2ee,Hard Skill,0,9,0.0,9.438612314242865e-05,-9.438612314242865e-05
snort,Hard Skill,0,9,0.0,9.438612314242865e-05,-9.438612314242865e-05
oracle hris,Hard Skill,0,9,0.0,9.438612314242865e-05,-9.438612314242865e-05
canva,Hard Skill,0,9,0.0,9.438612314242865e-05,-9.438612314242865e-05
border gateway protocol bgp,Hard Skill,0,9,0.0,9.438612314242865e-05,-9.438612314242865e-05
cerner powerworks practice management,Hard Skill,0,9,0.0,9.438612314242865e-05,-9.438612314242865e-05
esri arcgis,Hard Skill,0,9,0.0,9.438612314242865e-05,-9.438612314242865e-05
cerner millennium,Hard Skill,0,9,0.0,9.438612314242865e-05,-9.438612314242865e-05
adobe flex,Hard Skill,0,9,0.0,9.438612314242865e-05,-9.438612314242865e-05
wrshealth emr,Hard Skill,0,9,0.0,9.438612314242865e-05,-9.438612314242865e-05
ge healthcare centricity practice solution,Hard Skill,0,9,0.0,9.438612314242865e-05,-9.438612314242865e-05
storage area network san software,Hard Skill,0,9,0.0,9.438612314242865e-05,-9.438612314242865e-05
figma,Hard Skill,0,9,0.0,9.438612314242865e-05,-9.438612314242865e-05
laboratory information system lis,Hard Skill,0,9,0.0,9.438612314242865e-05,-9.438612314242865e-05
corel painter,Hard Skill,0,9,0.0,9.438612314242865e-05,-9.438612314242865e-05
autodesk inventor,Hard Skill,0,9,0.0,9.438612314242865e-05,-9.438612314242865e-05
modernizing medicine practice management,Hard Skill,0,9,0.0,9.438612314242865e-05,-9.438612314242865e-05
sap adaptive server enterprise,Hard Skill,0,9,0.0,9.438612314242865e-05,-9.438612314242865e-05
tiktok,Hard Skill,0,9,0.0,9.438612314242865e-05,-9.438612314242865e-05
corel paint shop pro,Hard Skill,0,9,0.0,9.438612314242865e-05,-9.438612314242865e-05
nextgen healthcare nextgen practice management,Hard Skill,0,9,0.0,9.438612314242865e-05,-9.438612314242865e-05
human resource information system (hris),Hard Skill,0,9,0.0,9.438612314242865e-05,-9.438612314242865e-05
ios health systems medios ehr,Hard Skill,0,9,0.0,9.438612314242865e-05,-9.438612314242865e-05
kahoot!,Hard Skill,0,9,0.0,9.438612314242865e-05,-9.438612314242865e-05
sas jmp,Hard Skill,0,9,0.0,9.438612314242865e-05,-9.438612314242865e-05
kareo practice management,Hard Skill,0,9,0.0,9.438612314242865e-05,-9.438612314242865e-05
avid technology pro tools,Hard Skill,0,9,0.0,9.438612314242865e-05,-9.438612314242865e-05
athenahealth athenacollector,Hard Skill,0,9,0.0,9.438612314242865e-05,-9.438612314242865e-05
aveva intouch hmi,Hard Skill,0,9,0.0,9.438612314242865e-05,-9.438612314242865e-05
automatic data processing advancedmd ehr,Hard Skill,0,9,0.0,9.438612314242865e-05,-9.438612314242865e-05
screencast-o-matic,Hard Skill,0,9,0.0,9.438612314242865e-05,-9.438612314242865e-05
screen reader software,Hard Skill,0,9,0.0,9.438612314242865e-05,-9.438612314242865e-05
vitera healthcare solutions vitera intergy,Hard Skill,0,9,0.0,9.438612314242865e-05,-9.438612314242865e-05
children's educational software,Hard Skill,0,9,0.0,9.438612314242865e-05,-9.438612314242865e-05
microsoft internet information services (iis),Hard Skill,0,9,0.0,9.438612314242865e-05,-9.438612314242865e-05
graphical user interface gui design software,Hard Skill,0,9,0.0,9.438612314242865e-05,-9.438612314242865e-05
ibm terraform,Hard Skill,0,9,0.0,9.438612314242865e-05,-9.438612314242865e-05
benchmark systems benchmark clinical ehr,Hard Skill,0,9,0.0,9.438612314242865e-05,-9.438612314242865e-05
simulation program with integrated circuit emphasis spice,Hard Skill,0,9,0.0,9.438612314242865e-05,-9.438612314242865e-05
hms,Hard Skill,0,9,0.0,9.438612314242865e-05,-9.438612314242865e-05
apple imovie,Hard Skill,0,9,0.0,9.438612314242865e-05,-9.438612314242865e-05
relational database software,Hard Skill,0,10,0.0,0.00010487347015825407,-0.00010487347015825407
microsoft edge,Hard Skill,0,10,0.0,0.00010487347015825407,-0.00010487347015825407
adobe framemaker,Hard Skill,0,10,0.0,0.00010487347015825407,-0.00010487347015825407
microfocus groupwise,Hard Skill,0,10,0.0,0.00010487347015825407,-0.00010487347015825407
1cadcam unigraphics,Hard Skill,0,10,0.0,0.00010487347015825407,-0.00010487347015825407
nextgen healthcare information systems emr,Hard Skill,0,10,0.0,0.00010487347015825407,-0.00010487347015825407
human machine interface hmi software,Hard Skill,0,10,0.0,0.00010487347015825407,-0.00010487347015825407
siemens nx,Hard Skill,0,10,0.0,0.00010487347015825407,-0.00010487347015825407
distributed control system dcs,Hard Skill,0,10,0.0,0.00010487347015825407,-0.00010487347015825407
ansys simulation software,Hard Skill,0,10,0.0,0.00010487347015825407,-0.00010487347015825407
maintenance management software,Hard Skill,0,10,0.0,0.00010487347015825407,-0.00010487347015825407
intrado schoolmessenger,Hard Skill,0,10,0.0,0.00010487347015825407,-0.00010487347015825407
instagram,Hard Skill,0,10,0.0,0.00010487347015825407,-0.00010487347015825407
salesforce.com salesforce crm,Hard Skill,0,10,0.0,0.00010487347015825407,-0.00010487347015825407
galactek eclipse,Hard Skill,0,10,0.0,0.00010487347015825407,-0.00010487347015825407
encryption software,Hard Skill,0,10,0.0,0.00010487347015825407,-0.00010487347015825407
electronic health record ehr software,Hard Skill,0,10,0.0,0.00010487347015825407,-0.00010487347015825407
edmodo,Hard Skill,0,10,0.0,0.00010487347015825407,-0.00010487347015825407
prolog,Hard Skill,0,10,0.0,0.00010487347015825407,-0.00010487347015825407
statistical analysis software,Hard Skill,0,10,0.0,0.00010487347015825407,-0.00010487347015825407
microsoft visual foxpro,Hard Skill,0,10,0.0,0.00010487347015825407,-0.00010487347015825407
data acquisition software,Hard Skill,0,10,0.0,0.00010487347015825407,-0.00010487347015825407
mcneel rhinoceros 3d,Hard Skill,0,11,0.0,0.00011536081717407947,-0.00011536081717407947
handheld computer device software,Hard Skill,0,11,0.0,0.00011536081717407947,-0.00011536081717407947
wevideo,Hard Skill,0,11,0.0,0.00011536081717407947,-0.00011536081717407947
adobe audition,Hard Skill,0,11,0.0,0.00011536081717407947,-0.00011536081717407947
google android,Hard Skill,0,11,0.0,0.00011536081717407947,-0.00011536081717407947
restful api,Hard Skill,0,11,0.0,0.00011536081717407947,-0.00011536081717407947
ada,Hard Skill,0,11,0.0,0.00011536081717407947,-0.00011536081717407947
patient management software,Hard Skill,0,11,0.0,0.00011536081717407947,-0.00011536081717407947
chartware emr,Hard Skill,0,11,0.0,0.00011536081717407947,-0.00011536081717407947
greenway medical technologies primesuite,Hard Skill,0,11,0.0,0.00011536081717407947,-0.00011536081717407947
sun microsystems java,Hard Skill,0,11,0.0,0.00011536081717407947,-0.00011536081717407947
national crime information center (ncic) database,Hard Skill,0,11,0.0,0.00011536081717407947,-0.00011536081717407947
finite element method fem software,Hard Skill,0,11,0.0,0.00011536081717407947,-0.00011536081717407947
statistica,Hard Skill,0,12,0.0,0.00012584816418990488,-0.00012584816418990488
operational databases,Hard Skill,0,12,0.0,0.00012584816418990488,-0.00012584816418990488
e-mds software,Hard Skill,0,12,0.0,0.00012584816418990488,-0.00012584816418990488
magellan firmware,Hard Skill,0,12,0.0,0.00012584816418990488,-0.00012584816418990488
henry schein dentrix,Hard Skill,0,12,0.0,0.00012584816418990488,-0.00012584816418990488
allscripts professional ehr,Hard Skill,0,12,0.0,0.00012584816418990488,-0.00012584816418990488
parentsquare,Hard Skill,0,13,0.0,0.0001363355112057303,-0.0001363355112057303
patient electronic medical record emr software,Hard Skill,0,13,0.0,0.0001363355112057303,-0.0001363355112057303
video editing software,Hard Skill,0,13,0.0,0.0001363355112057303,-0.0001363355112057303
recordkeeping software,Hard Skill,0,13,0.0,0.0001363355112057303,-0.0001363355112057303
timekeeping software,Hard Skill,0,13,0.0,0.0001363355112057303,-0.0001363355112057303
financial accounting software,Hard Skill,0,13,0.0,0.0001363355112057303,-0.0001363355112057303
quicken,Hard Skill,0,13,0.0,0.0001363355112057303,-0.0001363355112057303
kronos workforce timekeeper,Hard Skill,0,13,0.0,0.0001363355112057303,-0.0001363355112057303
workday software,Hard Skill,0,13,0.0,0.0001363355112057303,-0.0001363355112057303
mentimeter,Hard Skill,0,13,0.0,0.0001363355112057303,-0.0001363355112057303
oracle primavera systems,Hard Skill,0,13,0.0,0.0001363355112057303,-0.0001363355112057303
ibm db2,Hard Skill,0,13,0.0,0.0001363355112057303,-0.0001363355112057303
simulation software,Hard Skill,0,13,0.0,0.0001363355112057303,-0.0001363355112057303
debugging software,Hard Skill,0,13,0.0,0.0001363355112057303,-0.0001363355112057303
soapware emr,Hard Skill,0,13,0.0,0.0001363355112057303,-0.0001363355112057303
bookkeeping software,Hard Skill,0,14,0.0,0.00014682285822155568,-0.00014682285822155568
turtle creek software goldenseal,Hard Skill,0,14,0.0,0.00014682285822155568,-0.00014682285822155568
jenkins ci,Hard Skill,0,14,0.0,0.00014682285822155568,-0.00014682285822155568
kubernetes,Hard Skill,0,14,0.0,0.00014682285822155568,-0.00014682285822155568
adobe freehand mx,Hard Skill,0,14,0.0,0.00014682285822155568,-0.00014682285822155568
autodesk maya,Hard Skill,0,14,0.0,0.00014682285822155568,-0.00014682285822155568
spring boot,Hard Skill,0,14,0.0,0.00014682285822155568,-0.00014682285822155568
geomechanical design analysis gda software,Hard Skill,0,14,0.0,0.00014682285822155568,-0.00014682285822155568
salesforce visualforce,Hard Skill,0,14,0.0,0.00014682285822155568,-0.00014682285822155568
microsoft asp.net core mvc,Hard Skill,0,14,0.0,0.00014682285822155568,-0.00014682285822155568
microsoft active directory,Hard Skill,0,14,0.0,0.00014682285822155568,-0.00014682285822155568
seesaw,Hard Skill,0,14,0.0,0.00014682285822155568,-0.00014682285822155568
red hat openshift,Hard Skill,0,14,0.0,0.00014682285822155568,-0.00014682285822155568
enterprise application integration eai software,Hard Skill,0,14,0.0,0.00014682285822155568,-0.00014682285822155568
common curriculum,Hard Skill,0,14,0.0,0.00014682285822155568,-0.00014682285822155568
adobe premiere pro,Hard Skill,0,15,0.0,0.0001573102052373811,-0.0001573102052373811
microsoft visual c# .net,Hard Skill,0,15,0.0,0.0001573102052373811,-0.0001573102052373811
maplesoft maple,Hard Skill,0,15,0.0,0.0001573102052373811,-0.0001573102052373811
loom,Hard Skill,0,15,0.0,0.0001573102052373811,-0.0001573102052373811
backbone.javascript,Hard Skill,0,15,0.0,0.0001573102052373811,-0.0001573102052373811
leica geosystems erdas imagine,Hard Skill,0,15,0.0,0.0001573102052373811,-0.0001573102052373811
practice management software pms,Hard Skill,0,16,0.0,0.0001677975522532065,-0.0001677975522532065
management information systems mis,Hard Skill,0,16,0.0,0.0001677975522532065,-0.0001677975522532065
document management system software,Hard Skill,0,16,0.0,0.0001677975522532065,-0.0001677975522532065
ext javascript,Hard Skill,0,16,0.0,0.0001677975522532065,-0.0001677975522532065
oracle fusion middleware,Hard Skill,0,16,0.0,0.0001677975522532065,-0.0001677975522532065
hibernate orm,Hard Skill,0,16,0.0,0.0001677975522532065,-0.0001677975522532065
spring framework,Hard Skill,0,16,0.0,0.0001677975522532065,-0.0001677975522532065
react,Hard Skill,0,16,0.0,0.0001677975522532065,-0.0001677975522532065
jupyter notebook,Hard Skill,0,16,0.0,0.0001677975522532065,-0.0001677975522532065
cost estimating software,Hard Skill,0,16,0.0,0.0001677975522532065,-0.0001677975522532065
inventory control software,Hard Skill,0,16,0.0,0.0001677975522532065,-0.0001677975522532065
cisco ios,Hard Skill,0,16,0.0,0.0001677975522532065,-0.0001677975522532065
payroll software,Hard Skill,0,17,0.0,0.00017828489926903192,-0.00017828489926903192
logmein gotowebinar,Hard Skill,0,17,0.0,0.00017828489926903192,-0.00017828489926903192
apple keynote,Hard Skill,0,17,0.0,0.00017828489926903192,-0.00017828489926903192
apple ios,Hard Skill,0,17,0.0,0.00017828489926903192,-0.00017828489926903192
padlet,Hard Skill,0,17,0.0,0.00017828489926903192,-0.00017828489926903192
jamboard,Hard Skill,0,17,0.0,0.00017828489926903192,-0.00017828489926903192
microsoft visual basic.net,Hard Skill,0,17,0.0,0.00017828489926903192,-0.00017828489926903192
esri arcinfo,Hard Skill,0,17,0.0,0.00017828489926903192,-0.00017828489926903192
microsoft activex,Hard Skill,0,18,0.0,0.0001887722462848573,-0.0001887722462848573
laboratory information management system lims,Hard Skill,0,18,0.0,0.0001887722462848573,-0.0001887722462848573
objective c,Hard Skill,0,18,0.0,0.0001887722462848573,-0.0001887722462848573
hubspot software,Hard Skill,0,18,0.0,0.0001887722462848573,-0.0001887722462848573
servicenow,Hard Skill,0,18,0.0,0.0001887722462848573,-0.0001887722462848573
bizmatics prognocis emr,Hard Skill,0,18,0.0,0.0001887722462848573,-0.0001887722462848573
warehouse management system wms,Hard Skill,0,18,0.0,0.0001887722462848573,-0.0001887722462848573
oracle jdbc,Hard Skill,0,18,0.0,0.0001887722462848573,-0.0001887722462848573
apple safari,Hard Skill,0,19,0.0,0.00019925959330068272,-0.00019925959330068272
transact-sql,Hard Skill,0,19,0.0,0.00019925959330068272,-0.00019925959330068272
microsoft sql server integration services ssis,Hard Skill,0,19,0.0,0.00019925959330068272,-0.00019925959330068272
amazon simple storage service s3,Hard Skill,0,19,0.0,0.00019925959330068272,-0.00019925959330068272
amazon web services amazon web services cloudformation,Hard Skill,0,19,0.0,0.00019925959330068272,-0.00019925959330068272
insightful s-plus,Hard Skill,0,19,0.0,0.00019925959330068272,-0.00019925959330068272
screencastify,Hard Skill,0,19,0.0,0.00019925959330068272,-0.00019925959330068272
inventory management software,Hard Skill,0,19,0.0,0.00019925959330068272,-0.00019925959330068272
schoology,Hard Skill,0,19,0.0,0.00019925959330068272,-0.00019925959330068272
mathworks simulink,Hard Skill,0,19,0.0,0.00019925959330068272,-0.00019925959330068272
sap businessobjects crystal reports,Hard Skill,0,19,0.0,0.00019925959330068272,-0.00019925959330068272
google angular,Hard Skill,0,19,0.0,0.00019925959330068272,-0.00019925959330068272
evernote,Hard Skill,0,19,0.0,0.00019925959330068272,-0.00019925959330068272
atlassian bamboo,Hard Skill,0,20,0.0,0.00020974694031650814,-0.00020974694031650814
apache ant,Hard Skill,0,20,0.0,0.00020974694031650814,-0.00020974694031650814
common business oriented language cobol,Hard Skill,0,20,0.0,0.00020974694031650814,-0.00020974694031650814
firewall software,Hard Skill,0,20,0.0,0.00020974694031650814,-0.00020974694031650814
appointment scheduling software,Hard Skill,0,20,0.0,0.00020974694031650814,-0.00020974694031650814
red hat wildfly,Hard Skill,0,20,0.0,0.00020974694031650814,-0.00020974694031650814
nearpod,Hard Skill,0,20,0.0,0.00020974694031650814,-0.00020974694031650814
junit,Hard Skill,0,20,0.0,0.00020974694031650814,-0.00020974694031650814
adobe pagemaker,Hard Skill,0,20,0.0,0.00020974694031650814,-0.00020974694031650814
3m post-it app,Hard Skill,0,20,0.0,0.00020974694031650814,-0.00020974694031650814
microsoft sharepoint server,Hard Skill,0,20,0.0,0.00020974694031650814,-0.00020974694031650814
amazon dynamodb,Hard Skill,0,20,0.0,0.00020974694031650814,-0.00020974694031650814
mathsoft mathcad,Hard Skill,0,20,0.0,0.00020974694031650814,-0.00020974694031650814
google sites,Hard Skill,0,20,0.0,0.00020974694031650814,-0.00020974694031650814
blink,Hard Skill,0,20,0.0,0.00020974694031650814,-0.00020974694031650814
project management software,Hard Skill,0,20,0.0,0.00020974694031650814,-0.00020974694031650814
django,Hard Skill,0,21,0.0,0.00022023428733233355,-0.00022023428733233355
hewlett packard loadrunner,Hard Skill,0,21,0.0,0.00022023428733233355,-0.00022023428733233355
enterprise javabeans,Hard Skill,0,21,0.0,0.00022023428733233355,-0.00022023428733233355
microsoft asp.net,Hard Skill,0,21,0.0,0.00022023428733233355,-0.00022023428733233355
structure query language sql,Hard Skill,0,21,0.0,0.00022023428733233355,-0.00022023428733233355
wordpress,Hard Skill,0,21,0.0,0.00022023428733233355,-0.00022023428733233355
kornshell,Hard Skill,0,21,0.0,0.00022023428733233355,-0.00022023428733233355
apache maven,Hard Skill,0,21,0.0,0.00022023428733233355,-0.00022023428733233355
voice over internet protocol voip system software,Hard Skill,0,21,0.0,0.00022023428733233355,-0.00022023428733233355
microsoft onenote,Hard Skill,0,21,0.0,0.00022023428733233355,-0.00022023428733233355
programmable logic controller plc software,Hard Skill,0,21,0.0,0.00022023428733233355,-0.00022023428733233355
quarkxpress,Hard Skill,0,21,0.0,0.00022023428733233355,-0.00022023428733233355
chef,Hard Skill,0,21,0.0,0.00022023428733233355,-0.00022023428733233355
lamp stack,Hard Skill,0,21,0.0,0.00022023428733233355,-0.00022023428733233355
desktop publishing software,Hard Skill,0,22,0.0,0.00023072163434815894,-0.00023072163434815894
google classroom,Hard Skill,0,22,0.0,0.00023072163434815894,-0.00023072163434815894
computer aided design and drafting software cadd,Hard Skill,0,22,0.0,0.00023072163434815894,-0.00023072163434815894
data visualization software,Hard Skill,0,22,0.0,0.00023072163434815894,-0.00023072163434815894
ge healthcare centricity emr,Hard Skill,0,22,0.0,0.00023072163434815894,-0.00023072163434815894
selenium,Hard Skill,0,22,0.0,0.00023072163434815894,-0.00023072163434815894
ubuntu,Hard Skill,0,22,0.0,0.00023072163434815894,-0.00023072163434815894
mapping software,Hard Skill,0,22,0.0,0.00023072163434815894,-0.00023072163434815894
billing software,Hard Skill,0,22,0.0,0.00023072163434815894,-0.00023072163434815894
facetime,Hard Skill,0,23,0.0,0.00024120898136398435,-0.00024120898136398435
job control language jcl,Hard Skill,0,23,0.0,0.00024120898136398435,-0.00024120898136398435
hewlett packard hp-ux,Hard Skill,0,23,0.0,0.00024120898136398435,-0.00024120898136398435
veritas netbackup,Hard Skill,0,23,0.0,0.00024120898136398435,-0.00024120898136398435
flipgrid,Hard Skill,0,23,0.0,0.00024120898136398435,-0.00024120898136398435
advanced business application programming abap,Hard Skill,0,23,0.0,0.00024120898136398435,-0.00024120898136398435
vmware,Hard Skill,0,23,0.0,0.00024120898136398435,-0.00024120898136398435
nagios,Hard Skill,0,23,0.0,0.00024120898136398435,-0.00024120898136398435
ruby on rails,Hard Skill,0,23,0.0,0.00024120898136398435,-0.00024120898136398435
apache tomcat,Hard Skill,0,23,0.0,0.00024120898136398435,-0.00024120898136398435
logmein gotomeeting,Hard Skill,0,24,0.0,0.00025169632837980976,-0.00025169632837980976
oracle pl/sql,Hard Skill,0,24,0.0,0.00025169632837980976,-0.00025169632837980976
skype,Hard Skill,0,24,0.0,0.00025169632837980976,-0.00025169632837980976
verilog,Hard Skill,0,24,0.0,0.00025169632837980976,-0.00025169632837980976
apache struts,Hard Skill,0,24,0.0,0.00025169632837980976,-0.00025169632837980976
twitter,Hard Skill,0,24,0.0,0.00025169632837980976,-0.00025169632837980976
apache subversion svn,Hard Skill,0,24,0.0,0.00025169632837980976,-0.00025169632837980976
node.javascript,Hard Skill,0,24,0.0,0.00025169632837980976,-0.00025169632837980976
corel coreldraw graphics suite,Hard Skill,0,24,0.0,0.00025169632837980976,-0.00025169632837980976
mozilla firefox,Hard Skill,0,24,0.0,0.00025169632837980976,-0.00025169632837980976
quest erwin data modeler,Hard Skill,0,24,0.0,0.00025169632837980976,-0.00025169632837980976
airtable,Hard Skill,0,24,0.0,0.00025169632837980976,-0.00025169632837980976
apache groovy,Hard Skill,0,24,0.0,0.00025169632837980976,-0.00025169632837980976
google slides,Hard Skill,0,25,0.0,0.0002621836753956352,-0.0002621836753956352
dropbox,Hard Skill,0,25,0.0,0.0002621836753956352,-0.0002621836753956352
unified modeling language uml,Hard Skill,0,25,0.0,0.0002621836753956352,-0.0002621836753956352
ajax,Hard Skill,0,25,0.0,0.0002621836753956352,-0.0002621836753956352
swift,Hard Skill,0,25,0.0,0.0002621836753956352,-0.0002621836753956352
elasticsearch,Hard Skill,0,25,0.0,0.0002621836753956352,-0.0002621836753956352
amazon elastic compute cloud ec2,Hard Skill,0,25,0.0,0.0002621836753956352,-0.0002621836753956352
work scheduling software,Hard Skill,0,25,0.0,0.0002621836753956352,-0.0002621836753956352
oracle weblogic server,Hard Skill,0,25,0.0,0.0002621836753956352,-0.0002621836753956352
unix shell,Hard Skill,0,25,0.0,0.0002621836753956352,-0.0002621836753956352
adp workforce now,Hard Skill,0,26,0.0,0.0002726710224114606,-0.0002726710224114606
ibm infosphere datastage,Hard Skill,0,26,0.0,0.0002726710224114606,-0.0002726710224114606
ibm websphere,Hard Skill,0,26,0.0,0.0002726710224114606,-0.0002726710224114606
red hat enterprise linux,Hard Skill,0,26,0.0,0.0002726710224114606,-0.0002726710224114606
javascript object notation json,Hard Skill,0,26,0.0,0.0002726710224114606,-0.0002726710224114606
google workspace software,Hard Skill,0,26,0.0,0.0002726710224114606,-0.0002726710224114606
oracle javaserver pages jsp,Hard Skill,0,26,0.0,0.0002726710224114606,-0.0002726710224114606
apache solr,Hard Skill,0,26,0.0,0.0002726710224114606,-0.0002726710224114606
data entry software,Hard Skill,0,27,0.0,0.000283158369427286,-0.000283158369427286
computer aided design and drafting cadd software,Hard Skill,0,27,0.0,0.000283158369427286,-0.000283158369427286
microsoft windows server,Hard Skill,0,27,0.0,0.000283158369427286,-0.000283158369427286
software development tools,Hard Skill,0,27,0.0,0.000283158369427286,-0.000283158369427286
jquery,Hard Skill,0,27,0.0,0.000283158369427286,-0.000283158369427286
slack,Hard Skill,0,27,0.0,0.000283158369427286,-0.000283158369427286
groupme,Hard Skill,0,27,0.0,0.000283158369427286,-0.000283158369427286
apache kafka,Hard Skill,0,27,0.0,0.000283158369427286,-0.000283158369427286
cisco webex,Hard Skill,0,27,0.0,0.000283158369427286,-0.000283158369427286
integrated development environment ide software,Hard Skill,0,27,0.0,0.000283158369427286,-0.000283158369427286
wireshark,Hard Skill,0,28,0.0,0.00029364571644311136,-0.00029364571644311136
perforce helix software,Hard Skill,0,28,0.0,0.00029364571644311136,-0.00029364571644311136
go,Hard Skill,0,28,0.0,0.00029364571644311136,-0.00029364571644311136
apache http server,Hard Skill,0,28,0.0,0.00029364571644311136,-0.00029364571644311136
ibm lotus notes,Hard Skill,0,28,0.0,0.00029364571644311136,-0.00029364571644311136
dynamic hypertext markup language dhtml,Hard Skill,0,28,0.0,0.00029364571644311136,-0.00029364571644311136
ibm lotus 1-2-3,Hard Skill,0,28,0.0,0.00029364571644311136,-0.00029364571644311136
inventory management systems,Hard Skill,0,28,0.0,0.00029364571644311136,-0.00029364571644311136
oracle solaris,Hard Skill,0,28,0.0,0.00029364571644311136,-0.00029364571644311136
internet browser software,Hard Skill,0,28,0.0,0.00029364571644311136,-0.00029364571644311136
puppet,Hard Skill,0,28,0.0,0.00029364571644311136,-0.00029364571644311136
microsoft powershell,Hard Skill,0,29,0.0,0.0003041330634589368,-0.0003041330634589368
oracle eloqua,Hard Skill,0,29,0.0,0.0003041330634589368,-0.0003041330634589368
oracle taleo,Hard Skill,0,29,0.0,0.0003041330634589368,-0.0003041330634589368
customer information control system cics,Hard Skill,0,29,0.0,0.0003041330634589368,-0.0003041330634589368
ansible software,Hard Skill,0,29,0.0,0.0003041330634589368,-0.0003041330634589368
apache cassandra,Hard Skill,0,29,0.0,0.0003041330634589368,-0.0003041330634589368
point of sale pos software,Hard Skill,0,29,0.0,0.0003041330634589368,-0.0003041330634589368
accounting software,Hard Skill,0,29,0.0,0.0003041330634589368,-0.0003041330634589368
formula translation/translator fortran,Hard Skill,0,30,0.0,0.0003146204104747622,-0.0003146204104747622
marketo marketing automation,Hard Skill,0,30,0.0,0.0003146204104747622,-0.0003146204104747622
relational database management software,Hard Skill,0,30,0.0,0.0003146204104747622,-0.0003146204104747622
autodesk autocad civil 3d,Hard Skill,0,30,0.0,0.0003146204104747622,-0.0003146204104747622
wolfram research mathematica,Hard Skill,0,30,0.0,0.0003146204104747622,-0.0003146204104747622
google ads,Hard Skill,0,30,0.0,0.0003146204104747622,-0.0003146204104747622
virtual private networking vpn software,Hard Skill,0,30,0.0,0.0003146204104747622,-0.0003146204104747622
microsoft teams,Hard Skill,0,30,0.0,0.0003146204104747622,-0.0003146204104747622
computerized maintenance management system cmms,Hard Skill,0,30,0.0,0.0003146204104747622,-0.0003146204104747622
microsoft .net framework,Hard Skill,0,31,0.0,0.0003251077574905876,-0.0003251077574905876
eclipse ide,Hard Skill,0,31,0.0,0.0003251077574905876,-0.0003251077574905876
apache hive,Hard Skill,0,31,0.0,0.0003251077574905876,-0.0003251077574905876
extensible hypertext markup language xhtml,Hard Skill,0,31,0.0,0.0003251077574905876,-0.0003251077574905876
electronic medical record emr software,Hard Skill,0,32,0.0,0.000335595104506413,-0.000335595104506413
yardi software,Hard Skill,0,32,0.0,0.000335595104506413,-0.000335595104506413
moodle,Hard Skill,0,32,0.0,0.000335595104506413,-0.000335595104506413
citrix cloud computing software,Hard Skill,0,32,0.0,0.000335595104506413,-0.000335595104506413
presentation software,Hard Skill,0,33,0.0,0.00034608245152223843,-0.00034608245152223843
apache pig,Hard Skill,0,33,0.0,0.00034608245152223843,-0.00034608245152223843
eko,Hard Skill,0,33,0.0,0.00034608245152223843,-0.00034608245152223843
microsoft sql server reporting services ssrs,Hard Skill,0,33,0.0,0.00034608245152223843,-0.00034608245152223843
adobe actionscript,Hard Skill,0,33,0.0,0.00034608245152223843,-0.00034608245152223843
ruby,Hard Skill,0,33,0.0,0.00034608245152223843,-0.00034608245152223843
tax software,Hard Skill,0,34,0.0,0.00035656979853806385,-0.00035656979853806385
microsoft visual basic scripting edition vbscript,Hard Skill,0,34,0.0,0.00035656979853806385,-0.00035656979853806385
atlassian confluence,Hard Skill,0,34,0.0,0.00035656979853806385,-0.00035656979853806385
global positioning system gps software,Hard Skill,0,34,0.0,0.00035656979853806385,-0.00035656979853806385
computer aided manufacturing cam software,Hard Skill,0,34,0.0,0.00035656979853806385,-0.00035656979853806385
github,Hard Skill,0,35,0.0,0.0003670571455538892,-0.0003670571455538892
mcafee,Hard Skill,0,35,0.0,0.0003670571455538892,-0.0003670571455538892
bash,Hard Skill,0,35,0.0,0.0003670571455538892,-0.0003670571455538892
cascading style sheets css,Hard Skill,0,35,0.0,0.0003670571455538892,-0.0003670571455538892
fund accounting software,Hard Skill,0,36,0.0,0.0003775444925697146,-0.0003775444925697146
ibm power systems software,Hard Skill,0,36,0.0,0.0003775444925697146,-0.0003775444925697146
trimble sketchup pro,Hard Skill,0,37,0.0,0.00038803183958554003,-0.00038803183958554003
nortonlifelock cybersecurity software,Hard Skill,0,37,0.0,0.00038803183958554003,-0.00038803183958554003
image scanning software,Hard Skill,0,37,0.0,0.00038803183958554003,-0.00038803183958554003
course management system software,Hard Skill,0,38,0.0,0.00039851918660136545,-0.00039851918660136545
oracle fusion applications,Hard Skill,0,38,0.0,0.00039851918660136545,-0.00039851918660136545
doc cop,Hard Skill,0,38,0.0,0.00039851918660136545,-0.00039851918660136545
sakai cle,Hard Skill,0,38,0.0,0.00039851918660136545,-0.00039851918660136545
iparadigms turnitin,Hard Skill,0,38,0.0,0.00039851918660136545,-0.00039851918660136545
drupal,Hard Skill,0,39,0.0,0.00040900653361719086,-0.00040900653361719086
ibm domino,Hard Skill,0,39,0.0,0.00040900653361719086,-0.00040900653361719086
customer relationship management crm software,Hard Skill,0,39,0.0,0.00040900653361719086,-0.00040900653361719086
collaborative editing software,Hard Skill,0,39,0.0,0.00040900653361719086,-0.00040900653361719086
desire2learn lms software,Hard Skill,0,39,0.0,0.00040900653361719086,-0.00040900653361719086
autodesk revit,Hard Skill,0,39,0.0,0.00040900653361719086,-0.00040900653361719086
medical condition coding software,Hard Skill,0,40,0.0,0.0004194938806330163,-0.0004194938806330163
esri arcview,Hard Skill,0,40,0.0,0.0004194938806330163,-0.0004194938806330163
blackboard learn,Hard Skill,0,40,0.0,0.0004194938806330163,-0.0004194938806330163
statistical software,Hard Skill,0,40,0.0,0.0004194938806330163,-0.0004194938806330163
healthcare common procedure coding system hcpcs,Hard Skill,0,40,0.0,0.0004194938806330163,-0.0004194938806330163
google analytics,Hard Skill,0,40,0.0,0.0004194938806330163,-0.0004194938806330163
splunk enterprise,Hard Skill,0,40,0.0,0.0004194938806330163,-0.0004194938806330163
apache hadoop,Hard Skill,0,41,0.0,0.0004299812276488417,-0.0004299812276488417
adobe after effects,Hard Skill,0,41,0.0,0.0004299812276488417,-0.0004299812276488417
oracle peoplesoft financials,Hard Skill,0,41,0.0,0.0004299812276488417,-0.0004299812276488417
sage 50 accounting,Hard Skill,0,42,0.0,0.0004404685746646671,-0.0004404685746646671
google meet,Hard Skill,0,42,0.0,0.0004404685746646671,-0.0004404685746646671
ptc creo parametric,Hard Skill,0,43,0.0,0.00045095592168049246,-0.00045095592168049246
shell script,Hard Skill,0,43,0.0,0.00045095592168049246,-0.00045095592168049246
social media sites,Hard Skill,0,43,0.0,0.00045095592168049246,-0.00045095592168049246
delphi technology,Hard Skill,0,43,0.0,0.00045095592168049246,-0.00045095592168049246
blackbaud the raiser's edge,Hard Skill,0,44,0.0,0.0004614432686963179,-0.0004614432686963179
smugmug flickr,Hard Skill,0,44,0.0,0.0004614432686963179,-0.0004614432686963179
human resource management software hrms,Hard Skill,0,44,0.0,0.0004614432686963179,-0.0004614432686963179
sap crystal reports,Hard Skill,0,44,0.0,0.0004614432686963179,-0.0004614432686963179
oracle business intelligence enterprise edition,Hard Skill,0,45,0.0,0.0004719306157121433,-0.0004719306157121433
microsoft visual basic for applications vba,Hard Skill,0,45,0.0,0.0004719306157121433,-0.0004719306157121433
oracle e-business suite financials,Hard Skill,0,45,0.0,0.0004719306157121433,-0.0004719306157121433
apple final cut pro,Hard Skill,0,45,0.0,0.0004719306157121433,-0.0004719306157121433
medical procedure coding software,Hard Skill,0,45,0.0,0.0004719306157121433,-0.0004719306157121433
inventory tracking software,Hard Skill,0,45,0.0,0.0004719306157121433,-0.0004719306157121433
microstrategy,Hard Skill,0,46,0.0,0.0004824179627279687,-0.0004824179627279687
microsoft visual studio,Hard Skill,0,46,0.0,0.0004824179627279687,-0.0004824179627279687
php,Hard Skill,0,47,0.0,0.0004929053097437941,-0.0004929053097437941
learning management system lms,Hard Skill,0,47,0.0,0.0004929053097437941,-0.0004929053097437941
git,Hard Skill,0,47,0.0,0.0004929053097437941,-0.0004929053097437941
calendar and scheduling software,Hard Skill,0,47,0.0,0.0004929053097437941,-0.0004929053097437941
bentley microstation,Hard Skill,0,48,0.0,0.0005033926567596195,-0.0005033926567596195
microsoft azure software,Hard Skill,0,48,0.0,0.0005033926567596195,-0.0005033926567596195
eclinicalworks ehr software,Hard Skill,0,48,0.0,0.0005033926567596195,-0.0005033926567596195
netsuite erp,Hard Skill,0,48,0.0,0.0005033926567596195,-0.0005033926567596195
microsoft active server pages asp,Hard Skill,0,49,0.0,0.0005138800037754449,-0.0005138800037754449
qlik tech qlikview,Hard Skill,0,49,0.0,0.0005138800037754449,-0.0005138800037754449
microsoft dynamics gp,Hard Skill,0,49,0.0,0.0005138800037754449,-0.0005138800037754449
mysql,Hard Skill,0,50,0.0,0.0005243673507912704,-0.0005243673507912704
sap business objects,Hard Skill,0,51,0.0,0.0005348546978070957,-0.0005348546978070957
zoom,Hard Skill,0,51,0.0,0.0005348546978070957,-0.0005348546978070957
oracle hyperion,Hard Skill,0,51,0.0,0.0005348546978070957,-0.0005348546978070957
amazon web services amazon web services software,Hard Skill,0,52,0.0,0.0005453420448229212,-0.0005453420448229212
graphics software,Hard Skill,0,52,0.0,0.0005453420448229212,-0.0005453420448229212
ibm cognos impromptu,Hard Skill,0,53,0.0,0.0005558293918387465,-0.0005558293918387465
atlassian jira,Hard Skill,0,53,0.0,0.0005558293918387465,-0.0005558293918387465
teradata database,Hard Skill,0,53,0.0,0.0005558293918387465,-0.0005558293918387465
linkedin,Hard Skill,0,53,0.0,0.0005558293918387465,-0.0005558293918387465
statacorp stata,Hard Skill,0,54,0.0,0.000566316738854572,-0.000566316738854572
c#,Hard Skill,0,54,0.0,0.000566316738854572,-0.000566316738854572
apple macos,Hard Skill,0,57,0.0,0.0005977787799020482,-0.0005977787799020482
blackboard software,Hard Skill,0,57,0.0,0.0005977787799020482,-0.0005977787799020482
lexisnexis,Hard Skill,0,57,0.0,0.0005977787799020482,-0.0005977787799020482
oracle primavera enterprise project portfolio management,Hard Skill,0,57,0.0,0.0005977787799020482,-0.0005977787799020482
dassault systemes solidworks,Hard Skill,0,58,0.0,0.0006082661269178736,-0.0006082661269178736
microsoft exchange,Hard Skill,0,59,0.0,0.000618753473933699,-0.000618753473933699
adobe dreamweaver,Hard Skill,0,59,0.0,0.000618753473933699,-0.000618753473933699
dassault systemes catia,Hard Skill,0,60,0.0,0.0006292408209495244,-0.0006292408209495244
geographic information system gis systems,Hard Skill,0,60,0.0,0.0006292408209495244,-0.0006292408209495244
microsoft internet explorer,Hard Skill,0,61,0.0,0.0006397281679653499,-0.0006397281679653499
national instruments labview,Hard Skill,0,62,0.0,0.0006502155149811752,-0.0006502155149811752
supervisory control and data acquisition scada software,Hard Skill,0,62,0.0,0.0006502155149811752,-0.0006502155149811752
corel wordperfect office suite,Hard Skill,0,63,0.0,0.0006607028619970006,-0.0006607028619970006
epic systems,Hard Skill,0,63,0.0,0.0006607028619970006,-0.0006607028619970006
google drive,Hard Skill,0,64,0.0,0.000671190209012826,-0.000671190209012826
computer aided design cad software,Hard Skill,0,66,0.0,0.0006921649030444769,-0.0006921649030444769
perl,Hard Skill,0,66,0.0,0.0006921649030444769,-0.0006921649030444769
oracle jd edwards enterpriseone,Hard Skill,0,69,0.0,0.000723626944091953,-0.000723626944091953
scheduling software,Hard Skill,0,70,0.0,0.0007341142911077784,-0.0007341142911077784
minitab,Hard Skill,0,70,0.0,0.0007341142911077784,-0.0007341142911077784
geographic information system gis software,Hard Skill,0,71,0.0,0.0007446016381236039,-0.0007446016381236039
operating system software,Hard Skill,0,72,0.0,0.0007550889851394292,-0.0007550889851394292
enterprise resource planning erp software,Hard Skill,0,73,0.0,0.0007655763321552547,-0.0007655763321552547
youtube,Hard Skill,0,74,0.0,0.0007760636791710801,-0.0007760636791710801
meditech software,Hard Skill,0,77,0.0,0.0008075257202185564,-0.0008075257202185564
hypertext markup language html,Hard Skill,0,78,0.0,0.0008180130672343817,-0.0008180130672343817
adobe creative cloud software,Hard Skill,0,78,0.0,0.0008180130672343817,-0.0008180130672343817
oracle peoplesoft,Hard Skill,0,79,0.0,0.0008285004142502071,-0.0008285004142502071
javascript,Hard Skill,0,84,0.0,0.0008809371493293342,-0.0008809371493293342
intuit quickbooks,Hard Skill,0,84,0.0,0.0008809371493293342,-0.0008809371493293342
oracle database,Hard Skill,0,87,0.0,0.0009123991903768104,-0.0009123991903768104
adobe indesign,Hard Skill,0,87,0.0,0.0009123991903768104,-0.0009123991903768104
salesforce software,Hard Skill,0,87,0.0,0.0009123991903768104,-0.0009123991903768104
extensible markup language xml,Hard Skill,0,87,0.0,0.0009123991903768104,-0.0009123991903768104
unix,Hard Skill,0,89,0.0,0.0009333738844084612,-0.0009333738844084612
ibm spss statistics,Hard Skill,0,92,0.0,0.0009648359254559374,-0.0009648359254559374
esri arcgis software,Hard Skill,0,93,0.0,0.0009753232724717629,-0.0009753232724717629
microsoft publisher,Hard Skill,0,94,0.0,0.0009858106194875881,-0.0009858106194875881
microsoft sql server,Hard Skill,0,94,0.0,0.0009858106194875881,-0.0009858106194875881
filemaker pro,Hard Skill,0,95,0.0,0.0009962979665034137,-0.0009962979665034137
microsoft visual basic,Hard Skill,0,96,0.0,0.001006785313519239,-0.001006785313519239
oracle java,Hard Skill,0,99,0.0,0.0010382473545667154,-0.0010382473545667154
adobe illustrator,Hard Skill,0,100,0.0,0.0010487347015825407,-0.0010487347015825407
ibm notes,Hard Skill,0,104,0.0,0.0010906840896458424,-0.0010906840896458424
google docs,Hard Skill,0,106,0.0,0.001111658783677493,-0.001111658783677493
c++,Hard Skill,0,110,0.0,0.0011536081717407947,-0.0011536081717407947
the mathworks matlab,Hard Skill,0,111,0.0,0.00116409551875662,-0.00116409551875662
microsoft dynamics,Hard Skill,0,118,0.0,0.001237506947867398,-0.001237506947867398
linux,Hard Skill,0,122,0.0,0.0012794563359306997,-0.0012794563359306997
facebook,Hard Skill,0,135,0.0,0.0014157918471364298,-0.0014157918471364298
spreadsheet software,Hard Skill,0,140,0.0,0.0014682285822155568,-0.0014682285822155568
adobe photoshop,Hard Skill,0,144,0.0,0.0015101779702788585,-0.0015101779702788585
microsoft visio,Hard Skill,0,149,0.0,0.0015626147053579855,-0.0015626147053579855
structured query language sql,Hard Skill,0,151,0.0,0.0015835893993896364,-0.0015835893993896364
adobe acrobat,Hard Skill,0,165,0.0,0.0017304122576111921,-0.0017304122576111921
database software,Hard Skill,0,166,0.0,0.0017408996046270175,-0.0017408996046270175
microsoft sharepoint,Hard Skill,0,166,0.0,0.0017408996046270175,-0.0017408996046270175
autodesk autocad,Hard Skill,0,171,0.0,0.0017933363397061445,-0.0017933363397061445
microsoft project,Hard Skill,0,201,0.0,0.002107956750180907,-0.002107956750180907
microsoft windows,Hard Skill,0,241,0.0,0.002527450630813923,-0.002527450630813923
email software,Hard Skill,0,276,0.0,0.002894507776367812,-0.002894507776367812
sap software,Hard Skill,0,283,0.0,0.00296791920547859,-0.00296791920547859
word processing software,Hard Skill,0,297,0.0,0.0031147420637001456,-0.0031147420637001456
microsoft access,Hard Skill,0,372,0.0,0.0039012930898870515,-0.0039012930898870515
web browser software,Hard Skill,0,431,0.0,0.00452004656382075,-0.00452004656382075
microsoft powerpoint,Hard Skill,0,629,0.0,0.006596541272954181,-0.006596541272954181
microsoft outlook,Hard Skill,0,642,0.0,0.006732876784159911,-0.006732876784159911
microsoft word,Hard Skill,0,784,0.0,0.008222080060407118,-0.008222080060407118
microsoft office software,Hard Skill,0,817,0.0,0.008568162511929357,-0.008568162511929357
troubleshooting,Hard Skill,1,1788,0.010101010101010102,0.018751376464295828,-0.008650366363285726
writing,Soft Skill,1,1788,0.010101010101010102,0.018751376464295828,-0.008650366363285726
microsoft excel,Hard Skill,0,859,0.0,0.009008631086594025,-0.009008631086594025
mathematics,Hard Skill,0,1788,0.0,0.018751376464295828,-0.018751376464295828
operations analysis,Hard Skill,0,1788,0.0,0.018751376464295828,-0.018751376464295828
operations monitoring,Hard Skill,0,1788,0.0,0.018751376464295828,-0.018751376464295828
systems evaluation,Hard Skill,0,1788,0.0,0.018751376464295828,-0.018751376464295828
operation and control,Hard Skill,0,1788,0.0,0.018751376464295828,-0.018751376464295828
management of material resources,Soft Skill,0,1788,0.0,0.018751376464295828,-0.018751376464295828
speaking,Soft Skill,0,1788,0.0,0.018751376464295828,-0.018751376464295828
repairing,Hard Skill,0,1788,0.0,0.018751376464295828,-0.018751376464295828
management of personnel resources,Soft Skill,0,1788,0.0,0.018751376464295828,-0.018751376464295828
technology design,Hard Skill,0,1788,0.0,0.018751376464295828,-0.018751376464295828
management of financial resources,Soft Skill,0,1788,0.0,0.018751376464295828,-0.018751376464295828
systems analysis,Hard Skill,0,1788,0.0,0.018751376464295828,-0.018751376464295828
service orientation,Soft Skill,0,1788,0.0,0.018751376464295828,-0.018751376464295828
instructing,Soft Skill,0,1788,0.0,0.018751376464295828,-0.018751376464295828
critical thinking,Soft Skill,0,1788,0.0,0.018751376464295828,-0.018751376464295828
negotiation,Soft Skill,0,1788,0.0,0.018751376464295828,-0.018751376464295828
quality control analysis,Hard Skill,0,1788,0.0,0.018751376464295828,-0.018751376464295828
programming,Hard Skill,0,1788,0.0,0.018751376464295828,-0.018751376464295828
complex problem solving,Soft Skill,0,1788,0.0,0.018751376464295828,-0.018751376464295828
equipment maintenance,Hard Skill,0,1788,0.0,0.018751376464295828,-0.018751376464295828
time management,Soft Skill,0,1788,0.0,0.018751376464295828,-0.018751376464295828
equipment selection,Hard Skill,0,1788,0.0,0.018751376464295828,-0.018751376464295828
social perceptiveness,Soft Skill,0,1788,0.0,0.018751376464295828,-0.018751376464295828
judgment and decision making,Soft Skill,0,1788,0.0,0.018751376464295828,-0.018751376464295828
reading comprehension,Hard Skill,0,1788,0.0,0.018751376464295828,-0.018751376464295828
learning strategies,Soft Skill,0,1788,0.0,0.018751376464295828,-0.018751376464295828
persuasion,Soft Skill,0,1788,0.0,0.018751376464295828,-0.018751376464295828
active listening,Soft Skill,0,1788,0.0,0.018751376464295828,-0.018751376464295828
active learning,Soft Skill,0,1788,0.0,0.018751376464295828,-0.018751376464295828
